_tools/cmd/checkmodpaths	resolve	1	0	300	9
_tools/customlint/bitclear.go	resolve	1	0	210	11
_tools/customlint/checkchildren.go	resolve	1	0	230	48
_tools/customlint/cleanup.go	resolve	1	0	200	15
_tools/customlint/emptycase.go	resolve	1	0	204	15
_tools/customlint/forbidparentaccess.go	resolve	1	0	206	5
_tools/customlint/plugin.go	resolve	1	0	207	2
_tools/customlint/plugin_test.go	resolve	1	0	217	42
_tools/customlint/shadow.go	resolve	1	0	216	43
_tools/customlint/testdata	resolve	10	0	228	123
_tools/customlint/unexportedapi.go	resolve	1	0	217	66
_tools/gen-proto/main.go	resolve	1	0	231	117
_tools/gen-proto/main_test.go	resolve	1	0	207	7
cmd/tsgo/api.go	resolve	1	0	205	19
cmd/tsgo/enablevtprocessing_windows.go	resolve	1	0	205	1
cmd/tsgo/isprocessalive_other.go	resolve	1	0	198	1
cmd/tsgo/isprocessalive_unix.go	resolve	1	0	202	4
cmd/tsgo/isprocessalive_windows.go	resolve	1	0	207	2
cmd/tsgo/lsp.go	resolve	1	0	205	21
cmd/tsgo/main.go	resolve	1	0	208	10
cmd/tsgo/sys.go	resolve	1	0	211	21
cmd/tsgo/sys_unix_test.go	resolve	1	0	206	10
internal/api/callbackfs.go	resolve	1	0	202	41
internal/api/encoder	resolve	8	0	274	2060
internal/api/jsonvalue_test.go	resolve	1	0	206	8
internal/api/proto.go	resolve	1	0	230	312
internal/api/proto_test.go	resolve	1	0	199	13
internal/api/protocol_msgpack.go	resolve	1	0	199	29
internal/api/server.go	resolve	1	0	200	17
internal/api/session.go	resolve	1	0	300	929
internal/api/session_apistate_test.go	resolve	1	0	219	41
internal/api/session_completion_test.go	resolve	1	0	203	20
internal/api/session_temporary_test.go	resolve	1	0	206	40
internal/api/session_textedit_test.go	resolve	1	0	205	8
internal/api/stringer_generated.go	resolve	1	0	201	4
internal/ast/ast.go	resolve	1	0	280	498
internal/ast/ast_generated.go	resolve	1	0	562	1384
internal/ast/checkflags.go	resolve	1	0	224	0
internal/ast/deepclone.go	resolve	1	0	205	6
internal/ast/deepclone_test.go	resolve	1	0	223	14
internal/ast/diagnostic.go	resolve	1	0	219	129
internal/ast/diagnostic_test.go	resolve	1	0	207	17
internal/ast/flow.go	resolve	1	0	210	9
internal/ast/functionflags.go	resolve	1	0	202	0
internal/ast/ids.go	resolve	1	0	209	0
internal/ast/kind_generated.go	resolve	1	0	211	0
internal/ast/kind_stringer_generated.go	resolve	1	0	224	4
internal/ast/modifierflags.go	resolve	1	0	206	0
internal/ast/nodeflags.go	resolve	1	0	210	0
internal/ast/parseoptions.go	resolve	1	0	207	11
internal/ast/positionmap.go	resolve	1	0	201	8
internal/ast/positionmap_test.go	resolve	1	0	203	39
internal/ast/precedence.go	resolve	1	0	215	5
internal/ast/subtreefacts.go	resolve	1	0	204	4
internal/ast/symbol.go	resolve	1	0	213	6
internal/ast/symbolflags.go	resolve	1	0	204	0
internal/ast/tokenflags.go	resolve	1	0	202	0
internal/ast/utilities.go	resolve	1	0	314	500
internal/ast/utilities_bench_test.go	resolve	1	0	203	9
internal/ast/visitor.go	resolve	1	0	216	29
internal/astnav/testmain_test.go	resolve	1	0	198	3
internal/astnav/tokens.go	resolve	1	0	229	90
internal/astnav/tokens_test.go	resolve	1	0	211	84
internal/binder/binder.go	resolve	1	0	273	629
internal/binder/binder_test.go	resolve	1	0	218	9
internal/binder/nameresolver.go	resolve	1	0	212	44
internal/binder/referenceresolver.go	resolve	1	0	203	32
internal/bundled/bundled.go	resolve	1	0	195	8
internal/bundled/bundled_test.go	resolve	1	0	197	10
internal/bundled/embed.go	resolve	1	0	196	22
internal/bundled/embed_generated.go	resolve	1	0	204	217
internal/bundled/generate.go	resolve	1	0	218	24
internal/bundled/libs_generated.go	resolve	1	0	204	0
internal/bundled/noembed.go	resolve	1	0	202	9
internal/checker/checker.go	resolve	1	0	1245	7480
internal/checker/checker_test.go	resolve	1	0	237	18
internal/checker/emitresolver.go	resolve	1	0	269	105
internal/checker/exports.go	resolve	1	0	249	4
internal/checker/flow.go	resolve	1	0	337	433
internal/checker/grammarchecks.go	resolve	1	0	349	395
internal/checker/inference.go	resolve	1	0	290	243
internal/checker/jsdoc.go	resolve	1	0	215	21
internal/checker/jsx.go	resolve	1	0	274	179
internal/checker/links.go	resolve	1	0	235	8
internal/checker/mapper.go	resolve	1	0	353	64
internal/checker/nodebuilder.go	resolve	1	0	383	74
internal/checker/nodebuilder_hover.go	resolve	1	0	276	117
internal/checker/nodebuilderimpl.go	resolve	1	0	363	529
internal/checker/nodebuilderscopes.go	resolve	1	0	349	14
internal/checker/nodecopy.go	resolve	1	0	272	73
internal/checker/printer.go	resolve	1	0	251	64
internal/checker/pseudotypenodebuilder.go	resolve	1	0	249	76
internal/checker/relater.go	resolve	1	0	415	757
internal/checker/services.go	resolve	1	0	289	101
internal/checker/stringer_generated.go	resolve	1	0	257	4
internal/checker/symbolaccessibility.go	resolve	1	0	267	118
internal/checker/symboltracker.go	resolve	1	0	243	12
internal/checker/tracer.go	resolve	1	0	254	38
internal/checker/tracer_test.go	resolve	1	0	217	14
internal/checker/types.go	resolve	1	0	235	145
internal/checker/utilities.go	resolve	1	0	261	148
internal/collections/cow.go	resolve	1	0	216	7
internal/collections/multimap.go	resolve	1	0	206	13
internal/collections/ordered_map.go	resolve	1	0	208	36
internal/collections/ordered_map_test.go	resolve	1	0	214	26
internal/collections/ordered_set.go	resolve	1	0	211	1
internal/collections/ordered_set_test.go	resolve	1	0	212	6
internal/collections/set.go	resolve	1	0	210	17
internal/collections/syncmap.go	resolve	1	0	220	4
internal/collections/syncmap_test.go	resolve	1	0	215	3
internal/collections/syncset.go	resolve	1	0	203	4
internal/compiler/checkerpool.go	resolve	1	0	220	90
internal/compiler/checkerpool_test.go	resolve	1	0	215	7
internal/compiler/contentmapper_test.go	resolve	1	0	224	42
internal/compiler/emitHost.go	resolve	1	0	219	26
internal/compiler/emit_test.go	resolve	1	0	219	18
internal/compiler/emitter.go	resolve	1	0	225	87
internal/compiler/fileInclude.go	resolve	1	0	273	45
internal/compiler/fileloader.go	resolve	1	0	331	166
internal/compiler/filesparser.go	resolve	1	0	240	89
internal/compiler/host.go	resolve	1	0	224	21
internal/compiler/includeprocessor.go	resolve	1	0	230	18
internal/compiler/pkg.go	resolve	1	0	228	0
internal/compiler/processingDiagnostic.go	resolve	1	0	214	23
internal/compiler/program.go	resolve	1	0	286	393
internal/compiler/program_test.go	resolve	1	0	201	23
internal/compiler/projectreferencedtsfakinghost.go	resolve	1	0	210	59
internal/compiler/projectreferencefilemapper.go	resolve	1	0	213	25
internal/compiler/projectreferenceparser.go	resolve	1	0	206	27
internal/contentmapper/contentmapper.go	resolve	1	0	207	30
internal/contentmapper/host.go	resolve	1	0	209	24
internal/contentmapper/host_test.go	resolve	1	0	240	221
internal/contentmapper/hostimpl.go	resolve	1	0	253	236
internal/contentmapper/transform.go	resolve	1	0	234	18
internal/contentmapper/transform_test.go	resolve	1	0	232	11
internal/core/arena.go	resolve	1	0	268	20
internal/core/bfs.go	resolve	1	0	206	28
internal/core/bfs_test.go	resolve	1	0	268	7
internal/core/binarysearch.go	resolve	1	0	260	1
internal/core/buildoptions.go	resolve	1	0	304	0
internal/core/compileroptions.go	resolve	1	0	370	33
internal/core/context.go	resolve	1	0	378	1
internal/core/core.go	resolve	1	0	378	129
internal/core/languagevariant.go	resolve	1	0	276	0
internal/core/languagevariant_stringer_generated.go	resolve	1	0	324	4
internal/core/linkstore.go	resolve	1	0	277	12
internal/core/modulekind_stringer_generated.go	resolve	1	0	253	2
internal/core/nodemodules.go	resolve	1	0	245	5
internal/core/pattern.go	resolve	1	0	234	9
internal/core/pattern_test.go	resolve	1	0	257	6
internal/core/projectreference.go	resolve	1	0	253	2
internal/core/scriptkind.go	resolve	1	0	281	0
internal/core/scriptkind_stringer_generated.go	resolve	1	0	316	2
internal/core/scripttarget_stringer_generated.go	resolve	1	0	321	2
internal/core/semaphore.go	resolve	1	0	327	7
internal/core/stack.go	resolve	1	0	288	6
internal/core/text.go	resolve	1	0	241	24
internal/core/textchange.go	resolve	1	0	254	2
internal/core/tristate.go	resolve	1	0	288	1
internal/core/tristate_stringer_generated.go	resolve	1	0	302	4
internal/core/typeacquisition.go	resolve	1	0	292	1
internal/core/version.go	resolve	1	0	317	2
internal/core/watchoptions.go	resolve	1	0	309	4
internal/core/workgroup.go	resolve	1	0	266	14
internal/debug/debug.go	resolve	1	0	284	10
internal/debug/debug_test.go	resolve	1	0	307	3
internal/diagnostics/diagnostics.go	resolve	1	0	229	27
internal/diagnostics/diagnostics_generated.go	resolve	1	0	423	0
internal/diagnostics/diagnostics_test.go	resolve	1	0	209	4
internal/diagnostics/generate.go	resolve	1	0	291	58
internal/diagnostics/loc_generated.go	resolve	1	0	234	10
internal/diagnostics/stringer_generated.go	resolve	1	0	239	4
internal/diagnosticwriter/diagnosticwriter.go	resolve	1	0	250	175
internal/evaluator/evaluator.go	resolve	1	0	232	10
internal/execute/build	resolve	8	0	295	470
internal/execute/incremental	resolve	13	0	306	708
internal/execute/tsc	resolve	9	0	245	402
internal/execute/tsc.go	resolve	1	0	238	57
internal/execute/tsctests	resolve	12	0	311	1195
internal/execute/watcher.go	resolve	1	0	234	84
internal/execute/watchmanager	resolve	3	0	225	119
internal/format/api.go	resolve	1	0	233	21
internal/format/api_test.go	resolve	1	0	239	24
internal/format/comment_test.go	resolve	1	0	232	13
internal/format/context.go	resolve	1	0	248	18
internal/format/format_test.go	resolve	1	0	264	8
internal/format/indent.go	resolve	1	0	333	80
internal/format/indent_getindentation_test.go	resolve	1	0	467	6
internal/format/indent_test.go	resolve	1	0	348	15
internal/format/rule.go	resolve	1	0	310	10
internal/format/rulecontext.go	resolve	1	0	353	30
internal/format/rules.go	resolve	1	0	392	26
internal/format/rulesmap.go	resolve	1	0	417	20
internal/format/scanner.go	resolve	1	0	363	35
internal/format/span.go	resolve	1	0	353	135
internal/format/util.go	resolve	1	0	327	8
internal/fourslash/baselineutil.go	resolve	1	0	485	201
internal/fourslash/fourslash.go	resolve	1	0	558	1035
internal/fourslash/semantictokens.go	resolve	1	0	328	30
internal/fourslash/skip_if_failing.go	resolve	1	0	349	8
internal/fourslash/statebaseline.go	resolve	1	0	369	133
internal/fourslash/test_parser.go	resolve	1	0	410	67
internal/fourslash/tests	resolve	4359	0	3631	30854
internal/fswatch/canonicalize_darwin.go	resolve	1	0	367	0
internal/fswatch/canonicalize_other.go	resolve	1	0	330	0
internal/fswatch/debounce.go	resolve	1	0	346	25
internal/fswatch/event.go	resolve	1	0	393	40
internal/fswatch/eventlist_test.go	resolve	1	0	319	17
internal/fswatch/fallback_test.go	resolve	1	0	414	35
internal/fswatch/fanotify_linux.go	resolve	1	0	341	85
internal/fswatch/fanotify_linux_test.go	resolve	1	0	430	20
internal/fswatch/fsevents_darwin.go	resolve	1	0	386	76
internal/fswatch/fsevents_darwin_ffi.go	resolve	1	0	353	80
internal/fswatch/fsevents_darwin_ffi_arm64_test.go	resolve	1	0	421	14
internal/fswatch/fsevents_darwin_nfd_test.go	resolve	1	0	320	10
internal/fswatch/fsevents_darwin_shared_test.go	resolve	1	0	420	46
internal/fswatch/inotify_linux.go	resolve	1	0	489	46
internal/fswatch/kqueue.go	resolve	1	0	433	100
internal/fswatch/testutil_test.go	resolve	1	0	454	24
internal/fswatch/walkdir.go	resolve	1	0	692	9
internal/fswatch/walkdir_dirent_darwin.go	resolve	1	0	639	1
internal/fswatch/walkdir_dirent_fileno.go	resolve	1	0	428	1
internal/fswatch/walkdir_dirent_linux.go	resolve	1	0	428	1
internal/fswatch/walkdir_dirent_noreclen.go	resolve	1	0	381	5
internal/fswatch/walkdir_other.go	resolve	1	0	506	0
internal/fswatch/walkdir_test.go	resolve	1	0	438	19
internal/fswatch/walkdir_unix.go	resolve	1	0	445	12
internal/fswatch/walkdir_windows.go	resolve	1	0	513	8
internal/fswatch/watcher.go	resolve	1	0	354	218
internal/fswatch/watcher_test.go	resolve	1	0	502	1019
internal/fswatch/windows.go	resolve	1	0	340	42
internal/glob/glob.go	resolve	1	0	333	59
internal/ipc/conn.go	resolve	1	0	312	4
internal/ipc/conn_async.go	resolve	1	0	377	35
internal/ipc/conn_async_test.go	resolve	1	0	362	24
internal/ipc/conn_sync.go	resolve	1	0	362	22
internal/ipc/protocol.go	resolve	1	0	377	1
internal/ipc/protocol_jsonrpc.go	resolve	1	0	332	3
internal/ipc/timing.go	resolve	1	0	312	17
internal/ipc/timing_test.go	resolve	1	0	337	26
internal/ipc/transport.go	resolve	1	0	379	6
internal/ipc/transport_unix.go	resolve	1	0	383	3
internal/ipc/transport_windows.go	resolve	1	0	344	2
internal/jsnum/jsnum.go	resolve	1	0	320	63
internal/jsnum/jsnum_test.go	resolve	1	0	358	138
internal/jsnum/pseudobigint.go	resolve	1	0	391	12
internal/jsnum/pseudobigint_test.go	resolve	1	0	302	8
internal/jsnum/ryu_test.go	resolve	1	0	413	4
internal/jsnum/string.go	resolve	1	0	387	37
internal/jsnum/string_test.go	resolve	1	0	441	40
internal/json/json.go	resolve	1	0	362	14
internal/jsonrpc/baseproto.go	resolve	1	0	408	9
internal/jsonrpc/jsonrpc.go	resolve	1	0	308	17
internal/locale/locale.go	resolve	1	0	388	6
internal/ls/api.go	resolve	1	0	391	11
internal/ls/autoimport	resolve	16	0	472	1472
internal/ls/autoinsert.go	resolve	1	0	330	14
internal/ls/callhierarchy.go	resolve	1	0	393	199
internal/ls/change	resolve	3	0	358	270
internal/ls/codeactions.go	resolve	1	0	414	52
internal/ls/codeactions_fixclassincorrectlyimplementsinterface.go	resolve	1	0	468	38
internal/ls/codeactions_fixmissingtypeannotation.go	resolve	1	0	438	191
internal/ls/codeactions_importfixes.go	resolve	1	0	374	53
internal/ls/codeactions_missingmemberfixer.go	resolve	1	0	340	105
internal/ls/codelens.go	resolve	1	0	331	26
internal/ls/completions.go	resolve	1	0	558	762
internal/ls/constants.go	resolve	1	0	404	0
internal/ls/crossproject.go	resolve	1	0	363	64
internal/ls/definition.go	resolve	1	0	425	96
internal/ls/diagnostics.go	resolve	1	0	362	28
internal/ls/displaypartswriter.go	resolve	1	0	334	31
internal/ls/documenthighlights.go	resolve	1	0	421	133
internal/ls/file_rename.go	resolve	1	0	326	59
internal/ls/file_rename_test.go	resolve	1	0	273	15
internal/ls/findallreferences.go	resolve	1	0	351	353
internal/ls/findallreferences_test.go	resolve	1	0	295	25
internal/ls/folding.go	resolve	1	0	262	140
internal/ls/format.go	resolve	1	0	259	25
internal/ls/format_test.go	resolve	1	0	241	7
internal/ls/host.go	resolve	1	0	229	4
internal/ls/hover.go	resolve	1	0	284	201
internal/ls/hovericon.go	resolve	1	0	247	20
internal/ls/importTracker.go	resolve	1	0	260	90
internal/ls/inlay_hints.go	resolve	1	0	305	209
internal/ls/jsdoc.go	resolve	1	0	234	35
internal/ls/jsdoc_snippet.go	resolve	1	0	277	88
internal/ls/languageservice.go	resolve	1	0	258	19
internal/ls/linkedediting.go	resolve	1	0	321	19
internal/ls/lsconv	resolve	3	0	308	282
internal/ls/lsutil	resolve	10	0	383	398
internal/ls/organizeimports.go	resolve	1	0	264	173
internal/ls/rename.go	resolve	1	0	248	64
internal/ls/selectionranges.go	resolve	1	0	296	61
internal/ls/selectionranges_test.go	resolve	1	0	250	14
internal/ls/semantictokens.go	resolve	1	0	273	97
internal/ls/signaturehelp.go	resolve	1	0	296	187
internal/ls/source_map.go	resolve	1	0	344	25
internal/ls/sourcedefinition.go	resolve	1	0	315	135
internal/ls/string_completions.go	resolve	1	0	290	269
internal/ls/string_completions_test.go	resolve	1	0	283	2
internal/ls/symbols.go	resolve	1	0	266	93
internal/ls/utilities.go	resolve	1	0	279	106
internal/lsp/dynamic_queue.go	resolve	1	0	249	8
internal/lsp/dynamic_queue_test.go	resolve	1	0	262	10
internal/lsp/logger.go	resolve	1	0	254	14
internal/lsp/lsproto	resolve	9	0	529	2290
internal/lsp/lspwatcher	resolve	2	0	272	238
internal/lsp/progress.go	resolve	1	0	247	39
internal/lsp/progress_test.go	resolve	1	0	238	89
internal/lsp/replay_test.go	resolve	1	0	229	48
internal/lsp/server.go	resolve	1	0	291	300
internal/lsp/server_completion_test.go	resolve	1	0	241	33
internal/lsp/server_contentmapper_internal_test.go	resolve	1	0	219	7
internal/lsp/server_contentmapper_test.go	resolve	1	0	224	49
internal/lsp/server_progress_test.go	resolve	1	0	235	23
internal/lsp/server_projectinfo_test.go	resolve	1	0	246	14
internal/lsp/server_projectreference_updates_test.go	resolve	1	0	251	18
internal/lsp/server_semantictokens_test.go	resolve	1	0	224	23
internal/lsp/server_test.go	resolve	1	0	221	22
internal/lsp/stack_sanitizer.go	resolve	1	0	213	6
internal/lsp/stack_sanitizer_test.go	resolve	1	0	220	7
internal/lsp/testmain_test.go	resolve	1	0	227	3
internal/module/cache.go	resolve	1	0	229	8
internal/module/resolver.go	resolve	1	0	362	514
internal/module/resolver_test.go	resolve	1	0	267	60
internal/module/types.go	resolve	1	0	240	20
internal/module/util.go	resolve	1	0	249	19
internal/modulespecifiers/compare.go	resolve	1	0	281	1
internal/modulespecifiers/preferences.go	resolve	1	0	274	20
internal/modulespecifiers/specifiers.go	resolve	1	0	292	162
internal/modulespecifiers/specifiers_test.go	resolve	1	0	267	12
internal/modulespecifiers/types.go	resolve	1	0	242	9
internal/modulespecifiers/util.go	resolve	1	0	250	39
internal/nativepath/eintr_unix.go	resolve	1	0	242	1
internal/nativepath/realpath_darwin_test.go	resolve	1	0	251	11
internal/nativepath/realpath_linux.go	resolve	1	0	251	14
internal/nativepath/realpath_other.go	resolve	1	0	249	1
internal/nativepath/realpath_windows.go	resolve	1	0	309	16
internal/nativepath/symlink_other.go	resolve	1	0	269	2
internal/nativepath/symlink_windows.go	resolve	1	0	253	3
internal/nativepath/symlink_windows_test.go	resolve	1	0	297	17
internal/nodebuilder/types.go	resolve	1	0	246	1
internal/osutil/os_android.go	resolve	1	0	217	5
internal/osutil/os_other.go	resolve	1	0	244	1
internal/osutil/osutil.go	resolve	1	0	232	0
internal/outputpaths/commonsourcedirectory.go	resolve	1	0	254	14
internal/outputpaths/outputpaths.go	resolve	1	0	263	39
internal/outputpaths/outputpaths_test.go	resolve	1	0	267	3
internal/packagejson/cache.go	resolve	1	0	237	21
internal/packagejson/expected.go	resolve	1	0	273	4
internal/packagejson/expected_test.go	resolve	1	0	225	4
internal/packagejson/exportsorimports.go	resolve	1	0	219	12
internal/packagejson/exportsorimports_test.go	resolve	1	0	208	6
internal/packagejson/jsonvalue.go	resolve	1	0	227	12
internal/packagejson/jsonvalue_test.go	resolve	1	0	215	8
internal/packagejson/packagejson.go	resolve	1	0	316	10
internal/packagejson/packagejson_test.go	resolve	1	0	307	13
internal/packagejson/validated.go	resolve	1	0	233	0
internal/parser/jsdoc.go	resolve	1	0	272	220
internal/parser/parser.go	resolve	1	0	437	2143
internal/parser/parser_test.go	resolve	1	0	253	34
internal/parser/references.go	resolve	1	0	234	11
internal/parser/reparser.go	resolve	1	0	249	192
internal/parser/types.go	resolve	1	0	230	0
internal/parser/utilities.go	resolve	1	0	229	9
internal/pprof/pprof.go	resolve	1	0	231	20
internal/printer/changetrackerwriter.go	resolve	1	0	323	74
internal/printer/emitcontext.go	resolve	1	0	242	132
internal/printer/emitflags.go	resolve	1	0	217	0
internal/printer/emithost.go	resolve	1	0	256	4
internal/printer/emitresolver.go	resolve	1	0	252	6
internal/printer/emittextwriter.go	resolve	1	0	220	2
internal/printer/factory.go	resolve	1	0	268	125
internal/printer/generatedidentifierflags.go	resolve	1	0	249	4
internal/printer/helpers.go	resolve	1	0	217	2
internal/printer/namegenerator.go	resolve	1	0	243	79
internal/printer/namegenerator_test.go	resolve	1	0	247	6
internal/printer/printer.go	resolve	1	0	416	1966
internal/printer/printer_test.go	resolve	1	0	296	90
internal/printer/semicolon_writer.go	resolve	1	0	222	18
internal/printer/singlelinestringwriter.go	resolve	1	0	255	7
internal/printer/sourcefilemetadataprovider.go	resolve	1	0	218	2
internal/printer/syntheticfile.go	resolve	1	0	221	10
internal/printer/textwriter.go	resolve	1	0	248	25
internal/printer/utilities.go	resolve	1	0	292	114
internal/printer/utilities_test.go	resolve	1	0	257	6
internal/project/api.go	resolve	1	0	232	6
internal/project/ata	resolve	9	0	231	341
internal/project/autoimport.go	resolve	1	0	244	15
internal/project/background	resolve	2	0	249	46
internal/project/bulkcache_test.go	resolve	1	0	269	90
internal/project/checkerpool.go	resolve	1	0	235	63
internal/project/checkerpool_test.go	resolve	1	0	267	264
internal/project/client.go	resolve	1	0	277	4
internal/project/compilerhost.go	resolve	1	0	263	24
internal/project/configfilechanges_test.go	resolve	1	0	297	55
internal/project/configfileregistry.go	resolve	1	0	281	14
internal/project/configfileregistrybuilder.go	resolve	1	0	241	106
internal/project/contentmapper_test.go	resolve	1	0	256	257
internal/project/customconfigfilename_test.go	resolve	1	0	253	67
internal/project/dirty	resolve	9	0	326	198
internal/project/extendedconfigcache.go	resolve	1	0	242	11
internal/project/extendedconfigcache_test.go	resolve	1	0	309	36
internal/project/filechange.go	resolve	1	0	272	4
internal/project/logging	resolve	4	0	247	77
internal/project/overlayfs.go	resolve	1	0	340	49
internal/project/overlayfs_test.go	resolve	1	0	382	39
internal/project/ownercache.go	resolve	1	0	292	13
internal/project/parsecache.go	resolve	1	0	272	15
internal/project/programcounter.go	resolve	1	0	246	6
internal/project/project.go	resolve	1	0	281	42
internal/project/project_stringer_generated.go	resolve	1	0	284	4
internal/project/project_test.go	resolve	1	0	321	219
internal/project/projectcollection.go	resolve	1	0	316	41
internal/project/projectcollectionbuilder.go	resolve	1	0	326	165
internal/project/projectcollectionbuilder_test.go	resolve	1	0	281	130
internal/project/projectcollectiondefaultproject_test.go	resolve	1	0	243	7
internal/project/projectlifetime_test.go	resolve	1	0	283	112
internal/project/projectreferencesprogram_test.go	resolve	1	0	270	126
internal/project/refcountcache.go	resolve	1	0	263	9
internal/project/refcountcache_test.go	resolve	1	0	248	105
internal/project/session.go	resolve	1	0	312	366
internal/project/session_test.go	resolve	1	0	347	119
internal/project/snapshot.go	resolve	1	0	264	87
internal/project/snapshot_test.go	resolve	1	0	240	58
internal/project/snapshotfs.go	resolve	1	0	236	133
internal/project/snapshotfs_test.go	resolve	1	0	296	242
internal/project/testmain_test.go	resolve	1	0	277	3
internal/project/untitled_test.go	resolve	1	0	254	37
internal/project/watch.go	resolve	1	0	270	79
internal/project/watch_test.go	resolve	1	0	294	2
internal/project/watchtimeout_test.go	resolve	1	0	336	31
internal/pseudochecker/checker.go	resolve	1	0	292	0
internal/pseudochecker/lookup.go	resolve	1	0	325	117
internal/pseudochecker/type.go	resolve	1	0	352	57
internal/repo/paths.go	resolve	1	0	274	13
internal/scanner/regexp.go	resolve	1	0	365	449
internal/scanner/scanner.go	resolve	1	0	327	440
internal/scanner/scanner_test.go	resolve	1	0	298	10
internal/scanner/unicodeproperties.go	resolve	1	0	255	1
internal/scanner/utilities.go	resolve	1	0	321	23
internal/semver/version.go	resolve	1	0	282	22
internal/semver/version_range.go	resolve	1	0	257	44
internal/semver/version_range_test.go	resolve	1	0	272	30
internal/semver/version_test.go	resolve	1	0	253	5
internal/sourcemap/decoder.go	resolve	1	0	236	50
internal/sourcemap/generator.go	resolve	1	0	234	65
internal/sourcemap/generator_test.go	resolve	1	0	244	95
internal/sourcemap/lineinfo.go	resolve	1	0	222	4
internal/sourcemap/source.go	resolve	1	0	331	1
internal/sourcemap/source_mapper.go	resolve	1	0	338	42
internal/sourcemap/util.go	resolve	1	0	245	5
internal/spanmap/spanmap.go	resolve	1	0	325	152
internal/spanmap/spanmap_test.go	resolve	1	0	345	93
internal/stringutil/compare.go	resolve	1	0	311	17
internal/stringutil/generate.go	resolve	1	0	231	0
internal/stringutil/identifier.go	resolve	1	0	296	1
internal/stringutil/identifier_parts_generated.go	resolve	1	0	336	1
internal/stringutil/js_case.go	resolve	1	0	330	20
internal/stringutil/js_case_generated.go	resolve	1	0	504	2
internal/stringutil/js_case_test.go	resolve	1	0	269	1
internal/stringutil/util.go	resolve	1	0	258	45
internal/stringutil/util_test.go	resolve	1	0	291	1
internal/symlinks/knownsymlinks.go	resolve	1	0	294	28
internal/symlinks/knownsymlinks_bench_test.go	resolve	1	0	308	15
internal/symlinks/knownsymlinks_test.go	resolve	1	0	293	34
internal/testrunner/compiler_runner.go	resolve	1	0	306	77
internal/testrunner/compiler_runner_test.go	resolve	1	0	373	8
internal/testrunner/runner.go	resolve	1	0	329	2
internal/testrunner/test_case_parser.go	resolve	1	0	348	30
internal/testrunner/test_case_parser_test.go	resolve	1	0	325	4
internal/testrunner/testmain_test.go	resolve	1	0	389	3
internal/testrunner/transpile_runner.go	resolve	1	0	342	38
internal/testrunner/transpile_runner_test.go	resolve	1	0	350	1
internal/testutil/autoimporttestutil	resolve	1	0	383	132
internal/testutil/baseline	resolve	3	0	342	46
internal/testutil/contentmappertest	resolve	19	0	327	237
internal/testutil/emittestutil	resolve	1	0	291	7
internal/testutil/filefixture	resolve	1	0	300	12
internal/testutil/fixtures	resolve	1	0	268	3
internal/testutil/fsbaselineutil	resolve	1	0	276	28
internal/testutil/harnessutil	resolve	3	0	329	278
internal/testutil/jstest	resolve	1	0	289	17
internal/testutil/lsptestutil	resolve	1	0	283	55
internal/testutil/parsetestutil	resolve	1	0	251	10
internal/testutil/projecttestutil	resolve	3	0	297	68
internal/testutil/race	resolve	2	0	241	0
internal/testutil/stringtestutil	resolve	1	0	243	5
internal/testutil/testutil.go	resolve	1	0	247	10
internal/testutil/tsbaseline	resolve	8	0	295	239
internal/tracing/tracing.go	resolve	1	0	280	158
internal/tracing/tracing_test.go	resolve	1	0	262	37
internal/transformers/chain.go	resolve	1	0	245	13
internal/transformers/declarations	resolve	5	0	341	730
internal/transformers/destructuring.go	resolve	1	0	285	81
internal/transformers/estransforms	resolve	17	0	515	1828
internal/transformers/inliners	resolve	1	0	475	10
internal/transformers/jsxtransforms	resolve	1	0	388	176
internal/transformers/modifiervisitor.go	resolve	1	0	320	2
internal/transformers/moduletransforms	resolve	5	0	388	365
internal/transformers/transformer.go	resolve	1	0	339	3
internal/transformers/tstransforms	resolve	9	0	392	477
internal/transformers/utilities.go	resolve	1	0	366	25
internal/transpile/transpile.go	resolve	1	0	328	20
internal/tsoptions/commandlineoption.go	resolve	1	0	333	5
internal/tsoptions/commandlineparser.go	resolve	1	0	320	62
internal/tsoptions/commandlineparser_test.go	resolve	1	0	358	60
internal/tsoptions/contentmappers.go	resolve	1	0	356	9
internal/tsoptions/contentmappers_test.go	resolve	1	0	385	14
internal/tsoptions/decls_test.go	resolve	1	0	408	12
internal/tsoptions/declsbuild.go	resolve	1	0	284	2
internal/tsoptions/declscompiler.go	resolve	1	0	384	12
internal/tsoptions/declstypeacquisition.go	resolve	1	0	290	0
internal/tsoptions/declswatch.go	resolve	1	0	345	2
internal/tsoptions/diagnostics.go	resolve	1	0	382	4
internal/tsoptions/enummaps.go	resolve	1	0	412	4
internal/tsoptions/errors.go	resolve	1	0	400	16
internal/tsoptions/export_test.go	resolve	1	0	412	6
internal/tsoptions/namemap.go	resolve	1	0	351	5
internal/tsoptions/parsedbuildcommandline.go	resolve	1	0	408	5
internal/tsoptions/parsedcommandline.go	resolve	1	0	408	94
internal/tsoptions/parsedcommandline_test.go	resolve	1	0	350	19
internal/tsoptions/parsedoptions.go	resolve	1	0	324	2
internal/tsoptions/parsinghelpers.go	resolve	1	0	343	190
internal/tsoptions/parsinghelpers_test.go	resolve	1	0	323	6
internal/tsoptions/showconfig.go	resolve	1	0	269	44
internal/tsoptions/testmain_test.go	resolve	1	0	255	3
internal/tsoptions/tsconfigparsing.go	resolve	1	0	318	339
internal/tsoptions/tsconfigparsing_test.go	resolve	1	0	324	133
internal/tsoptions/tsoptionstest	resolve	2	0	268	14
internal/tsoptions/wildcarddirectories.go	resolve	1	0	285	13
internal/tsoptions/wildcarddirectories_test.go	resolve	1	0	292	3
internal/tspath/extension.go	resolve	1	0	317	31
internal/tspath/ignoredpaths.go	resolve	1	0	315	1
internal/tspath/ignoredpaths_test.go	resolve	1	0	346	1
internal/tspath/path.go	resolve	1	0	371	260
internal/tspath/path_test.go	resolve	1	0	393	31
internal/tspath/startsWithDirectory_test.go	resolve	1	0	355	1
internal/tspath/untitled_test.go	resolve	1	0	348	4
internal/vfs/cachedvfs	resolve	2	0	377	287
internal/vfs/internal	resolve	1	0	520	35
internal/vfs/iovfs	resolve	2	0	458	40
internal/vfs/osvfs	resolve	4	0	329	73
internal/vfs/trackingvfs	resolve	1	0	329	3
internal/vfs/vfs.go	resolve	1	0	337	2
internal/vfs/vfs_test.go	resolve	1	0	310	12
internal/vfs/vfsmatch	resolve	4	0	411	494
internal/vfs/vfsmock	resolve	3	0	314	39
internal/vfs/vfstest	resolve	2	0	297	233
internal/vfs/wrapvfs	resolve	1	0	361	3
