src/compiler/_namespaces	resolve	3	0	1003	2
src/compiler/binder.ts	resolve	1	0	407	657
src/compiler/builder.ts	resolve	1	0	382	376
src/compiler/builderPublic.ts	resolve	1	0	410	26
src/compiler/builderState.ts	resolve	1	0	448	79
src/compiler/builderStatePublic.ts	resolve	1	0	451	1
src/compiler/checker.ts	resolve	1	0	1514	12114
src/compiler/commandLineParser.ts	resolve	1	0	444	424
src/compiler/core.ts	resolve	1	0	507	194
src/compiler/corePublic.ts	resolve	1	0	385	1
src/compiler/debug.ts	resolve	1	0	435	150
src/compiler/emitter.ts	resolve	1	0	453	1712
src/compiler/executeCommandLine.ts	resolve	1	0	461	227
src/compiler/expressionToTypeNode.ts	resolve	1	0	450	202
src/compiler/factory	resolve	10	0	509	1995
src/compiler/moduleNameResolver.ts	resolve	1	0	439	837
src/compiler/moduleSpecifiers.ts	resolve	1	0	463	150
src/compiler/parser.ts	resolve	1	0	557	3762
src/compiler/path.ts	resolve	1	0	394	163
src/compiler/performance.ts	resolve	1	0	482	10
src/compiler/performanceCore.ts	resolve	1	0	462	9
src/compiler/program.ts	resolve	1	0	480	728
src/compiler/programDiagnostics.ts	resolve	1	0	424	30
src/compiler/resolutionCache.ts	resolve	1	0	440	226
src/compiler/scanner.ts	resolve	1	0	441	670
src/compiler/semver.ts	resolve	1	0	397	119
src/compiler/sourcemap.ts	resolve	1	0	420	116
src/compiler/symbolWalker.ts	resolve	1	0	403	40
src/compiler/sys.ts	resolve	1	0	432	357
src/compiler/tracing.ts	resolve	1	0	420	41
src/compiler/transformer.ts	resolve	1	0	416	37
src/compiler/transformers	resolve	26	0	526	3751
src/compiler/tsbuild.ts	resolve	1	0	479	0
src/compiler/tsbuildPublic.ts	resolve	1	0	427	522
src/compiler/types.ts	resolve	1	0	439	2665
src/compiler/utilities.ts	resolve	1	0	507	1486
src/compiler/utilitiesPublic.ts	resolve	1	0	426	177
src/compiler/visitorPublic.ts	resolve	1	0	443	44
src/compiler/watch.ts	resolve	1	0	451	83
src/compiler/watchPublic.ts	resolve	1	0	446	175
src/compiler/watchUtilities.ts	resolve	1	0	476	107
src/deprecatedCompat/_namespaces	resolve	1	0	395	0
src/deprecatedCompat/deprecate.ts	resolve	1	0	318	9
src/deprecatedCompat/deprecations.ts	resolve	1	0	375	34
src/harness/_namespaces	resolve	15	0	342	3
src/harness/client.ts	resolve	1	0	394	210
src/harness/collectionsImpl.ts	resolve	1	0	395	31
src/harness/compilerImpl.ts	resolve	1	0	418	43
src/harness/documentsUtil.ts	resolve	1	0	435	12
src/harness/evaluatorImpl.ts	resolve	1	0	457	129
src/harness/fakesHosts.ts	resolve	1	0	438	51
src/harness/findUpDir.ts	resolve	1	0	412	1
src/harness/fourslashImpl.ts	resolve	1	0	505	962
src/harness/fourslashInterfaceImpl.ts	resolve	1	0	407	469
src/harness/harnessGlobals.ts	resolve	1	0	419	2
src/harness/harnessIO.ts	resolve	1	0	414	271
src/harness/harnessLanguageService.ts	resolve	1	0	456	67
src/harness/harnessUtils.ts	resolve	1	0	407	29
src/harness/incrementalUtils.ts	resolve	1	0	362	145
src/harness/projectServiceStateLogger.ts	resolve	1	0	319	76
src/harness/runnerbase.ts	resolve	1	0	307	5
src/harness/sourceMapRecorder.ts	resolve	1	0	344	79
src/harness/tsserverLogger.ts	resolve	1	0	306	53
src/harness/typeWriter.ts	resolve	1	0	306	71
src/harness/util.ts	resolve	1	0	347	22
src/harness/vfsUtil.ts	resolve	1	0	316	407
src/harness/vpathUtil.ts	resolve	1	0	303	9
src/harness/watchUtils.ts	resolve	1	0	359	47
src/jsTyping/_namespaces	resolve	3	0	436	2
src/jsTyping/jsTyping.ts	resolve	1	0	369	52
src/jsTyping/shared.ts	resolve	1	0	727	2
src/jsTyping/types.ts	resolve	1	0	370	24
src/server/_namespaces	resolve	3	0	453	2
src/server/editorServices.ts	resolve	1	0	491	707
src/server/moduleSpecifierCache.ts	resolve	1	0	481	22
src/server/packageJsonCache.ts	resolve	1	0	482	4
src/server/project.ts	resolve	1	0	475	387
src/server/protocol.ts	resolve	1	0	385	493
src/server/scriptInfo.ts	resolve	1	0	381	74
src/server/scriptVersionCache.ts	resolve	1	0	340	155
src/server/session.ts	resolve	1	0	350	872
src/server/types.ts	resolve	1	0	332	1
src/server/typingInstallerAdapter.ts	resolve	1	0	306	11
src/server/utilities.ts	resolve	1	0	330	0
src/server/utilitiesPublic.ts	resolve	1	0	307	8
src/services/_namespaces	resolve	34	0	373	33
src/services/breakpoints.ts	resolve	1	0	344	131
src/services/callHierarchy.ts	resolve	1	0	342	137
src/services/classifier.ts	resolve	1	0	359	110
src/services/classifier2020.ts	resolve	1	0	347	24
src/services/codeFixProvider.ts	resolve	1	0	349	12
src/services/codefixes	resolve	73	0	381	2003
src/services/completions.ts	resolve	1	0	376	590
src/services/documentHighlights.ts	resolve	1	0	329	88
src/services/documentRegistry.ts	resolve	1	0	331	58
src/services/exportInfoMap.ts	resolve	1	0	316	75
src/services/findAllReferences.ts	resolve	1	0	345	374
src/services/formatting	resolve	7	0	341	559
src/services/getEditsForFileRename.ts	resolve	1	0	303	42
src/services/goToDefinition.ts	resolve	1	0	316	73
src/services/importTracker.ts	resolve	1	0	301	123
src/services/inlayHints.ts	resolve	1	0	307	236
src/services/jsDoc.ts	resolve	1	0	330	52
src/services/mapCode.ts	resolve	1	0	323	21
src/services/navigateTo.ts	resolve	1	0	331	25
src/services/navigationBar.ts	resolve	1	0	393	193
src/services/organizeImports.ts	resolve	1	0	321	122
src/services/outliningElementsCollector.ts	resolve	1	0	302	76
src/services/pasteEdits.ts	resolve	1	0	409	20
src/services/patternMatcher.ts	resolve	1	0	343	111
src/services/preProcess.ts	resolve	1	0	341	71
src/services/preparePasteEdits.ts	resolve	1	0	295	1
src/services/refactorProvider.ts	resolve	1	0	317	1
src/services/refactors	resolve	16	0	315	870
src/services/rename.ts	resolve	1	0	299	17
src/services/services.ts	resolve	1	0	313	435
src/services/signatureHelp.ts	resolve	1	0	301	82
src/services/smartSelection.ts	resolve	1	0	311	44
src/services/sourcemaps.ts	resolve	1	0	303	36
src/services/stringCompletions.ts	resolve	1	0	365	207
src/services/suggestionDiagnostics.ts	resolve	1	0	439	31
src/services/symbolDisplay.ts	resolve	1	0	435	173
src/services/textChanges.ts	resolve	1	0	428	299
src/services/transform.ts	resolve	1	0	378	0
src/services/transpile.ts	resolve	1	0	409	14
src/services/types.ts	resolve	1	0	401	102
src/services/utilities.ts	resolve	1	0	404	376
src/testRunner/_namespaces	resolve	14	0	346	4
src/testRunner/compilerRunner.ts	resolve	1	0	312	24
src/testRunner/fourslashRunner.ts	resolve	1	0	328	6
src/testRunner/parallel	resolve	3	0	334	155
src/testRunner/projectsRunner.ts	resolve	1	0	315	75
src/testRunner/runner.ts	resolve	1	0	314	26
src/testRunner/tests.ts	resolve	1	0	313	0
src/testRunner/transpileRunner.ts	resolve	1	0	323	13
src/testRunner/unittests	resolve	256	0	493	13869
src/tsc/_namespaces	resolve	1	0	327	0
src/tsc/tsc.ts	resolve	1	0	325	0
src/tsserver/common.ts	resolve	1	0	320	2
src/tsserver/nodeServer.ts	resolve	1	0	306	71
src/tsserver/server.ts	resolve	1	0	316	4
src/typescript/_namespaces	resolve	2	0	310	1
src/typescript/typescript.ts	resolve	1	0	312	4
src/typingsInstaller/nodeTypingsInstaller.ts	resolve	1	0	300	22
src/typingsInstallerCore/_namespaces	resolve	3	0	317	2
src/typingsInstallerCore/typingsInstaller.ts	resolve	1	0	324	105
src/watchGuard/watchGuard.ts	resolve	1	0	322	1
