/Users/chrishafley/go/pkg/mod/golang.org/x/tools@v0.45.0	0	1419	16636	711	
/Users/chrishafley/go/pkg/mod/golang.org/x/net@v0.35.0	0	1194	15201	639	
/Users/chrishafley/go/pkg/mod/google.golang.org/protobuf@v1.36.11	0	2936	24053	1925	
/Users/chrishafley/go/pkg/mod/golang.org/x/text@v0.22.0	0	7777	7707	301	
/Users/chrishafley/go/pkg/mod/golang.org/x/sys@v0.45.0	0	1203	11772	613	
/Users/chrishafley/go/pkg/mod/golang.org/x/sys@v0.44.0	0	1310	11688	613	
/Users/chrishafley/go/pkg/mod/golang.org/x/text@v0.3.4	124	10082	0	0	
/Users/chrishafley/go/pkg/mod/golang.org/x/sys@v0.30.0	0	768	11057	606	
/Users/chrishafley/go/pkg/mod/golang.org/x/sys@v0.0.0-20220128215802-99c3d69c2c27	0	664	8991	529	
/Users/chrishafley/go/pkg/mod/golang.org/x/exp@v0.0.0-20240909161429-701f63a606c0	0	239	3624	203	
/Users/chrishafley/go/pkg/mod/github.com/golang/geo@v0.0.0-20230421003525-6adc56603217	0	262	7202	79	
/Users/chrishafley/go/pkg/mod/github.com/playwright-community/playwright-go@v0.4702.0	0	234	3402	294	
/Users/chrishafley/go/pkg/mod/github.com/dop251/goja@v0.0.0-20240927123429-241b342198c2	0	773	13061	498	
/Users/chrishafley/go/pkg/mod/github.com/sourcegraph/scip-go@v0.2.7	0	139	309	24	
/Users/chrishafley/go/pkg/mod/github.com/scip-code/scip-go@v0.2.7	0	104	309	24	
/Users/chrishafley/go/pkg/mod/golang.org/x/image@v0.20.0	0	4407	2513	59	
/Users/chrishafley/go/pkg/mod/github.com/google/pprof@v0.0.0-20240927180334-d43a67379298	0	226	1560	102	
/Users/chrishafley/go/pkg/mod/github.com/yuin/goldmark@v1.7.4	0	318	2072	82	
/Users/chrishafley/go/pkg/mod/github.com/tklauser/go-sysconf@v0.3.10	0	132	191	0	
/Users/chrishafley/go/pkg/mod/github.com/justjanne/powerline-go@v1.22.1	0	128	159	11	
/Users/chrishafley/go/pkg/mod/github.com/spf13/pflag@v1.0.5	0	168	1342	7	
/Users/chrishafley/go/pkg/mod/github.com/alecthomas/kong@v1.15.0	0	184	1402	124	
/Users/chrishafley/go/pkg/mod/github.com/coder/websocket@v1.8.12	0	128	575	19	
/Users/chrishafley/go/pkg/mod/github.com/jung-kurt/gofpdf@v1.16.2	0	285	2886	45	
/Users/chrishafley/go/pkg/mod/github.com/google/go-cmp@v0.7.0	0	225	1398	163	
/Users/chrishafley/go/pkg/mod/github.com/go-logr/logr@v1.4.3	0	130	638	27	
/Users/chrishafley/go/pkg/mod/github.com/stretchr/testify@v1.11.1	0	170	2117	28	
/Users/chrishafley/go/pkg/mod/golang.org/x/mod@v0.36.0	0	178	1153	79	
/Users/chrishafley/go/pkg/mod/oss.terrastruct.com/util-go@v0.0.0-20250213174338-243d8661088a	0	100	423	6	
/Users/chrishafley/go/pkg/mod/github.com/fsnotify/fsnotify@v1.7.1-0.20240403050945-7086bea086b7	0	107	558	13	
/Users/chrishafley/go/pkg/mod/github.com/rivo/uniseg@v0.4.7	0	1164	236	0	
/Users/chrishafley/go/pkg/mod/github.com/!puerkito!bio/goquery@v1.10.0	0	132	2716	4	
/Users/chrishafley/go/pkg/mod/github.com/dlclark/regexp2@v1.11.4	0	170	2776	29	
/Users/chrishafley/go/pkg/mod/github.com/dlclark/regexp2@v1.11.0	0	124	2772	29	
/Users/chrishafley/go/pkg/mod/github.com/golang/freetype@v0.0.0-20170609003504-e2365dfdc4a0	0	197	682	25	
/Users/chrishafley/go/pkg/mod/github.com/hexops/gotextdiff@v1.0.3	0	124	261	9	
/Users/chrishafley/go/pkg/mod/github.com/google/uuid@v1.6.0	0	116	279	3	
/Users/chrishafley/go/pkg/mod/gopkg.in/yaml.v3@v3.0.1	0	200	1301	72	
/Users/chrishafley/go/pkg/mod/gopkg.in/yaml.v2@v2.4.0	0	166	1043	59	
/Users/chrishafley/go/pkg/mod/github.com/davecgh/go-spew@v1.1.1	0	172	1199	20	
/Users/chrishafley/go/pkg/mod/github.com/lucasb-eyer/go-colorful@v1.2.0	0	138	485	1	
/Users/chrishafley/go/pkg/mod/golang.org/x/xerrors@v0.0.0-20240903120638-7835f813f4da	0	83	162	3	
/Users/chrishafley/go/pkg/mod/go.uber.org/goleak@v1.3.0	0	109	228	2	
/Users/chrishafley/go/pkg/mod/golang.org/x/term@v0.0.0-20201117132131-f5c789dd3221	0	161	109	2	
/Users/chrishafley/go/pkg/mod/golang.org/x/sync@v0.20.0	0	170	157	5	
/Users/chrishafley/go/pkg/mod/github.com/andybalholm/cascadia@v1.3.2	0	66	226	17	
/Users/chrishafley/go/pkg/mod/golang.org/x/term@v0.29.0	0	65	109	2	
/Users/chrishafley/go/pkg/mod/github.com/pkg/browser@v0.0.0-20240102092130-5ac0b6a4141c	0	66	15	0	
/Users/chrishafley/go/pkg/mod/github.com/mattn/go-runewidth@v0.0.9	0	69	85	1	
/Users/chrishafley/go/pkg/mod/github.com/go-errors/errors@v1.5.1	0	76	186	1	
/Users/chrishafley/go/pkg/mod/github.com/dsoprea/go-logging@v0.0.0-20200710184922-b02d349568dd	0	143	160	8	
/Users/chrishafley/go/pkg/mod/go.uber.org/multierr@v1.11.0	0	127	166	0	
/Users/chrishafley/go/pkg/mod/github.com/sourcegraph/beaut@v0.0.0-20240611013027-627e4c25335a	0	100	40	2	
/Users/chrishafley/go/pkg/mod/github.com/go-sourcemap/sourcemap@v2.1.4+incompatible	0	93	61	6	
/Users/chrishafley/go/pkg/mod/github.com/mazznoer/csscolorparser@v0.1.5	0	116	214	0	
/Users/chrishafley/go/pkg/mod/github.com/go-stack/stack@v1.8.1	0	128	98	0	
/Users/chrishafley/go/pkg/mod/github.com/go-logr/stdr@v1.2.2	0	118	33	2	
/Users/chrishafley/go/pkg/mod/github.com/ericpauley/go-quantize@v0.0.0-20200331213906-ae555eb2afa4	0	94	32	1	
/Users/chrishafley/go/pkg/mod/github.com/pmezard/go-difflib@v1.0.0	0	104	178	2	
/Users/chrishafley/go/pkg/mod/github.com/alecthomas/repr@v0.4.0	0	113	118	2	
