/opt/homebrew/lib/swipl/library/nb_rbtrees.pl	0	57	7938	3000	
/opt/homebrew/lib/swipl/library/lazy_lists.pl	0	60	16701	3746	
/opt/homebrew/lib/swipl/library/increval.pl	0	102	7304	1492	
/opt/homebrew/lib/swipl/library/arithmetic.pl	0	106	10050	3414	
/opt/homebrew/lib/swipl/library/prolog_autoload.pl	0	110	8549	1849	
/opt/homebrew/lib/swipl/library/readutil.pl	0	25	11158	2201	
/opt/homebrew/lib/swipl/library/terms.pl	0	62	14673	4255	
/opt/homebrew/lib/swipl/library/prolog_format.pl	0	29	6487	1607	
/opt/homebrew/lib/swipl/library/edinburgh.pl	0	23	4505	662	
/opt/homebrew/lib/swipl/library/system.pl	0	25	3308	347	
/opt/homebrew/lib/swipl/library/files.pl	0	25	2757	363	
/opt/homebrew/lib/swipl/library/rwlocks.pl	0	34	5873	1513	
/opt/homebrew/lib/swipl/library/codesio.pl	0	25	6449	1178	
/opt/homebrew/lib/swipl/library/prolog_debug.pl	0	35	12210	3898	
/opt/homebrew/lib/swipl/library/aggregate.pl	0	40	25520	7519	
/opt/homebrew/lib/swipl/library/nb_set.pl	0	17	7091	1600	
/opt/homebrew/lib/swipl/library/base64.pl	0	22	13173	4435	
/opt/homebrew/lib/swipl/library/streams.pl	0	19	4414	766	
/opt/homebrew/lib/swipl/library/tty.pl	0	29	9275	2560	
/opt/homebrew/lib/swipl/library/error.pl	0	40	16931	4746	
/opt/homebrew/lib/swipl/library/varnumbers.pl	0	21	7141	1822	
/opt/homebrew/lib/swipl/library/prolog_stack.pl	0	83	26644	8582	
/opt/homebrew/lib/swipl/library/iostream.pl	0	21	8777	1982	
/opt/homebrew/lib/swipl/library/git.pl	0	54	31203	10542	
/opt/homebrew/lib/swipl/library/persistency.pl	0	32	22006	6616	
/opt/homebrew/lib/swipl/library/prolog_metainference.pl	0	24	9814	2872	
/opt/homebrew/lib/swipl/library/option.pl	0	52	13655	3581	
/opt/homebrew/lib/swipl/library/thread.pl	0	33	28714	8023	
/opt/homebrew/lib/swipl/library/intercept.pl	0	19	8622	1487	
/opt/homebrew/lib/swipl/library/pio.pl	0	16	1927	37	
/opt/homebrew/lib/swipl/library/writef.pl	0	22	9921	2464	
/opt/homebrew/lib/swipl/library/lists.pl	0	38	25204	6834	
/opt/homebrew/lib/swipl/library/qpforeign.pl	0	33	22305	6918	
/opt/homebrew/lib/swipl/library/check.pl	0	53	34910	12730	
/opt/homebrew/lib/swipl/library/occurs.pl	0	22	7510	1661	
/opt/homebrew/lib/swipl/library/sort.pl	0	16	3978	1106	
/opt/homebrew/lib/swipl/library/pairs.pl	0	20	5869	1127	
/opt/homebrew/lib/swipl/library/utf8.pl	0	15	4605	1416	
/opt/homebrew/lib/swipl/library/dialect.pl	0	13	4093	642	
/opt/homebrew/lib/swipl/library/prolog_config.pl	0	21	5809	1345	
/opt/homebrew/lib/swipl/library/prolog_versions.pl	0	23	12192	3742	
/opt/homebrew/lib/swipl/library/vm.pl	0	25	8140	3016	
/opt/homebrew/lib/swipl/library/readln.pl	0	27	8936	1939	
/opt/homebrew/lib/swipl/library/apply_macros.pl	0	32	15801	4968	
/opt/homebrew/lib/swipl/library/console_input.pl	0	29	9985	2982	
/opt/homebrew/lib/swipl/library/shell.pl	0	25	12075	4436	
/opt/homebrew/lib/swipl/library/thread_pool.pl	0	23	16883	4219	
/opt/homebrew/lib/swipl/library/quintus.pl	0	30	12621	3046	
/opt/homebrew/lib/swipl/library/random.pl	0	31	13586	3435	
/opt/homebrew/lib/swipl/library/solution_sequences.pl	0	34	13369	3586	
/opt/homebrew/lib/swipl/library/prolog_clause.pl	0	45	37318	14380	
/opt/homebrew/lib/swipl/library/prolog_history.pl	0	24	5381	1065	
/opt/homebrew/lib/swipl/library/prolog_wrap.pl	0	19	6152	889	
/opt/homebrew/lib/swipl/library/edit.pl	0	52	24307	10046	
/opt/homebrew/lib/swipl/library/prolog_qlfmake.pl	0	30	16545	5530	
/opt/homebrew/lib/swipl/library/optparse.pl	0	39	37769	8092	
/opt/homebrew/lib/swipl/library/zip.pl	0	16	7641	1025	
/opt/homebrew/lib/swipl/library/shlib.pl	0	28	22715	5203	
/opt/homebrew/lib/swipl/library/ugraphs.pl	0	28	21353	6288	
/opt/homebrew/lib/swipl/library/listing.pl	0	64	41959	16164	
/opt/homebrew/lib/swipl/library/oset.pl	0	15	4693	864	
/opt/homebrew/lib/swipl/library/pprint.pl	0	37	30189	11762	
/opt/homebrew/lib/swipl/library/coinduction.pl	0	18	6060	1328	
/opt/homebrew/lib/swipl/library/prolog_codewalk.pl	0	218	42201	14356	
/opt/homebrew/lib/swipl/library/yall.pl	0	25	19510	5110	
/opt/homebrew/lib/swipl/library/sandbox.pl	0	77	43348	19586	
/opt/homebrew/lib/swipl/library/INDEX.pl	0	548	48285	29850	
/opt/homebrew/lib/swipl/library/obfuscate.pl	0	13	4122	780	
/opt/homebrew/lib/swipl/library/prolog_breakpoints.pl	0	20	14403	4176	
/opt/homebrew/lib/swipl/library/url.pl	0	54	28153	9952	
/opt/homebrew/lib/swipl/library/assoc.pl	0	34	18317	7259	
/opt/homebrew/lib/swipl/library/csv.pl	0	46	19139	5697	
/opt/homebrew/lib/swipl/library/ansi_term.pl	0	48	20140	6903	
/opt/homebrew/lib/swipl/library/prolog_jiti.pl	0	22	11149	3429	
/opt/homebrew/lib/swipl/library/prolog_trace.pl	0	20	11506	3366	
/opt/homebrew/lib/swipl/library/tabling.pl	0	16	1800	111	
/opt/homebrew/lib/swipl/library/wfs.pl	0	20	6921	2128	
/opt/homebrew/lib/swipl/library/dif.pl	0	22	13538	3818	
/opt/homebrew/lib/swipl/library/prolog_evaluable.pl	0	18	7989	3565	
/opt/homebrew/lib/swipl/library/rbtrees.pl	0	677	37431	18319	
/opt/homebrew/lib/swipl/library/prolog_source.pl	0	44	40716	13096	
/opt/homebrew/lib/swipl/library/debug.pl	0	23	16361	4167	
/opt/homebrew/lib/swipl/library/exceptions.pl	0	23	8619	1510	
/opt/homebrew/lib/swipl/library/macros.pl	0	23	16366	5275	
/opt/homebrew/lib/swipl/library/make.pl	0	22	6787	1410	
/opt/homebrew/lib/swipl/library/tables.pl	0	37	12709	3134	
/opt/homebrew/lib/swipl/library/charsio.pl	0	16	6636	1214	
/opt/homebrew/lib/swipl/library/qsave.pl	0	60	47460	16213	
/opt/homebrew/lib/swipl/library/predicate_options.pl	0	47	31431	9684	
/opt/homebrew/lib/swipl/library/tableutil.pl	0	30	25272	9080	
/opt/homebrew/lib/swipl/library/settings.pl	0	29	24036	6967	
/opt/homebrew/lib/swipl/library/backcomp.pl	0	25	20251	4932	
/opt/homebrew/lib/swipl/library/prolog_deps.pl	0	29	20600	8130	
/opt/homebrew/lib/swipl/library/record.pl	0	27	17181	5533	
/opt/homebrew/lib/swipl/library/prolog_code.pl	0	21	12574	3940	
/opt/homebrew/lib/swipl/library/modules.pl	0	20	4849	652	
/opt/homebrew/lib/swipl/library/fastrw.pl	0	20	4389	268	
/opt/homebrew/lib/swipl/library/statistics.pl	0	39	17257	5927	
/opt/homebrew/lib/swipl/library/prolog_locale.pl	0	24	2330	189	
/opt/homebrew/lib/swipl/library/when.pl	0	31	7757	2343	
/opt/homebrew/lib/swipl/library/broadcast.pl	0	22	5355	852	
/opt/homebrew/lib/swipl/library/portray_text.pl	0	22	8779	1907	
/opt/homebrew/lib/swipl/library/prolog_profile.pl	0	22	11751	3156	
/opt/homebrew/lib/swipl/library/gensym.pl	0	14	4014	473	
/opt/homebrew/lib/swipl/library/operators.pl	0	22	5280	1221	
/opt/homebrew/lib/swipl/library/help.pl	0	38	20303	7413	
/opt/homebrew/lib/swipl/library/base32.pl	0	23	8293	3266	
/opt/homebrew/lib/swipl/library/check_installation.pl	0	38	28761	11507	
/opt/homebrew/lib/swipl/library/www_browser.pl	0	19	8410	2140	
/opt/homebrew/lib/swipl/library/heaps.pl	0	15	8444	1773	
/opt/homebrew/lib/swipl/library/threadutil.pl	0	31	18261	5467	
/opt/homebrew/lib/swipl/library/quasi_quotations.pl	0	23	11527	1676	
/opt/homebrew/lib/swipl/library/strings.pl	0	41	15785	4347	
/opt/homebrew/lib/swipl/library/dicts.pl	0	59	13049	3538	
/opt/homebrew/lib/swipl/library/hashtable.pl	0	35	10324	3367	
/opt/homebrew/lib/swipl/library/atom.pl	0	21	5422	1280	
/opt/homebrew/lib/swipl/library/ordsets.pl	0	33	16552	5197	
/opt/homebrew/lib/swipl/library/main.pl	0	48	37887	13648	
/opt/homebrew/lib/swipl/library/pure_input.pl	0	19	9875	1717	
/opt/homebrew/lib/swipl/library/explain.pl	0	32	17223	6997	
/opt/homebrew/lib/swipl/library/date.pl	0	34	11793	5273	
/opt/homebrew/lib/swipl/library/ctypes.pl	0	18	5022	1429	
/opt/homebrew/lib/swipl/library/apply.pl	0	25	13840	3949	
/opt/homebrew/lib/swipl/library/hotfix.pl	0	16	7882	1876	
/opt/homebrew/lib/swipl/boot/iri.pl	0	14	2499	354	
/opt/homebrew/lib/swipl/boot/rc.pl	0	19	7881	2458	
/opt/homebrew/lib/swipl/boot/predopts.pl	0	16	4930	1587	
/opt/homebrew/lib/swipl/boot/gc.pl	0	25	2324	234	
/opt/homebrew/lib/swipl/boot/engines.pl	0	26	5378	632	
/opt/homebrew/lib/swipl/boot/dcg.pl	0	30	12515	5573	
/opt/homebrew/lib/swipl/boot/dwim.pl	0	21	14766	5583	
/opt/homebrew/lib/swipl/boot/attvar.pl	0	17	10675	2500	
/opt/homebrew/lib/swipl/library/prolog_coverage.pl	0	137	44815	14870	
/opt/homebrew/lib/swipl/boot/qlf.pl	0	18	4874	1298	
/opt/homebrew/lib/swipl/library/prolog_colour.pl	0	1361	111476	48908	
/opt/homebrew/lib/swipl/boot/threads.pl	0	10	1677	21	
/opt/homebrew/lib/swipl/library/prolog_xref.pl	0	1011	98973	40750	
/opt/homebrew/lib/swipl/boot/bags.pl	0	17	9768	2277	
/opt/homebrew/lib/swipl/boot/toplevel.pl	0	256	66279	23214	
/opt/homebrew/lib/swipl/boot/license.pl	0	20	13145	3742	
/opt/homebrew/lib/swipl/boot/load.pl	0	15	3100	470	
/opt/homebrew/lib/swipl/library/prolog_pack.pl	0	1501	130201	45379	
/opt/homebrew/lib/swipl/boot/syspred.pl	0	54	50425	16960	
/opt/homebrew/lib/swipl/boot/dicts.pl	0	25	6048	1900	
/opt/homebrew/lib/swipl/boot/packs.pl	0	30	9454	2959	
/opt/homebrew/lib/swipl/boot/autoload.pl	0	41	38489	13022	
/opt/homebrew/lib/swipl/boot/apply.pl	0	21	2495	376	
/opt/homebrew/lib/swipl/boot/history.pl	0	34	9069	3305	
/opt/homebrew/lib/swipl/boot/topvars.pl	0	20	7944	2573	
/opt/homebrew/lib/swipl/library/iri_scheme/file.pl	0	21	2825	354	
/opt/homebrew/lib/swipl/library/lynx/INDEX.pl	0	29	532	271	
/opt/homebrew/lib/swipl/library/lynx/pldoc_style.pl	0	22	3245	1024	
/opt/homebrew/lib/swipl/library/lynx/format.pl	0	28	10839	4512	
/opt/homebrew/lib/swipl/library/lynx/html_style.pl	0	24	4497	1382	
/opt/homebrew/lib/swipl/library/unicode/INDEX.pl	0	18	176	62	
/opt/homebrew/lib/swipl/library/unicode/unicode_data.pl	0	20	5494	971	
/opt/homebrew/lib/swipl/library/unicode/blocks.pl	0	128	31616	6124	
/opt/homebrew/lib/swipl/library/theme/light.pl	0	19	1800	62	
/opt/homebrew/lib/swipl/library/lynx/html_text.pl	0	43	25553	10811	
/opt/homebrew/lib/swipl/library/theme/auto.pl	0	22	2225	249	
/opt/homebrew/lib/swipl/library/http/jquery.pl	0	17	3611	451	
/opt/homebrew/lib/swipl/library/dcg/INDEX.pl	0	19	1431	942	
/opt/homebrew/lib/swipl/library/theme/dark.pl	0	74	16492	6904	
/opt/homebrew/lib/swipl/library/dcg/high_order.pl	0	21	7480	1561	
/opt/homebrew/lib/swipl/library/dcg/basics.pl	0	31	13183	3220	
/opt/homebrew/lib/swipl/boot/tabling.pl	0	678	77756	24737	
/opt/homebrew/lib/swipl/boot/expand.pl	0	549	49627	20258	
/opt/homebrew/lib/swipl/library/dialect/bim.pl	0	27	4281	1656	
/opt/homebrew/lib/swipl/library/dialect/sicstus4.pl	0	29	7423	2101	
/opt/homebrew/lib/swipl/library/dialect/hprolog.pl	0	28	8392	2498	
/opt/homebrew/lib/swipl/library/dialect/commons.pl	0	27	2560	393	
/opt/homebrew/lib/swipl/library/dialect/yap.pl	0	18	7134	1563	
/opt/homebrew/lib/swipl/library/dialect/sicstus.pl	0	22	16822	4001	
/opt/homebrew/lib/swipl/library/build/conan.pl	0	17	6995	2357	
/opt/homebrew/lib/swipl/library/build/cmake.pl	0	21	4857	1353	
/opt/homebrew/lib/swipl/library/dialect/xsb.pl	0	29	20295	7246	
/opt/homebrew/lib/swipl/library/build/make.pl	0	20	6002	1966	
/opt/homebrew/lib/swipl/library/clp/clp_events.pl	0	31	2712	547	
/opt/homebrew/lib/swipl/library/clp/INDEX.pl	0	28	6049	4919	
/opt/homebrew/lib/swipl/library/dialect/ifprolog.pl	0	44	36457	12707	
/opt/homebrew/lib/swipl/library/build/tools.pl	0	28	27859	8485	
/opt/homebrew/lib/swipl/library/clp/clp_distinct.pl	0	20	6598	2356	
/opt/homebrew/lib/swipl/boot/messages.pl	0	824	80351	35607	
/opt/homebrew/lib/swipl/library/ext/RDF/INDEX.pl	0	28	1047	600	
/opt/homebrew/lib/swipl/library/ext/RDF/rdf_triple.pl	0	43	12598	4206	
/opt/homebrew/lib/swipl/library/ext/RDF/rewrite_term.pl	0	16	4960	1608	
/opt/homebrew/lib/swipl/library/ext/RDF/rdf.pl	0	23	13998	4319	
/opt/homebrew/lib/swipl/boot/init.pl	0	912	139393	53251	
/opt/homebrew/lib/swipl/library/clp/clpb.pl	0	60	66052	19760	
/opt/homebrew/lib/swipl/library/clp/simplex.pl	0	202	53399	19105	
/opt/homebrew/lib/swipl/library/dialect/iso/iso_predicates.pl	0	27	9647	3883	
/opt/homebrew/lib/swipl/library/dialect/hprolog/format.pl	0	10	1837	43	
/opt/homebrew/lib/swipl/library/ext/RDF/rdf_write.pl	0	41	21775	8072	
/opt/homebrew/lib/swipl/library/dialect/sicstus4/terms.pl	0	14	2892	346	
/opt/homebrew/lib/swipl/library/dialect/eclipse/test_util_iso.pl	0	29	12310	4047	
/opt/homebrew/lib/swipl/library/dialect/sicstus4/system.pl	0	15	2913	357	
/opt/homebrew/lib/swipl/library/dialect/sicstus4/aggregate.pl	0	18	2420	176	
/opt/homebrew/lib/swipl/library/dialect/sicstus4/file_systems.pl	0	19	17483	3580	
/opt/homebrew/lib/swipl/library/dialect/sicstus4/lists.pl	0	30	7992	2326	
/opt/homebrew/lib/swipl/library/dialect/sicstus4/clpfd.pl	0	19	2540	523	
/opt/homebrew/lib/swipl/library/dialect/sicstus4/timeout.pl	0	21	1780	80	
/opt/homebrew/lib/swipl/library/dialect/sicstus4/types.pl	0	29	4293	971	
/opt/homebrew/lib/swipl/library/ext/RDF/rdf_parser.pl	0	42	19607	7023	
/opt/homebrew/lib/swipl/library/dialect/sicstus4/between.pl	0	23	2129	296	
/opt/homebrew/lib/swipl/library/dialect/sicstus4/samsort.pl	0	24	2962	357	
/opt/homebrew/lib/swipl/library/dialect/sicstus4/sockets.pl	0	30	6197	1603	
/opt/homebrew/lib/swipl/library/dialect/sicstus4/sets.pl	0	19	3546	790	
/opt/homebrew/lib/swipl/library/dialect/sicstus4/ordsets.pl	0	19	2022	124	
/opt/homebrew/lib/swipl/library/dialect/xsb/intern.pl	0	24	1922	166	
/opt/homebrew/lib/swipl/library/dialect/xsb/thread.pl	0	23	2185	249	
/opt/homebrew/lib/swipl/library/dialect/xsb/lists.pl	0	19	1898	117	
/opt/homebrew/lib/swipl/library/dialect/xsb/setof.pl	0	18	2539	134	
/opt/homebrew/lib/swipl/library/dialect/xsb/standard.pl	0	14	4942	1237	
/opt/homebrew/lib/swipl/library/dialect/xsb/consult.pl	0	13	3047	595	
/opt/homebrew/lib/swipl/library/dialect/xsb/curr_sym.pl	0	13	2263	206	
/opt/homebrew/lib/swipl/library/dialect/xsb/machine.pl	0	27	8966	2607	
/opt/homebrew/lib/swipl/library/dialect/xsb/storage.pl	0	16	2570	278	
/opt/homebrew/lib/swipl/library/dialect/xsb/timed_call.pl	0	20	5801	1201	
/opt/homebrew/lib/swipl/library/dialect/xsb/basics.pl	0	25	7522	3487	
/opt/homebrew/lib/swipl/library/dialect/xsb/string.pl	0	16	2554	505	
/opt/homebrew/lib/swipl/library/dialect/xsb/error_handler.pl	0	27	4193	899	
/opt/homebrew/lib/swipl/library/dialect/xsb/gensym.pl	0	16	2042	179	
/opt/homebrew/lib/swipl/library/dialect/xsb/gpp.pl	0	27	5064	814	
/opt/homebrew/lib/swipl/library/dialect/xsb/source.pl	0	27	9798	3382	
/opt/homebrew/lib/swipl/library/dialect/xsb/ordsets.pl	0	21	2222	237	
/opt/homebrew/lib/swipl/library/clp/bounds.pl	0	513	39309	24823	
/opt/homebrew/lib/swipl/library/dialect/swi/syspred_options.pl	0	48	8870	3148	
/opt/homebrew/lib/swipl/library/dialect/sicstus/arrays.pl	0	21	3704	697	
/opt/homebrew/lib/swipl/library/dialect/sicstus/terms.pl	0	25	2239	140	
/opt/homebrew/lib/swipl/library/dialect/sicstus/system.pl	0	26	6575	1495	
/opt/homebrew/lib/swipl/library/dialect/sicstus/lists.pl	0	19	4657	1021	
/opt/homebrew/lib/swipl/library/dialect/sicstus/timeout.pl	0	13	3751	338	
/opt/homebrew/lib/swipl/library/dialect/sicstus/ordsets.pl	0	15	1954	128	
/opt/homebrew/lib/swipl/library/dialect/sicstus/sockets.pl	0	19	6219	1547	
/opt/homebrew/lib/swipl/library/dialect/sicstus/block.pl	0	21	10555	2499	
/opt/homebrew/lib/swipl/library/ext/inclpr/inclpr.pl	0	14	1881	171	
/opt/homebrew/lib/swipl/library/ext/plunit/INDEX.pl	0	14	705	432	
/opt/homebrew/lib/swipl/library/ext/plunit/test_wizard.pl	0	20	7980	2014	
/opt/homebrew/lib/swipl/library/ext/ssl/INDEX.pl	0	22	2662	1703	
/opt/homebrew/lib/swipl/library/ext/ssl/xmldsig.pl	0	46	16894	4999	
/opt/homebrew/lib/swipl/library/ext/ssl/xmlenc.pl	0	37	17382	4359	
/opt/homebrew/lib/swipl/library/ext/ssl/ssl.pl	0	15	29191	2252	
/opt/homebrew/lib/swipl/library/ext/clpqr/clpq.pl	0	17	3503	943	
/opt/homebrew/lib/swipl/library/ext/clpqr/clpr.pl	0	16	3916	1119	
/opt/homebrew/lib/swipl/library/ext/chr/chr.pl	0	32	20817	6610	
/opt/homebrew/lib/swipl/library/ext/archive/INDEX.pl	0	18	711	393	
/opt/homebrew/lib/swipl/library/ext/redis/INDEX.pl	0	19	1546	1009	
/opt/homebrew/lib/swipl/library/ext/archive/archive.pl	0	27	24089	4217	
/opt/homebrew/lib/swipl/library/ext/redis/redis_streams.pl	0	27	22211	5600	
/opt/homebrew/lib/swipl/library/ext/clib/time.pl	0	15	7313	994	
/opt/homebrew/lib/swipl/library/ext/ssl/saml.pl	0	39	31717	8041	
/opt/homebrew/lib/swipl/library/ext/ssl/crypto.pl	0	209	41396	6692	
/opt/homebrew/lib/swipl/library/ext/clib/prolog_stream.pl	0	10	3648	120	
/opt/homebrew/lib/swipl/library/ext/clib/streaminfo.pl	0	15	3672	690	
/opt/homebrew/lib/swipl/library/ext/clib/streampool.pl	0	22	4260	848	
/opt/homebrew/lib/swipl/library/ext/clib/crypt.pl	0	34	1802	58	
/opt/homebrew/lib/swipl/library/ext/clib/hash_stream.pl	0	21	4787	179	
/opt/homebrew/lib/swipl/library/ext/clib/unix.pl	0	25	11491	1154	
/opt/homebrew/lib/swipl/library/ext/clib/rlimit.pl	0	28	2303	78	
/opt/homebrew/lib/swipl/library/ext/clib/cgi.pl	0	14	3227	72	
/opt/homebrew/lib/swipl/library/ext/clib/prolog_server.pl	0	14	5641	1170	
/opt/homebrew/lib/swipl/library/ext/clib/memfile.pl	0	15	3013	284	
/opt/homebrew/lib/swipl/library/ext/clib/sha.pl	0	16	5736	851	
/opt/homebrew/lib/swipl/library/ext/clib/syslog.pl	0	14	6531	899	
/opt/homebrew/lib/swipl/library/ext/clib/sched.pl	0	11	3483	188	
/opt/homebrew/lib/swipl/library/ext/clib/INDEX.pl	0	36	6669	4461	
/opt/homebrew/lib/swipl/library/ext/clib/process.pl	0	17	23138	3084	
/opt/homebrew/lib/swipl/library/ext/clib/uri.pl	0	24	20281	4821	
/opt/homebrew/lib/swipl/library/ext/clib/filesex.pl	0	24	20497	5707	
/opt/homebrew/lib/swipl/library/ext/clib/udp_broadcast.pl	0	30	34785	7606	
/opt/homebrew/lib/swipl/library/ext/clib/socket.pl	0	31	40870	6774	
/opt/homebrew/lib/swipl/library/ext/clib/uuid.pl	0	31	6532	1542	
/opt/homebrew/lib/swipl/library/ext/clib/uid.pl	0	25	7476	1240	
/opt/homebrew/lib/swipl/library/ext/clib/md5.pl	0	12	2662	140	
/opt/homebrew/lib/swipl/library/ext/redis/redis.pl	0	155	48663	13499	
/opt/homebrew/lib/swipl/library/ext/utf8proc/INDEX.pl	0	13	332	178	
/opt/homebrew/lib/swipl/library/ext/utf8proc/unicode.pl	0	19	9010	1111	
/opt/homebrew/lib/swipl/library/ext/PDT/INDEX.pl	0	17	119	24	
/opt/homebrew/lib/swipl/library/ext/PDT/pdt_console.pl	0	13	2359	163	
/opt/homebrew/lib/swipl/library/ext/sgml/pwp.pl	0	26	24939	4530	
/opt/homebrew/lib/swipl/library/ext/sgml/INDEX.pl	0	19	2473	1770	
/opt/homebrew/lib/swipl/library/ext/swipy/janus.pl	0	47	45372	11827	
/opt/homebrew/lib/swipl/library/ext/sgml/sgml.pl	0	34	26116	7657	
/opt/homebrew/lib/swipl/library/ext/sgml/xsdp_types.pl	0	20	8591	2404	
/opt/homebrew/lib/swipl/library/ext/sgml/c14n2.pl	0	19	8069	2972	
/opt/homebrew/lib/swipl/library/ext/sgml/iso_639.pl	0	37	14677	10315	
/opt/homebrew/lib/swipl/library/ext/libedit/INDEX.pl	0	13	945	581	
/opt/homebrew/lib/swipl/library/ext/sgml/sgml_write.pl	0	32	30445	10959	
/opt/homebrew/lib/swipl/library/ext/sgml/xpath.pl	0	38	19002	5198	
/opt/homebrew/lib/swipl/library/ext/protobufs/INDEX.pl	0	18	412	184	
/opt/homebrew/lib/swipl/library/ext/zlib/INDEX.pl	0	14	168	97	
/opt/homebrew/lib/swipl/library/ext/zlib/zlib.pl	0	21	4145	791	
/opt/homebrew/lib/swipl/library/ext/pldoc/doc_files.pl	0	26	12197	2997	
/opt/homebrew/lib/swipl/library/ext/pldoc/INDEX.pl	0	22	729	392	
/opt/homebrew/lib/swipl/library/ext/pldoc/pldoc.pl	0	22	4396	551	
/opt/homebrew/lib/swipl/library/ext/pldoc/doc_markdown.pl	0	19	3362	652	
/opt/homebrew/lib/swipl/library/ext/libedit/editline.pl	0	41	28133	8098	
/opt/homebrew/lib/swipl/library/ext/pldoc/doc_http.pl	0	38	26013	8509	
/opt/homebrew/lib/swipl/library/ext/pengines/term_to_json.pl	0	14	4636	1237	
/opt/homebrew/lib/swipl/library/ext/pengines/INDEX.pl	0	29	2470	1291	
/opt/homebrew/lib/swipl/library/ext/pengines/pengines_sandbox.pl	0	25	4030	786	
/opt/homebrew/lib/swipl/library/ext/plunit/plunit.pl	0	995	77800	32798	
/opt/homebrew/lib/swipl/library/ext/pengines/pengines_io.pl	0	37	29813	9783	
/opt/homebrew/lib/swipl/library/ext/json/json_rpc_common.pl	0	18	3677	900	
/opt/homebrew/lib/swipl/library/ext/json/INDEX.pl	0	21	1653	965	
/opt/homebrew/lib/swipl/library/ext/protobufs/protobufs.pl	0	271	72226	15432	
/opt/homebrew/lib/swipl/library/ext/json/json_grammar.pl	0	51	7939	3330	
/opt/homebrew/lib/swipl/library/ext/json/json_convert.pl	0	30	21981	6730	
/opt/homebrew/lib/swipl/library/ext/json/json_rpc_server.pl	0	27	17207	5058	
/opt/homebrew/lib/swipl/library/ext/json/json_rpc_client.pl	0	30	14543	4302	
/opt/homebrew/lib/swipl/library/ext/paxos/paxos.pl	0	54	42577	11974	
/opt/homebrew/lib/swipl/library/ext/pldoc/doc_latex.pl	0	391	50785	24183	
/opt/homebrew/lib/swipl/library/ext/paxos/INDEX.pl	0	18	597	383	
/opt/homebrew/lib/swipl/library/ext/table/table_util.pl	0	26	6624	2184	
/opt/homebrew/lib/swipl/library/ext/table/INDEX.pl	0	21	1010	645	
/opt/homebrew/lib/swipl/library/ext/table/table.pl	0	17	2342	218	
/opt/homebrew/lib/swipl/library/ext/json/json.pl	0	49	38860	11903	
/opt/homebrew/lib/swipl/library/ext/odbc/INDEX.pl	0	32	1346	900	
/opt/homebrew/lib/swipl/library/ext/stomp/INDEX.pl	0	21	1012	662	
/opt/homebrew/lib/swipl/library/ext/sweep/INDEX.pl	0	17	125	24	
/opt/homebrew/lib/swipl/library/ext/sweep/sweep_link.pl	0	17	2336	361	
/opt/homebrew/lib/swipl/library/ext/odbc/odbc.pl	0	25	11939	4363	
/opt/homebrew/lib/swipl/library/clp/clpfd.pl	0	1200	277044	105186	
/opt/homebrew/lib/swipl/library/ext/nlp/porter_stem.pl	0	22	2139	234	
/opt/homebrew/lib/swipl/library/ext/nlp/INDEX.pl	0	15	588	304	
/opt/homebrew/lib/swipl/library/ext/nlp/snowball.pl	0	22	3598	290	
/opt/homebrew/lib/swipl/library/ext/nlp/isub.pl	0	25	6667	883	
/opt/homebrew/lib/swipl/library/ext/nlp/double_metaphone.pl	0	21	3658	175	
/opt/homebrew/lib/swipl/library/ext/ltx2htm/sty_xpce.pl	0	25	6053	2890	
/opt/homebrew/lib/swipl/library/ext/yaml/INDEX.pl	0	16	174	91	
/opt/homebrew/lib/swipl/library/ext/yaml/yaml.pl	0	28	11081	3342	
/opt/homebrew/lib/swipl/library/ext/bdb/bdb.pl	0	23	19770	2057	
/opt/homebrew/lib/swipl/library/ext/stomp/stomp.pl	0	84	40129	11178	
/opt/homebrew/lib/swipl/library/ext/bdb/INDEX.pl	0	17	708	519	
/opt/homebrew/lib/swipl/library/ext/pcre/INDEX.pl	0	13	513	375	
/opt/homebrew/lib/swipl/library/ext/mqi/INDEX.pl	0	14	189	107	
/opt/homebrew/lib/swipl/library/ext/pengines/pengines.pl	0	674	112786	33145	
/opt/homebrew/lib/swipl/library/ext/json/json_schema.pl	0	501	73150	27945	
/opt/homebrew/lib/swipl/library/ext/pcre/pcre.pl	0	36	40542	7029	
/opt/homebrew/lib/swipl/library/ext/chr/chr/chr_messages.pl	0	18	4191	1850	
/opt/homebrew/lib/swipl/library/ext/chr/chr/chr_op.pl	0	17	2134	312	
/opt/homebrew/lib/swipl/library/ext/chr/chr/chr_compiler_utility.pl	0	20	8683	4018	
/opt/homebrew/lib/swipl/library/ext/chr/chr/pairlist.pl	0	24	1370	787	
/opt/homebrew/lib/swipl/library/ext/chr/chr/chr_compiler_errors.pl	0	19	6402	1752	
/opt/homebrew/lib/swipl/library/ext/mqi/mqi.pl	0	46	51586	9501	
/opt/homebrew/lib/swipl/library/ext/chr/chr/chr_compiler_options.pl	0	37	13368	5732	
/opt/homebrew/lib/swipl/library/ext/chr/chr/chr_runtime.pl	0	35	27463	9970	
/opt/homebrew/lib/swipl/library/ext/chr/chr/a_star.pl	0	16	2799	671	
/opt/homebrew/lib/swipl/library/ext/chr/chr/builtins.pl	0	37	23633	4486	
/opt/homebrew/lib/swipl/library/ext/chr/chr/chr_debug.pl	0	16	2162	258	
/opt/homebrew/lib/swipl/library/ext/chr/chr/listmap.pl	0	14	2766	856	
/opt/homebrew/lib/swipl/library/ext/chr/chr/binomialheap.pl	0	23	3579	1543	
/opt/homebrew/lib/swipl/library/ext/chr/chr/find.pl	0	20	2728	547	
/opt/homebrew/lib/swipl/library/ext/chr/chr/chr_integertable_store.pl	0	20	3828	1134	
/opt/homebrew/lib/swipl/library/ext/chr/chr/clean_code.pl	0	19	6714	2617	
/opt/homebrew/lib/swipl/library/ext/chr/chr/chr_hashtable_store.pl	0	32	9711	4010	
/opt/homebrew/lib/swipl/library/ext/inclpr/inclpr/inclpr_newton.pl	0	18	6211	1012	
/opt/homebrew/lib/swipl/library/ext/ltx2htm/sty_pldoc.pl	0	282	26319	14353	
/opt/homebrew/lib/swipl/library/ext/inclpr/inclpr/inclpr_natural_interval_extension.pl	0	24	5129	727	
/opt/homebrew/lib/swipl/library/ext/inclpr/inclpr/inclpr_symbolic_processing.pl	0	24	7793	3478	
/opt/homebrew/lib/swipl/library/ext/inclpr/inclpr/inclpr_inversion.pl	0	26	5268	1011	
/opt/homebrew/lib/swipl/library/ext/inclpr/inclpr/inclpr_consistency.pl	0	17	11360	2434	
/opt/homebrew/lib/swipl/library/ext/inclpr/inclpr/inclpr_ordering.pl	0	35	8700	2323	
/opt/homebrew/lib/swipl/library/ext/inclpr/inclpr/inclpr_interval_arithmetic.pl	0	34	14798	5151	
/opt/homebrew/lib/swipl/library/ext/cql/cql/INDEX.pl	0	27	4208	2767	
/opt/homebrew/lib/swipl/library/ext/cql/cql/cql_autoschema.pl	0	22	9627	1895	
/opt/homebrew/lib/swipl/library/ext/ltx2htm/latex2html.pl	0	1363	98351	47628	
/opt/homebrew/lib/swipl/library/ext/cql/cql/cql_database.pl	0	23	24936	5136	
/opt/homebrew/lib/swipl/library/ext/cql/cql/sql_tokenizer.pl	0	24	7082	2531	
/opt/homebrew/lib/swipl/library/ext/inclpr/inclpr/inclpr_core.pl	0	48	40463	12698	
/opt/homebrew/lib/swipl/library/ext/cql/cql/sql_keywords.pl	0	21	8858	3162	
/opt/homebrew/lib/swipl/library/ext/cql/cql/cql_hooks.pl	0	12	4013	175	
/opt/homebrew/lib/swipl/library/ext/semweb/semweb/rdf_http_plugin.pl	0	22	10626	2300	
/opt/homebrew/lib/swipl/library/ext/semweb/semweb/rdf_ntriples.pl	0	22	14527	4127	
/opt/homebrew/lib/swipl/library/ext/semweb/semweb/rdf_zlib_plugin.pl	0	16	2029	191	
/opt/homebrew/lib/swipl/library/ext/semweb/semweb/rdf_litindex.pl	0	33	29573	11443	
/opt/homebrew/lib/swipl/library/ext/semweb/semweb/rdf_compare.pl	0	16	4508	1256	
/opt/homebrew/lib/swipl/library/ext/semweb/semweb/INDEX.pl	0	160	13726	8251	
/opt/homebrew/lib/swipl/library/ext/semweb/semweb/rdf_sandbox.pl	0	28	6144	1375	
/opt/homebrew/lib/swipl/library/ext/cql/cql/sql_write.pl	0	672	76268	29272	
/opt/homebrew/lib/swipl/library/ext/semweb/semweb/rdf11.pl	0	71	64179	21470	
/opt/homebrew/lib/swipl/library/ext/semweb/semweb/rdf_cache.pl	0	20	9576	2165	
/opt/homebrew/lib/swipl/library/ext/semweb/semweb/rdf_edit.pl	0	52	34384	11526	
/opt/homebrew/lib/swipl/library/ext/semweb/semweb/sparql_client.pl	0	34	20067	6667	
/opt/homebrew/lib/swipl/library/ext/semweb/semweb/rdfs.pl	0	37	15604	4491	
/opt/homebrew/lib/swipl/library/ext/semweb/semweb/turtle.pl	0	22	15968	3649	
/opt/homebrew/lib/swipl/library/ext/semweb/semweb/rdf_prefixes.pl	0	38	23217	6577	
/opt/homebrew/lib/swipl/library/ext/semweb/semweb/rdf_turtle_write.pl	0	74	51036	16802	
/opt/homebrew/lib/swipl/library/ext/cql/cql/sql_parser.pl	0	1324	107388	46812	
/opt/homebrew/lib/swipl/library/ext/semweb/semweb/rdf_turtle.pl	0	14	2338	113	
/opt/homebrew/lib/swipl/library/ext/semweb/semweb/rdf_library.pl	0	32	32421	11194	
/opt/homebrew/lib/swipl/library/ext/semweb/semweb/rdf_db.pl	0	461	115975	28974	
/opt/homebrew/lib/swipl/library/ext/semweb/semweb/rdfa.pl	0	65	46196	20044	
/opt/homebrew/lib/swipl/library/ext/semweb/semweb/rdf_portray.pl	0	14	5997	1580	
/opt/homebrew/lib/swipl/library/ext/semweb/semweb/rdf11_containers.pl	0	18	10574	2298	
/opt/homebrew/lib/swipl/library/ext/ssl/http/INDEX.pl	0	10	65	2	
/opt/homebrew/lib/swipl/library/ext/ssl/http/http_ssl_plugin.pl	0	23	10632	2545	
/opt/homebrew/lib/swipl/library/ext/clpqr/clpr/itf_r.pl	0	15	6563	2456	
/opt/homebrew/lib/swipl/library/ext/semweb/semweb/rdf_persistency.pl	0	41	48433	17110	
/opt/homebrew/lib/swipl/library/ext/clpqr/clpr/bb_r.pl	0	21	7525	2185	
/opt/homebrew/lib/swipl/library/ext/clpqr/clpr/ineq_r.pl	0	55	41537	19096	
/opt/homebrew/lib/swipl/library/ext/clpqr/clpr/nf_r.pl	0	139	27326	14324	
/opt/homebrew/lib/swipl/library/ext/clpqr/clpr/store_r.pl	0	27	11445	4384	
/opt/homebrew/lib/swipl/library/ext/clpqr/clpr/fourmotz_r.pl	0	24	13352	4776	
/opt/homebrew/lib/swipl/library/ext/clpqr/clpqr/geler.pl	0	18	5571	1602	
/opt/homebrew/lib/swipl/library/ext/clpqr/clpqr/itf.pl	0	18	3871	1335	
/opt/homebrew/lib/swipl/library/ext/clpqr/clpqr/dump.pl	0	17	6909	1970	
/opt/homebrew/lib/swipl/library/ext/clpqr/clpqr/class.pl	0	13	4870	1412	
/opt/homebrew/lib/swipl/library/ext/clpqr/clpqr/ordering.pl	0	19	4947	1722	
/opt/homebrew/lib/swipl/library/ext/clpqr/clpqr/highlight.pl	0	17	3083	818	
/opt/homebrew/lib/swipl/library/ext/clpqr/clpqr/project.pl	0	21	7726	2950	
/opt/homebrew/lib/swipl/library/ext/clpqr/clpqr/redund.pl	0	18	7447	2879	
/opt/homebrew/lib/swipl/library/ext/clpqr/clpq/store_q.pl	0	39	10717	4144	
/opt/homebrew/lib/swipl/library/ext/clpqr/clpq/fourmotz_q.pl	0	24	13216	4772	
/opt/homebrew/lib/swipl/library/ext/clpqr/clpq/bb_q.pl	0	17	6610	1870	
/opt/homebrew/lib/swipl/library/ext/clpqr/clpr/bv_r.pl	0	240	50285	21346	
/opt/homebrew/lib/swipl/library/ext/clpqr/clpq/itf_q.pl	0	23	6346	2404	
/opt/homebrew/lib/swipl/library/ext/cql/cql/cql.pl	0	2225	338713	93086	
/opt/homebrew/lib/swipl/library/ext/pldoc/pldoc/doc_access.pl	0	19	5406	1354	
/opt/homebrew/lib/swipl/library/ext/clpqr/clpq/nf_q.pl	0	52	25195	13309	
/opt/homebrew/lib/swipl/library/ext/pldoc/pldoc/hooks.pl	0	13	2522	313	
/opt/homebrew/lib/swipl/library/ext/pldoc/pldoc/doc_index.pl	0	31	16653	6158	
/opt/homebrew/lib/swipl/library/ext/pldoc/pldoc/doc_pack.pl	0	18	6364	1843	
/opt/homebrew/lib/swipl/library/ext/pldoc/pldoc/man_index.pl	0	26	18482	6372	
/opt/homebrew/lib/swipl/library/ext/pldoc/pldoc/doc_htmlsrc.pl	0	31	17925	6243	
/opt/homebrew/lib/swipl/library/ext/pldoc/pldoc/doc_process.pl	0	40	15570	4429	
/opt/homebrew/lib/swipl/library/ext/pldoc/pldoc/doc_register.pl	0	13	4289	914	
/opt/homebrew/lib/swipl/library/ext/clpqr/clpq/ineq_q.pl	0	59	36767	17749	
/opt/homebrew/lib/swipl/library/ext/clpqr/clpq/bv_q.pl	0	332	49011	20938	
/opt/homebrew/lib/swipl/library/ext/pldoc/pldoc/doc_util.pl	0	20	6174	1518	
/opt/homebrew/lib/swipl/library/ext/pldoc/pldoc/doc_colour.pl	0	21	4201	965	
/opt/homebrew/lib/swipl/library/ext/pldoc/pldoc/doc_words.pl	0	24	7036	2479	
/opt/homebrew/lib/swipl/library/ext/pldoc/pldoc/doc_modes.pl	0	24	16266	5862	
/opt/homebrew/lib/swipl/library/ext/pldoc/pldoc/doc_library.pl	0	16	3929	843	
/opt/homebrew/lib/swipl/library/ext/pldoc/pldoc/doc_man.pl	0	67	41513	16854	
/opt/homebrew/lib/swipl/library/ext/pldoc/pldoc/doc_search.pl	0	39	29552	11457	
/opt/homebrew/lib/swipl/library/ext/json/http/js_grammar.pl	0	23	2084	142	
/opt/homebrew/lib/swipl/library/ext/json/http/INDEX.pl	0	16	631	329	
/opt/homebrew/lib/swipl/library/ext/json/http/http_json.pl	0	25	16814	4123	
/opt/homebrew/lib/swipl/library/ext/json/http/json_convert.pl	0	17	2043	104	
/opt/homebrew/lib/swipl/library/ext/json/http/json.pl	0	11	1976	104	
/opt/homebrew/lib/swipl/library/ext/http/http/http_files.pl	0	16	6665	1027	
/opt/homebrew/lib/swipl/library/ext/http/http/http_stream.pl	0	15	15020	955	
/opt/homebrew/lib/swipl/library/ext/http/http/http_hook.pl	0	40	3673	231	
/opt/homebrew/lib/swipl/library/ext/http/http/http_redis_plugin.pl	0	49	11851	3624	
/opt/homebrew/lib/swipl/library/ext/http/http/http_parameters.pl	0	28	15983	5205	
/opt/homebrew/lib/swipl/library/ext/http/http/mimepack.pl	0	25	7981	1768	
/opt/homebrew/lib/swipl/library/ext/http/http/http_error.pl	0	14	4627	887	
/opt/homebrew/lib/swipl/library/ext/http/http/graphql.pl	0	38	41037	13271	
/opt/homebrew/lib/swipl/library/ext/http/http/http_client.pl	0	23	15512	3496	
/opt/homebrew/lib/swipl/library/ext/http/http/http_host.pl	0	18	7533	1506	
/opt/homebrew/lib/swipl/library/ext/http/http/INDEX.pl	0	29	14508	7802	
/opt/homebrew/lib/swipl/library/ext/http/http/html_quasiquotations.pl	0	14	4530	752	
/opt/homebrew/lib/swipl/library/ext/pldoc/pldoc/doc_wiki.pl	0	545	62836	26776	
/opt/homebrew/lib/swipl/library/ext/http/http/http_server_health.pl	0	20	7057	1793	
/opt/homebrew/lib/swipl/library/ext/http/http/http_server_files.pl	0	16	5054	897	
/opt/homebrew/lib/swipl/library/ext/http/http/http_cors.pl	0	13	5812	826	
/opt/homebrew/lib/swipl/library/ext/http/http/js_write.pl	0	17	12803	3475	
/opt/homebrew/lib/swipl/library/ext/pldoc/pldoc/doc_html.pl	0	288	76095	31863	
/opt/homebrew/lib/swipl/library/ext/http/http/mimetype.pl	0	17	10132	2529	
/opt/homebrew/lib/swipl/library/ext/http/http/thread_httpd.pl	0	50	39084	11907	
/opt/homebrew/lib/swipl/library/ext/http/http/http_proxy.pl	0	12	3045	351	
/opt/homebrew/lib/swipl/library/ext/http/http/http_dyn_workers.pl	0	20	7561	1962	
/opt/homebrew/lib/swipl/library/ext/http/http/yadis.pl	0	16	6381	1468	
/opt/homebrew/lib/swipl/library/ext/http/http/http_digest.pl	0	31	26637	7793	
/opt/homebrew/lib/swipl/library/ext/http/http/http_unix_daemon.pl	0	35	33252	9011	
/opt/homebrew/lib/swipl/library/ext/http/http/http_dirindex.pl	0	19	9688	3163	
/opt/homebrew/lib/swipl/library/ext/http/http/hub.pl	0	24	21775	4940	
/opt/homebrew/lib/swipl/library/ext/http/http/http_multipart_plugin.pl	0	17	8607	1972	
/opt/homebrew/lib/swipl/library/ext/http/http/http_server.pl	0	20	4769	668	
/opt/homebrew/lib/swipl/library/ext/http/http/http_authenticate.pl	0	23	12000	2773	
/opt/homebrew/lib/swipl/library/ext/http/http/http_exception.pl	0	15	8122	1824	
/opt/homebrew/lib/swipl/library/ext/http/http/http_dispatch.pl	0	40	51798	14907	
/opt/homebrew/lib/swipl/library/ext/http/http/html_head.pl	0	35	20892	5376	
/opt/homebrew/lib/swipl/library/ext/http/http/http_path.pl	0	23	12323	3124	
/opt/homebrew/lib/swipl/library/ext/http/http/http_wrapper.pl	0	31	18544	5525	
/opt/homebrew/lib/swipl/library/ext/http/http/http_load.pl	0	11	3815	635	
/opt/homebrew/lib/swipl/library/ext/http/http/term_html.pl	0	117	24939	10300	
/opt/homebrew/lib/swipl/library/ext/http/http/dcg_basics.pl	0	9	2087	116	
/opt/homebrew/lib/swipl/library/ext/http/http/http_openid.pl	0	55	54907	13920	
/opt/homebrew/lib/swipl/library/ext/http/http/http_log.pl	0	28	23343	7199	
/opt/homebrew/lib/swipl/library/ext/http/http/htmx.pl	0	16	4907	327	
/opt/homebrew/lib/swipl/library/ext/http/http/http_cookie.pl	0	15	8291	2073	
/opt/homebrew/lib/swipl/library/ext/http/http/html_decl.pl	0	23	12472	5184	
/opt/homebrew/lib/swipl/library/ext/http/http/ax.pl	0	14	6904	1395	
/opt/homebrew/lib/swipl/library/ext/http/http/http_session.pl	0	49	33397	8491	
/opt/homebrew/lib/swipl/library/ext/http/http/http_pwp.pl	0	18	12445	2683	
/opt/homebrew/lib/swipl/library/ext/http/http/http_sgml_plugin.pl	0	17	4775	1045	
/opt/homebrew/lib/swipl/library/ext/http/http/websocket.pl	0	25	26122	5802	
/opt/homebrew/lib/swipl/library/ext/http/http/http_open.pl	0	54	61550	16971	
/opt/homebrew/lib/swipl/library/ext/protobufs/protobufs/gen_pb/google/protobuf/compiler/plugin_pb.pl	0	20	16487	3340	
/opt/homebrew/lib/swipl/library/ext/http/http/http_header.pl	0	740	88796	30389	
/opt/homebrew/lib/swipl/library/ext/http/http/html_write.pl	0	40	39442	13300	
/opt/homebrew/lib/swipl/library/ext/protobufs/protobufs/gen_pb/google/protobuf/descriptor_pb.pl	0	235	107587	23124	
/opt/homebrew/lib/swipl/library/ext/chr/chr/chr_translate.pl	0	7262	873753	325400	
/opt/homebrew/lib/swipl/library/ext/chr/chr/guard_entailment.pl	0	5766	754744	226497	
