internal/api/session.go	handleGetImportAdderEdits	internal/ls/lsutil/userpreferences.go	ModuleSpecifierPreferences	concrete-one-hop-receiver	receiver lsutil.UserPreferences, 1 hop(s), recv define:call	/Users/chrishafley/projects/typescript-go/internal/api/session.go:2005
internal/ast/ast_generated.go	ForEachChild	internal/ast/ast.go	ForEachChild	multi-hop-receiver	receiver *ast.SourceFile, 3 hop(s), recv expr:*ast.TypeAssertExpr	/Users/chrishafley/projects/typescript-go/internal/ast/ast_generated.go:8995
internal/ast/utilities.go	IsOutermostOptionalChain	internal/ast/ast.go	Expression	concrete-one-hop-receiver	receiver *ast.Node, 1 hop(s), recv define:field-or-qualified	/Users/chrishafley/projects/typescript-go/internal/ast/utilities.go:379
internal/ast/visitor.go	VisitNode	internal/ast/ast_generated.go	AsSyntaxList	concrete-one-hop-receiver	receiver *ast.Node, 1 hop(s), recv define:call	/Users/chrishafley/projects/typescript-go/internal/ast/visitor.go:53
internal/ast/visitor.go	VisitSlice	internal/ast/ast_generated.go	AsSyntaxList	concrete-one-hop-receiver	receiver *ast.Node, 1 hop(s), recv define:call	/Users/chrishafley/projects/typescript-go/internal/ast/visitor.go:157
internal/binder/referenceresolver.go	GetReferencedExportContainer	internal/ast/ast.go	Name	multi-hop-receiver	receiver *ast.Node, 2 hop(s), recv expr:*ast.SelectorExpr	/Users/chrishafley/projects/typescript-go/internal/binder/referenceresolver.go:156
internal/binder/referenceresolver.go	getReferencedValueSymbol	internal/ast/ast.go	Name	multi-hop-receiver	receiver *ast.Node, 2 hop(s), recv expr:*ast.SelectorExpr	/Users/chrishafley/projects/typescript-go/internal/binder/referenceresolver.go:90
internal/bundled/bundled.go	WrapFS	internal/bundled/embed.go	wrapFS	package-level-call	bare name in this package	/Users/chrishafley/projects/typescript-go/internal/bundled/bundled.go:24
internal/checker/checker.go	areTypeParametersIdentical	internal/ast/ast.go	Name	concrete-one-hop-receiver	receiver *ast.Node, 1 hop(s), recv range	/Users/chrishafley/projects/typescript-go/internal/checker/checker.go:4494
internal/checker/checker.go	areTypeParametersIdentical	internal/ast/ast.go	Text	alias-receiver	receiver *ast.DeclarationName is an alias of github.com/microsoft/typescript-go/internal/ast.Node, 3 hop(s), recv expr:*ast.CallExpr	/Users/chrishafley/projects/typescript-go/internal/checker/checker.go:4494
internal/checker/checker.go	checkForInStatement	internal/ast/ast.go	Name	multi-hop-receiver	receiver *ast.Node, 2 hop(s), recv expr:*ast.IndexExpr	/Users/chrishafley/projects/typescript-go/internal/checker/checker.go:4004
internal/checker/checker.go	checkKindsOfPropertyMemberOverrides	internal/ast/ast.go	Name	concrete-one-hop-receiver	receiver *ast.Node, 1 hop(s), recv define:call	/Users/chrishafley/projects/typescript-go/internal/checker/checker.go:4677
internal/checker/checker.go	checkKindsOfPropertyMemberOverrides	internal/ast/ast.go	PostfixToken	concrete-one-hop-receiver	receiver *ast.Node, 1 hop(s), recv define:call	/Users/chrishafley/projects/typescript-go/internal/checker/checker.go:4678
internal/checker/checker.go	checkTemplateExpression	internal/ast/ast.go	Expression	concrete-one-hop-receiver	receiver *ast.Node, 1 hop(s), recv range	/Users/chrishafley/projects/typescript-go/internal/checker/checker.go:8073
internal/checker/checker.go	checkTemplateLiteralType	internal/ast/ast.go	Type	concrete-one-hop-receiver	receiver *ast.Node, 1 hop(s), recv range	/Users/chrishafley/projects/typescript-go/internal/checker/checker.go:3325
internal/checker/checker.go	checkUnusedLocalsAndParameters	internal/ast/ast.go	Name	concrete-one-hop-receiver	receiver *ast.Node, 1 hop(s), recv range	/Users/chrishafley/projects/typescript-go/internal/checker/checker.go:7245
internal/checker/checker.go	getContextualTypeForAssignmentExpression	internal/ast/ast.go	Expression	alias-receiver	receiver *ast.Expression is an alias of github.com/microsoft/typescript-go/internal/ast.Node, 1 hop(s), recv define:field-or-qualified	/Users/chrishafley/projects/typescript-go/internal/checker/checker.go:29969
internal/checker/checker.go	getContextualTypeForAssignmentExpression	internal/ast/ast.go	Name	alias-receiver	receiver *ast.Expression is an alias of github.com/microsoft/typescript-go/internal/ast.Node, 1 hop(s), recv define:field-or-qualified	/Users/chrishafley/projects/typescript-go/internal/checker/checker.go:29985
internal/checker/checker.go	getContextualTypeForAssignmentExpression	internal/ast/ast.go	Text	alias-receiver	receiver *ast.DeclarationName is an alias of github.com/microsoft/typescript-go/internal/ast.Node, 3 hop(s), recv expr:*ast.CallExpr	/Users/chrishafley/projects/typescript-go/internal/checker/checker.go:29985
internal/checker/checker.go	getDeclarationSpaces	internal/ast/kind_stringer_generated.go	String	multi-hop-receiver	receiver ast.Kind, 2 hop(s), recv expr:*ast.SelectorExpr	/Users/chrishafley/projects/typescript-go/internal/checker/checker.go:7089
internal/checker/checker.go	getDeclaredTypeOfTypeAlias	internal/ast/ast.go	Name	concrete-one-hop-receiver	receiver *ast.Node, 1 hop(s), recv define:call	/Users/chrishafley/projects/typescript-go/internal/checker/checker.go:23984
internal/checker/checker.go	getDeclaredTypeOfTypeAlias	internal/ast/ast.go	Type	concrete-one-hop-receiver	receiver *ast.Node, 1 hop(s), recv define:call	/Users/chrishafley/projects/typescript-go/internal/checker/checker.go:23969
internal/checker/checker.go	getForInVariableSymbol	internal/ast/ast.go	Name	concrete-one-hop-receiver	receiver *ast.Node, 1 hop(s), recv define:index	/Users/chrishafley/projects/typescript-go/internal/checker/checker.go:8295
internal/checker/checker.go	getIterationTypesOfMethod	internal/checker/types.go	TypeParameters	multi-hop-receiver	receiver *checker.InterfaceType, 5 hop(s), recv expr:*ast.CallExpr	/Users/chrishafley/projects/typescript-go/internal/checker/checker.go:6673
internal/checker/checker.go	getModifiersTypeFromMappedType	internal/checker/types.go	AsIndexType	concrete-one-hop-receiver	receiver *checker.Type, 1 hop(s), recv define:ident	/Users/chrishafley/projects/typescript-go/internal/checker/checker.go:28269
internal/checker/checker.go	getResolutionModeOverride	internal/ast/ast.go	Name	concrete-one-hop-receiver	receiver *ast.Node, 1 hop(s), recv define:index	/Users/chrishafley/projects/typescript-go/internal/checker/checker.go:3348
internal/checker/checker.go	getResolutionModeOverride	internal/ast/ast.go	Text	alias-receiver	receiver *ast.DeclarationName is an alias of github.com/microsoft/typescript-go/internal/ast.Node, 3 hop(s), recv expr:*ast.CallExpr	/Users/chrishafley/projects/typescript-go/internal/checker/checker.go:3351
internal/checker/checker.go	getTargetOfModuleDefault	internal/ast/ast_generated.go	AsSourceFile	concrete-one-hop-receiver	receiver *ast.Node, 1 hop(s), recv define:call	/Users/chrishafley/projects/typescript-go/internal/checker/checker.go:14641
internal/checker/checker.go	getTypeFromImportAttributes	internal/ast/ast.go	Name	concrete-one-hop-receiver	receiver *ast.Node, 1 hop(s), recv range	/Users/chrishafley/projects/typescript-go/internal/checker/checker.go:5529
internal/checker/checker.go	getTypeFromImportAttributes	internal/ast/ast.go	Text	alias-receiver	receiver *ast.DeclarationName is an alias of github.com/microsoft/typescript-go/internal/ast.Node, 3 hop(s), recv expr:*ast.CallExpr	/Users/chrishafley/projects/typescript-go/internal/checker/checker.go:5529
internal/checker/checker.go	getTypeFromTemplateTypeNode	internal/ast/ast.go	Type	concrete-one-hop-receiver	receiver *ast.Node, 1 hop(s), recv range	/Users/chrishafley/projects/typescript-go/internal/checker/checker.go:24371
internal/checker/checker.go	hasCorrectArity	internal/ast/ast_generated.go	AsTemplateSpan	concrete-one-hop-receiver	receiver *ast.Node, 1 hop(s), recv define:call	/Users/chrishafley/projects/typescript-go/internal/checker/checker.go:9215
internal/checker/checker.go	reportNonexistentProperty	internal/diagnostics/diagnostics.go	Code	multi-hop-receiver	receiver *diagnostics.Message, 2 hop(s), recv expr:*ast.SelectorExpr	/Users/chrishafley/projects/typescript-go/internal/checker/checker.go:11680
internal/checker/checker.go	resolveESModuleSymbol	internal/ast/ast_generated.go	AsSourceFile	concrete-one-hop-receiver	receiver *ast.Node, 1 hop(s), recv define:call	/Users/chrishafley/projects/typescript-go/internal/checker/checker.go:15693
internal/checker/checker.go	shouldMarkIdentifierAliasReferenced	internal/ast/ast.go	Expression	concrete-one-hop-receiver	receiver *ast.Node, 1 hop(s), recv define:field-or-qualified	/Users/chrishafley/projects/typescript-go/internal/checker/checker.go:28498
internal/checker/checker.go	tryGetNameFromType	internal/jsnum/string.go	String	multi-hop-receiver	receiver jsnum.Number, 2 hop(s), recv expr:*ast.CallExpr	/Users/chrishafley/projects/typescript-go/internal/checker/checker.go:18844
internal/checker/emitresolver.go	CreateLateBoundIndexSignatures	internal/ast/ast.go	QuestionToken	concrete-one-hop-receiver	receiver *ast.Node, 1 hop(s), recv range	/Users/chrishafley/projects/typescript-go/internal/checker/emitresolver.go:1122
internal/checker/flow.go	getSwitchClauseTypeOfWitnesses	internal/ast/ast.go	Expression	concrete-one-hop-receiver	receiver *ast.Node, 1 hop(s), recv range	/Users/chrishafley/projects/typescript-go/internal/checker/flow.go:1996
internal/checker/flow.go	getSwitchClauseTypeOfWitnesses	internal/ast/ast.go	Text	multi-hop-receiver	receiver *ast.Node, 3 hop(s), recv expr:*ast.CallExpr	/Users/chrishafley/projects/typescript-go/internal/checker/flow.go:2000
internal/checker/inference.go	getLimitedConstraint	internal/checker/types.go	Types	concrete-one-hop-receiver	receiver *checker.Type, 1 hop(s), recv define:ident	/Users/chrishafley/projects/typescript-go/internal/checker/inference.go:1171
internal/checker/nodebuilder_hover.go	expandEnumDecl	internal/ast/ast_generated.go	AsEnumMember	concrete-one-hop-receiver	receiver *ast.Node, 1 hop(s), recv define:call	/Users/chrishafley/projects/typescript-go/internal/checker/nodebuilder_hover.go:68
internal/checker/nodebuilderimpl.go	getPropertyNameNodeForSymbolFromNameType	internal/jsnum/string.go	String	multi-hop-receiver	receiver jsnum.Number, 5 hop(s), recv expr:*ast.TypeAssertExpr	/Users/chrishafley/projects/typescript-go/internal/checker/nodebuilderimpl.go:2485
internal/checker/nodecopy.go	tryReuseExistingNodeHelper	internal/core/text.go	End	multi-hop-receiver	receiver core.TextRange, 2 hop(s), recv expr:*ast.SelectorExpr	/Users/chrishafley/projects/typescript-go/internal/checker/nodecopy.go:230
internal/checker/nodecopy.go	tryReuseExistingNodeHelper	internal/core/text.go	Pos	multi-hop-receiver	receiver core.TextRange, 2 hop(s), recv expr:*ast.SelectorExpr	/Users/chrishafley/projects/typescript-go/internal/checker/nodecopy.go:230
internal/checker/pseudotypenodebuilder.go	pseudoTypeToNode	internal/pseudochecker/type.go	Signature	concrete-one-hop-receiver	receiver *pseudochecker.PseudoObjectElement, 1 hop(s), recv range	/Users/chrishafley/projects/typescript-go/internal/checker/pseudotypenodebuilder.go:234
internal/checker/relater.go	elaborateArrayLiteral	internal/jsnum/string.go	String	multi-hop-receiver	receiver jsnum.Number, 3 hop(s), recv expr:*ast.CallExpr	/Users/chrishafley/projects/typescript-go/internal/checker/relater.go:534
internal/checker/utilities.go	getPropertyNameFromType	internal/jsnum/string.go	String	multi-hop-receiver	receiver jsnum.Number, 5 hop(s), recv expr:*ast.TypeAssertExpr	/Users/chrishafley/projects/typescript-go/internal/checker/utilities.go:891
internal/checker/utilities.go	isInRightSideOfImportOrExportAssignment	internal/ast/ast.go	Expression	multi-hop-receiver	receiver *ast.Node, 2 hop(s), recv expr:*ast.SelectorExpr	/Users/chrishafley/projects/typescript-go/internal/checker/utilities.go:1113
internal/compiler/emitHost.go	newEmitHost	internal/checker/checker.go	GetEmitResolver	concrete-one-hop-receiver	receiver *checker.Checker, 1 hop(s), recv define:multi-value	/Users/chrishafley/projects/typescript-go/internal/compiler/emitHost.go:42
internal/compiler/emitter.go	runScriptTransformers	internal/transformers/transformer.go	TransformSourceFile	concrete-one-hop-receiver	receiver *transformers.Transformer, 1 hop(s), recv range	/Users/chrishafley/projects/typescript-go/internal/compiler/emitter.go:73
internal/compiler/fileloader.go	getModeForUsageLocation	internal/ast/ast.go	GetResolutionModeOverride	alias-receiver	receiver *ast.ImportAttributesNode is an alias of github.com/microsoft/typescript-go/internal/ast.Node, 5 hop(s), recv expr:*ast.SelectorExpr	/Users/chrishafley/projects/typescript-go/internal/compiler/fileloader.go:1022
internal/compiler/fileloader.go	loadSourceFileMetaData	internal/packagejson/cache.go	Exists	concrete-one-hop-receiver	receiver *packagejson.InfoCacheEntry, 1 hop(s), recv define:call	/Users/chrishafley/projects/typescript-go/internal/compiler/fileloader.go:375
internal/compiler/fileloader.go	resolveImportsAndModuleAugmentations	internal/ast/ast.go	Text	concrete-one-hop-receiver	receiver *ast.Node, 1 hop(s), recv range	/Users/chrishafley/projects/typescript-go/internal/compiler/fileloader.go:865
internal/contentmapper/hostimpl.go	normalizeDiagnosticDirectives	internal/core/text.go	End	multi-hop-receiver	receiver core.TextRange, 4 hop(s), recv expr:*ast.SelectorExpr	/Users/chrishafley/projects/typescript-go/internal/contentmapper/hostimpl.go:1293
internal/core/pattern.go	FindBestPatternMatch	internal/core/pattern.go	Matches	concrete-one-hop-receiver	receiver core.Pattern, 1 hop(s), recv define:call	/Users/chrishafley/projects/typescript-go/internal/core/pattern.go:46
internal/core/textchange.go	ApplyBulkEdits	internal/core/text.go	End	multi-hop-receiver	receiver core.TextRange, 2 hop(s), recv expr:*ast.SelectorExpr	/Users/chrishafley/projects/typescript-go/internal/core/textchange.go:25
internal/core/textchange.go	ApplyBulkEdits	internal/core/text.go	Pos	multi-hop-receiver	receiver core.TextRange, 2 hop(s), recv expr:*ast.SelectorExpr	/Users/chrishafley/projects/typescript-go/internal/core/textchange.go:19
internal/diagnosticwriter/diagnosticwriter.go	File	internal/ast/diagnostic.go	File	multi-hop-receiver	receiver *ast.Diagnostic, 2 hop(s), recv expr:*ast.SelectorExpr	/Users/chrishafley/projects/typescript-go/internal/diagnosticwriter/diagnosticwriter.go:58
internal/diagnosticwriter/diagnosticwriter.go	FormatDiagnosticWithColorAndContext	internal/diagnostics/diagnostics.go	Code	multi-hop-receiver	receiver *diagnostics.Message, 2 hop(s), recv expr:*ast.SelectorExpr	/Users/chrishafley/projects/typescript-go/internal/diagnosticwriter/diagnosticwriter.go:225
internal/diagnosticwriter/diagnosticwriter.go	MessageChain	internal/ast/diagnostic.go	File	multi-hop-receiver	receiver *ast.Diagnostic, 2 hop(s), recv expr:*ast.SelectorExpr	/Users/chrishafley/projects/typescript-go/internal/diagnosticwriter/diagnosticwriter.go:141
internal/diagnosticwriter/diagnosticwriter.go	MessageChain	internal/ast/diagnostic.go	MessageChain	multi-hop-receiver	receiver *ast.Diagnostic, 2 hop(s), recv expr:*ast.SelectorExpr	/Users/chrishafley/projects/typescript-go/internal/diagnosticwriter/diagnosticwriter.go:131
internal/diagnosticwriter/diagnosticwriter.go	RelatedInformation	internal/ast/diagnostic.go	RelatedInformation	multi-hop-receiver	receiver *ast.Diagnostic, 2 hop(s), recv expr:*ast.SelectorExpr	/Users/chrishafley/projects/typescript-go/internal/diagnosticwriter/diagnosticwriter.go:49
internal/diagnosticwriter/diagnosticwriter.go	Source	internal/ast/diagnostic.go	Source	multi-hop-receiver	receiver *ast.Diagnostic, 2 hop(s), recv expr:*ast.SelectorExpr	/Users/chrishafley/projects/typescript-go/internal/diagnosticwriter/diagnosticwriter.go:72
internal/diagnosticwriter/diagnosticwriter.go	WriteErrorSummaryText	internal/diagnostics/diagnostics.go	Localize	multi-hop-receiver	receiver *diagnostics.Message, 2 hop(s), recv expr:*ast.SelectorExpr	/Users/chrishafley/projects/typescript-go/internal/diagnosticwriter/diagnosticwriter.go:438
internal/diagnosticwriter/diagnosticwriter.go	resolve	internal/ast/ast.go	SpanMap	concrete-one-hop-receiver	receiver *ast.SourceFile, 1 hop(s), recv define:call	/Users/chrishafley/projects/typescript-go/internal/diagnosticwriter/diagnosticwriter.go:98
internal/diagnosticwriter/diagnosticwriter.go	resolve	internal/ast/diagnostic.go	File	multi-hop-receiver	receiver *ast.Diagnostic, 2 hop(s), recv expr:*ast.SelectorExpr	/Users/chrishafley/projects/typescript-go/internal/diagnosticwriter/diagnosticwriter.go:92
internal/diagnosticwriter/diagnosticwriter.go	resolve	internal/ast/diagnostic.go	Source	multi-hop-receiver	receiver *ast.Diagnostic, 2 hop(s), recv expr:*ast.SelectorExpr	/Users/chrishafley/projects/typescript-go/internal/diagnosticwriter/diagnosticwriter.go:96
internal/diagnosticwriter/diagnosticwriter.go	writeTabularErrorsDisplay	internal/diagnostics/diagnostics.go	Localize	multi-hop-receiver	receiver *diagnostics.Message, 2 hop(s), recv expr:*ast.SelectorExpr	/Users/chrishafley/projects/typescript-go/internal/diagnosticwriter/diagnosticwriter.go:511
internal/evaluator/evaluator.go	evaluateTemplateExpression	internal/ast/ast.go	Expression	concrete-one-hop-receiver	receiver *ast.Node, 1 hop(s), recv range	/Users/chrishafley/projects/typescript-go/internal/evaluator/evaluator.go:130
internal/execute/incremental/program.go	getSemanticDiagnosticsOfFile	internal/execute/incremental/snapshot.go	getDiagnostics	concrete-one-hop-receiver	receiver *incremental.DiagnosticsOrBuildInfoDiagnosticsWithFileName, 1 hop(s), recv define:multi-value	/Users/chrishafley/projects/typescript-go/internal/execute/incremental/program.go:219
internal/execute/tsc/help.go	PrintBuildHelp	internal/diagnostics/diagnostics.go	Localize	multi-hop-receiver	receiver *diagnostics.Message, 2 hop(s), recv expr:*ast.SelectorExpr	/Users/chrishafley/projects/typescript-go/internal/execute/tsc/help.go:137
internal/execute/tsc/help.go	PrintVersion	internal/diagnostics/diagnostics.go	Localize	multi-hop-receiver	receiver *diagnostics.Message, 2 hop(s), recv expr:*ast.SelectorExpr	/Users/chrishafley/projects/typescript-go/internal/execute/tsc/help.go:16
internal/execute/tsc/help.go	getValueCandidate	internal/diagnostics/diagnostics.go	Localize	multi-hop-receiver	receiver *diagnostics.Message, 2 hop(s), recv expr:*ast.SelectorExpr	/Users/chrishafley/projects/typescript-go/internal/execute/tsc/help.go:354
internal/execute/tsc/help.go	printAllHelp	internal/diagnostics/diagnostics.go	Localize	multi-hop-receiver	receiver *diagnostics.Message, 2 hop(s), recv expr:*ast.SelectorExpr	/Users/chrishafley/projects/typescript-go/internal/execute/tsc/help.go:112
internal/format/span.go	getNonDecoratorTokenPosOfNode	internal/core/text.go	Pos	multi-hop-receiver	receiver core.TextRange, 2 hop(s), recv expr:*ast.CallExpr	/Users/chrishafley/projects/typescript-go/internal/format/span.go:220
internal/format/span.go	getOwnOrInheritedDelta	internal/core/text.go	Pos	multi-hop-receiver	receiver core.TextRange, 2 hop(s), recv expr:*ast.CallExpr	/Users/chrishafley/projects/typescript-go/internal/format/span.go:93
internal/fourslash/fourslash.go	CloseFileOfMarker	internal/fourslash/test_parser.go	FileName	concrete-one-hop-receiver	receiver *fourslash.Marker, 1 hop(s), recv define:multi-value	/Users/chrishafley/projects/typescript-go/internal/fourslash/fourslash.go:979
internal/fourslash/fourslash.go	FormatSelection	internal/fourslash/test_parser.go	FileName	concrete-one-hop-receiver	receiver *fourslash.Marker, 1 hop(s), recv define:multi-value	/Users/chrishafley/projects/typescript-go/internal/fourslash/fourslash.go:1042
internal/fourslash/fourslash.go	VerifyApplyCodeActionFromCompletion	internal/ls/lsutil/userpreferences.go	NewDefaultUserPreferences	package-qualified-call	qualified by an import	/Users/chrishafley/projects/typescript-go/internal/fourslash/fourslash.go:2224
internal/fourslash/fourslash.go	VerifyBaselineCallHierarchy	internal/lsp/lsproto/lsp.go	FileName	multi-hop-receiver	receiver lsproto.DocumentUri, 2 hop(s), recv expr:*ast.SelectorExpr	/Users/chrishafley/projects/typescript-go/internal/fourslash/fourslash.go:3417
internal/fourslash/fourslash.go	VerifyBaselineInlayHints	internal/ls/lsutil/userpreferences.go	NewDefaultUserPreferences	package-qualified-call	qualified by an import	/Users/chrishafley/projects/typescript-go/internal/fourslash/fourslash.go:5271
internal/fourslash/fourslash.go	VerifyErrorExistsAfterMarker	internal/fourslash/test_parser.go	FileName	concrete-one-hop-receiver	receiver *fourslash.Marker, 1 hop(s), recv define:multi-value	/Users/chrishafley/projects/typescript-go/internal/fourslash/fourslash.go:5949
internal/fourslash/fourslash.go	VerifyErrorExistsAtRange	internal/lsp/lsproto/util.go	AsString	multi-hop-receiver	receiver lsproto.StringOrMarkupContent, 2 hop(s), recv expr:*ast.SelectorExpr	/Users/chrishafley/projects/typescript-go/internal/fourslash/fourslash.go:5895
internal/fourslash/fourslash.go	VerifyErrorExistsBeforeMarker	internal/fourslash/test_parser.go	FileName	concrete-one-hop-receiver	receiver *fourslash.Marker, 1 hop(s), recv define:multi-value	/Users/chrishafley/projects/typescript-go/internal/fourslash/fourslash.go:5980
internal/fourslash/fourslash.go	VerifyErrorExistsBetweenMarkers	internal/fourslash/test_parser.go	FileName	concrete-one-hop-receiver	receiver *fourslash.Marker, 1 hop(s), recv define:multi-value	/Users/chrishafley/projects/typescript-go/internal/fourslash/fourslash.go:5915
internal/fourslash/fourslash.go	VerifyNoErrors	internal/lsp/lsproto/util.go	AsString	multi-hop-receiver	receiver lsproto.StringOrMarkupContent, 2 hop(s), recv expr:*ast.SelectorExpr	/Users/chrishafley/projects/typescript-go/internal/fourslash/fourslash.go:5877
internal/fourslash/fourslash.go	VerifyWorkspaceSymbol	internal/ls/lsutil/userpreferences.go	NewDefaultUserPreferences	package-qualified-call	qualified by an import	/Users/chrishafley/projects/typescript-go/internal/fourslash/fourslash.go:5715
internal/fourslash/fourslash.go	toDiagnostic	internal/lsp/lsproto/lsp.go	FileName	multi-hop-receiver	receiver lsproto.DocumentUri, 3 hop(s), recv expr:*ast.SelectorExpr	/Users/chrishafley/projects/typescript-go/internal/fourslash/fourslash.go:5600
internal/fourslash/fourslash.go	updateState	internal/lsp/lsproto/lsp.go	FileName	multi-hop-receiver	receiver lsproto.DocumentUri, 4 hop(s), recv expr:*ast.SelectorExpr	/Users/chrishafley/projects/typescript-go/internal/fourslash/fourslash.go:795
internal/fourslash/fourslash.go	willRenameFilesWorker	internal/lsp/lsproto/lsp.go	FileName	multi-hop-receiver	receiver lsproto.DocumentUri, 3 hop(s), recv expr:*ast.CallExpr	/Users/chrishafley/projects/typescript-go/internal/fourslash/fourslash.go:4973
internal/fourslash/statebaseline.go	printOpenFilesDiff	internal/compiler/program.go	GetSourceFileByPath	concrete-one-hop-receiver	receiver *compiler.Program, 1 hop(s), recv define:call	/Users/chrishafley/projects/typescript-go/internal/fourslash/statebaseline.go:350
internal/fourslash/statebaseline.go	printOpenFilesDiff	internal/project/project.go	GetProgram	concrete-one-hop-receiver	receiver *project.Project, 1 hop(s), recv range	/Users/chrishafley/projects/typescript-go/internal/fourslash/statebaseline.go:350
internal/fourslash/statebaseline.go	printProjectsDiff	internal/project/project.go	GetProgram	concrete-one-hop-receiver	receiver *project.Project, 1 hop(s), recv range	/Users/chrishafley/projects/typescript-go/internal/fourslash/statebaseline.go:263
internal/fourslash/statebaseline.go	printProjectsDiff	internal/project/project.go	Name	concrete-one-hop-receiver	receiver *project.Project, 1 hop(s), recv range	/Users/chrishafley/projects/typescript-go/internal/fourslash/statebaseline.go:265
internal/fswatch/fsevents_darwin.go	newFSEventsBackend	internal/fswatch/watcher.go	init	multi-hop-receiver	receiver fswatch.watcherBase, 2 hop(s), recv expr:*ast.SelectorExpr	/Users/chrishafley/projects/typescript-go/internal/fswatch/fsevents_darwin.go:191
internal/fswatch/kqueue.go	compareDir	internal/fswatch/walkdir_unix.go	walkDir	package-level-call	bare name in this package	/Users/chrishafley/projects/typescript-go/internal/fswatch/kqueue.go:662
internal/fswatch/kqueue.go	newKqueueBackend	internal/fswatch/watcher.go	init	multi-hop-receiver	receiver fswatch.watcherBase, 2 hop(s), recv expr:*ast.SelectorExpr	/Users/chrishafley/projects/typescript-go/internal/fswatch/kqueue.go:147
internal/fswatch/kqueue.go	subscribe	internal/fswatch/walkdir_unix.go	walkDir	package-level-call	bare name in this package	/Users/chrishafley/projects/typescript-go/internal/fswatch/kqueue.go:463
internal/fswatch/walkdir_unix.go	readDirEntries	internal/fswatch/walkdir_dirent_darwin.go	inoOf	package-level-call	bare name in this package	/Users/chrishafley/projects/typescript-go/internal/fswatch/walkdir_unix.go:125
internal/fswatch/walkdir_unix.go	readDirEntries	internal/fswatch/walkdir_dirent_darwin.go	reclenOf	package-level-call	bare name in this package	/Users/chrishafley/projects/typescript-go/internal/fswatch/walkdir_unix.go:121
internal/fswatch/watcher.go	WatchDirectories	internal/fswatch/canonicalize_darwin.go	canonicalizePath	package-level-call	bare name in this package	/Users/chrishafley/projects/typescript-go/internal/fswatch/watcher.go:513
internal/fswatch/watcher.go	WatchFile	internal/fswatch/canonicalize_darwin.go	canonicalizePath	package-level-call	bare name in this package	/Users/chrishafley/projects/typescript-go/internal/fswatch/watcher.go:575
internal/fswatch/watcher.go	physicalDirFor	internal/fswatch/canonicalize_darwin.go	canonicalizePath	package-level-call	bare name in this package	/Users/chrishafley/projects/typescript-go/internal/fswatch/watcher.go:836
internal/fswatch/watcher.go	physicalDirFor	internal/nativepath/realpath_other.go	Realpath	package-qualified-call	qualified by an import	/Users/chrishafley/projects/typescript-go/internal/fswatch/watcher.go:829
internal/glob/glob.go	parse	internal/glob/glob.go	parseLiteral	concrete-one-hop-receiver	receiver *glob.Glob, 1 hop(s), recv define:call	/Users/chrishafley/projects/typescript-go/internal/glob/glob.go:97
internal/ipc/conn_sync.go	Call	internal/jsonrpc/jsonrpc.go	String	multi-hop-receiver	receiver *jsonrpc.ID, 2 hop(s), recv expr:*ast.SelectorExpr	/Users/chrishafley/projects/typescript-go/internal/ipc/conn_sync.go:192
internal/ipc/transport.go	NewPipeTransport	internal/ipc/transport_unix.go	newPipeListener	package-level-call	bare name in this package	/Users/chrishafley/projects/typescript-go/internal/ipc/transport.go:24
internal/ls/api.go	GetSymbolAtLocation	internal/checker/checker.go	GetSymbolAtLocation	concrete-one-hop-receiver	receiver *checker.Checker, 1 hop(s), recv define:multi-value	/Users/chrishafley/projects/typescript-go/internal/ls/api.go:36
internal/ls/api.go	GetSymbolAtLocation	internal/compiler/program.go	GetTypeCheckerForFile	concrete-one-hop-receiver	receiver *compiler.Program, 1 hop(s), recv define:call	/Users/chrishafley/projects/typescript-go/internal/ls/api.go:34
internal/ls/api.go	GetSymbolAtPosition	internal/checker/checker.go	GetSymbolAtLocation	concrete-one-hop-receiver	receiver *checker.Checker, 1 hop(s), recv define:multi-value	/Users/chrishafley/projects/typescript-go/internal/ls/api.go:29
internal/ls/api.go	GetSymbolAtPosition	internal/compiler/program.go	GetTypeCheckerForFile	concrete-one-hop-receiver	receiver *compiler.Program, 1 hop(s), recv define:multi-value	/Users/chrishafley/projects/typescript-go/internal/ls/api.go:27
internal/ls/api.go	GetTypeOfSymbol	internal/compiler/program.go	GetTypeChecker	concrete-one-hop-receiver	receiver *compiler.Program, 1 hop(s), recv define:call	/Users/chrishafley/projects/typescript-go/internal/ls/api.go:41
internal/ls/autoimport/extract.go	extractFromModule	internal/ast/ast_generated.go	Name	concrete-one-hop-receiver	receiver *ast.ModuleDeclaration, 1 hop(s), recv range	/Users/chrishafley/projects/typescript-go/internal/ls/autoimport/extract.go:155
internal/ls/autoimport/extract.go	extractFromSymbol	internal/ast/ast.go	Name	concrete-one-hop-receiver	receiver *ast.Node, 1 hop(s), recv range	/Users/chrishafley/projects/typescript-go/internal/ls/autoimport/extract.go:249
internal/ls/autoimport/extract.go	extractFromSymbol	internal/ast/ast.go	Text	alias-receiver	receiver *ast.DeclarationName is an alias of github.com/microsoft/typescript-go/internal/ast.Node, 3 hop(s), recv expr:*ast.CallExpr	/Users/chrishafley/projects/typescript-go/internal/ls/autoimport/extract.go:249
internal/ls/autoimport/extract.go	extractFromSymbol	internal/ast/ast_generated.go	Name	multi-hop-receiver	receiver *ast.PropertyAssignment, 3 hop(s), recv expr:*ast.CallExpr	/Users/chrishafley/projects/typescript-go/internal/ls/autoimport/extract.go:248
internal/ls/autoimport/fix.go	Edits	internal/diagnostics/diagnostics.go	Localize	multi-hop-receiver	receiver *diagnostics.Message, 2 hop(s), recv expr:*ast.SelectorExpr	/Users/chrishafley/projects/typescript-go/internal/ls/autoimport/fix.go:78
internal/ls/autoimport/fix.go	addImportType	internal/diagnostics/diagnostics.go	Localize	multi-hop-receiver	receiver *diagnostics.Message, 2 hop(s), recv expr:*ast.SelectorExpr	/Users/chrishafley/projects/typescript-go/internal/ls/autoimport/fix.go:149
internal/ls/autoimport/fix.go	addNamespaceQualifier	internal/diagnostics/diagnostics.go	Localize	multi-hop-receiver	receiver *diagnostics.Message, 2 hop(s), recv expr:*ast.SelectorExpr	/Users/chrishafley/projects/typescript-go/internal/ls/autoimport/fix.go:158
internal/ls/autoimport/fix.go	getExistingImports	internal/ast/kind_stringer_generated.go	String	multi-hop-receiver	receiver ast.Kind, 2 hop(s), recv expr:*ast.SelectorExpr	/Users/chrishafley/projects/typescript-go/internal/ls/autoimport/fix.go:859
internal/ls/autoimport/fix.go	tryAddToExistingImport	internal/ast/ast.go	ImportClause	multi-hop-receiver	receiver *ast.Node, 2 hop(s), recv expr:*ast.SelectorExpr	/Users/chrishafley/projects/typescript-go/internal/ls/autoimport/fix.go:746
internal/ls/autoimport/fix.go	tryAddToExistingImport	internal/ast/ast.go	IsTypeOnly	embedded-promoted-method	*ast.ImportClause promotes IsTypeOnly through 3 embedded field(s), recv define:call	/Users/chrishafley/projects/typescript-go/internal/ls/autoimport/fix.go:756
internal/ls/autoimport/fix.go	tryAddToExistingImport	internal/ast/ast.go	Name	multi-hop-receiver	receiver *ast.Node, 2 hop(s), recv expr:*ast.SelectorExpr	/Users/chrishafley/projects/typescript-go/internal/ls/autoimport/fix.go:722
internal/ls/autoimport/fix.go	tryAddToExistingImport	internal/ast/ast_generated.go	AsImportClause	concrete-one-hop-receiver	receiver *ast.Node, 1 hop(s), recv define:call	/Users/chrishafley/projects/typescript-go/internal/ls/autoimport/fix.go:751
internal/ls/autoimport/fix.go	tryAddToExistingImport	internal/ast/ast_generated.go	Name	concrete-one-hop-receiver	receiver *ast.ImportClause, 1 hop(s), recv define:call	/Users/chrishafley/projects/typescript-go/internal/ls/autoimport/fix.go:760
internal/ls/autoimport/registry.go	IsPreparedForImportingFile	internal/tspath/path.go	GetDirectoryPath	concrete-one-hop-receiver	receiver tspath.Path, 1 hop(s), recv define:call	/Users/chrishafley/projects/typescript-go/internal/ls/autoimport/registry.go:362
internal/ls/callhierarchy.go	getCallHierarchyItemName	internal/core/text.go	Pos	multi-hop-receiver	receiver core.TextRange, 2 hop(s), recv expr:*ast.CallExpr	/Users/chrishafley/projects/typescript-go/internal/ls/callhierarchy.go:181
internal/ls/change/trackerimpl.go	getAdjustedEndPosition	internal/core/text.go	End	embedded-promoted-method	ast.CommentRange promotes End through 1 embedded field(s), recv expr:*ast.IndexExpr	/Users/chrishafley/projects/typescript-go/internal/ls/change/trackerimpl.go:278
internal/ls/change/trackerimpl.go	getAdjustedStartPosition	internal/core/text.go	End	embedded-promoted-method	ast.CommentRange promotes End through 1 embedded field(s), recv expr:*ast.IndexExpr	/Users/chrishafley/projects/typescript-go/internal/ls/change/trackerimpl.go:228
internal/ls/change/trackerimpl.go	getInsertionPositionAtSourceFileTop	internal/core/text.go	Pos	embedded-promoted-method	ast.CommentRange promotes Pos through 1 embedded field(s), recv range	/Users/chrishafley/projects/typescript-go/internal/ls/change/trackerimpl.go:383
internal/ls/change/trackerimpl.go	getTextChangesFromChanges	internal/ast/ast.go	OriginalFileName	concrete-one-hop-receiver	receiver *ast.SourceFile, 1 hop(s), recv range	/Users/chrishafley/projects/typescript-go/internal/ls/change/trackerimpl.go:26
internal/ls/codeactions.go	createFixAllAction	internal/diagnostics/diagnostics.go	Localize	multi-hop-receiver	receiver *diagnostics.Message, 2 hop(s), recv expr:*ast.SelectorExpr	/Users/chrishafley/projects/typescript-go/internal/ls/codeactions.go:308
internal/ls/codeactions.go	getOrganizeImportsActionTitle	internal/diagnostics/diagnostics.go	Localize	multi-hop-receiver	receiver *diagnostics.Message, 2 hop(s), recv expr:*ast.SelectorExpr	/Users/chrishafley/projects/typescript-go/internal/ls/codeactions.go:320
internal/ls/codeactions_fixclassincorrectlyimplementsinterface.go	getAllCodeActionsToFixClassIncorrectlyImplementsInterface	internal/ast/diagnostic.go	End	concrete-one-hop-receiver	receiver *ast.Diagnostic, 1 hop(s), recv range	/Users/chrishafley/projects/typescript-go/internal/ls/codeactions_fixclassincorrectlyimplementsinterface.go:83
internal/ls/codeactions_fixclassincorrectlyimplementsinterface.go	getAllCodeActionsToFixClassIncorrectlyImplementsInterface	internal/ast/diagnostic.go	Pos	concrete-one-hop-receiver	receiver *ast.Diagnostic, 1 hop(s), recv range	/Users/chrishafley/projects/typescript-go/internal/ls/codeactions_fixclassincorrectlyimplementsinterface.go:83
internal/ls/codeactions_fixclassincorrectlyimplementsinterface.go	getAllCodeActionsToFixClassIncorrectlyImplementsInterface	internal/diagnostics/diagnostics.go	Localize	multi-hop-receiver	receiver *diagnostics.Message, 2 hop(s), recv expr:*ast.SelectorExpr	/Users/chrishafley/projects/typescript-go/internal/ls/codeactions_fixclassincorrectlyimplementsinterface.go:102
internal/ls/codeactions_fixclassincorrectlyimplementsinterface.go	getCodeActionsToFixClassIncorrectlyImplementsInterface	internal/diagnostics/diagnostics.go	Localize	multi-hop-receiver	receiver *diagnostics.Message, 2 hop(s), recv expr:*ast.SelectorExpr	/Users/chrishafley/projects/typescript-go/internal/ls/codeactions_fixclassincorrectlyimplementsinterface.go:60
internal/ls/codeactions_fixmissingtypeannotation.go	addInlineAssertion	internal/diagnostics/diagnostics.go	Localize	multi-hop-receiver	receiver *diagnostics.Message, 2 hop(s), recv expr:*ast.SelectorExpr	/Users/chrishafley/projects/typescript-go/internal/ls/codeactions_fixmissingtypeannotation.go:401
internal/ls/codeactions_fixmissingtypeannotation.go	addTypeToSignatureDeclaration	internal/diagnostics/diagnostics.go	Localize	multi-hop-receiver	receiver *diagnostics.Message, 2 hop(s), recv expr:*ast.SelectorExpr	/Users/chrishafley/projects/typescript-go/internal/ls/codeactions_fixmissingtypeannotation.go:582
internal/ls/codeactions_fixmissingtypeannotation.go	addTypeToVariableLike	internal/diagnostics/diagnostics.go	Localize	multi-hop-receiver	receiver *diagnostics.Message, 2 hop(s), recv expr:*ast.SelectorExpr	/Users/chrishafley/projects/typescript-go/internal/ls/codeactions_fixmissingtypeannotation.go:1274
internal/ls/codeactions_fixmissingtypeannotation.go	createNamespaceForExpandoProperties	internal/diagnostics/diagnostics.go	Localize	multi-hop-receiver	receiver *diagnostics.Message, 2 hop(s), recv expr:*ast.SelectorExpr	/Users/chrishafley/projects/typescript-go/internal/ls/codeactions_fixmissingtypeannotation.go:304
internal/ls/codeactions_fixmissingtypeannotation.go	extractAsVariable	internal/diagnostics/diagnostics.go	Localize	multi-hop-receiver	receiver *diagnostics.Message, 2 hop(s), recv expr:*ast.SelectorExpr	/Users/chrishafley/projects/typescript-go/internal/ls/codeactions_fixmissingtypeannotation.go:422
internal/ls/codeactions_fixmissingtypeannotation.go	findExpandoFunction	internal/ast/ast_generated.go	AsBinaryExpression	concrete-one-hop-receiver	receiver *ast.Node, 1 hop(s), recv define:ident	/Users/chrishafley/projects/typescript-go/internal/ls/codeactions_fixmissingtypeannotation.go:501
internal/ls/codeactions_fixmissingtypeannotation.go	findExpandoFunction	internal/ast/ast_generated.go	AsElementAccessExpression	concrete-one-hop-receiver	receiver *ast.Node, 1 hop(s), recv define:ident	/Users/chrishafley/projects/typescript-go/internal/ls/codeactions_fixmissingtypeannotation.go:511
internal/ls/codeactions_fixmissingtypeannotation.go	findExpandoFunction	internal/ast/ast_generated.go	AsPropertyAccessExpression	concrete-one-hop-receiver	receiver *ast.Node, 1 hop(s), recv define:ident	/Users/chrishafley/projects/typescript-go/internal/ls/codeactions_fixmissingtypeannotation.go:509
internal/ls/codeactions_fixmissingtypeannotation.go	getAllIsolatedDeclarationsCodeActions	internal/diagnostics/diagnostics.go	Localize	multi-hop-receiver	receiver *diagnostics.Message, 2 hop(s), recv expr:*ast.SelectorExpr	/Users/chrishafley/projects/typescript-go/internal/ls/codeactions_fixmissingtypeannotation.go:163
internal/ls/codeactions_fixmissingtypeannotation.go	transformDestructuringPatterns	internal/diagnostics/diagnostics.go	Localize	multi-hop-receiver	receiver *diagnostics.Message, 2 hop(s), recv expr:*ast.SelectorExpr	/Users/chrishafley/projects/typescript-go/internal/ls/codeactions_fixmissingtypeannotation.go:726
internal/ls/codeactions_fixmissingtypeannotation.go	transformExportAssignment	internal/diagnostics/diagnostics.go	Localize	multi-hop-receiver	receiver *diagnostics.Message, 2 hop(s), recv expr:*ast.SelectorExpr	/Users/chrishafley/projects/typescript-go/internal/ls/codeactions_fixmissingtypeannotation.go:611
internal/ls/codeactions_fixmissingtypeannotation.go	transformExtendsClauseWithExpression	internal/diagnostics/diagnostics.go	Localize	multi-hop-receiver	receiver *diagnostics.Message, 2 hop(s), recv expr:*ast.SelectorExpr	/Users/chrishafley/projects/typescript-go/internal/ls/codeactions_fixmissingtypeannotation.go:660
internal/ls/codeactions_fixmissingtypeannotation.go	tryCodeAction	internal/diagnostics/diagnostics.go	Localize	multi-hop-receiver	receiver *diagnostics.Message, 2 hop(s), recv expr:*ast.SelectorExpr	/Users/chrishafley/projects/typescript-go/internal/ls/codeactions_fixmissingtypeannotation.go:211
internal/ls/codeactions_fixmissingtypeannotation.go	typeToStringForDiag	internal/printer/emitcontext.go	EmitFlags	multi-hop-receiver	receiver *printer.EmitContext, 2 hop(s), recv expr:*ast.SelectorExpr	/Users/chrishafley/projects/typescript-go/internal/ls/codeactions_fixmissingtypeannotation.go:1282
internal/ls/codeactions_importfixes.go	getAllImportCodeActions	internal/diagnostics/diagnostics.go	Localize	multi-hop-receiver	receiver *diagnostics.Message, 2 hop(s), recv expr:*ast.SelectorExpr	/Users/chrishafley/projects/typescript-go/internal/ls/codeactions_importfixes.go:147
internal/ls/codeactions_importfixes.go	getFixInfos	internal/diagnostics/diagnostics.go	Code	multi-hop-receiver	receiver *diagnostics.Message, 2 hop(s), recv expr:*ast.SelectorExpr	/Users/chrishafley/projects/typescript-go/internal/ls/codeactions_importfixes.go:183
internal/ls/codeactions_importfixes.go	getFixesInfoForNonUMDImport	internal/spanmap/spanmap.go	IsExact	concrete-one-hop-receiver	receiver spanmap.Fidelity, 1 hop(s), recv define:multi-value	/Users/chrishafley/projects/typescript-go/internal/ls/codeactions_importfixes.go:316
internal/ls/codeactions_importfixes.go	getImportCodeActions	internal/diagnostics/diagnostics.go	Localize	multi-hop-receiver	receiver *diagnostics.Message, 2 hop(s), recv expr:*ast.SelectorExpr	/Users/chrishafley/projects/typescript-go/internal/ls/codeactions_importfixes.go:89
internal/ls/codeactions_missingmemberfixer.go	createStubbedMethodBody	internal/diagnostics/diagnostics.go	Localize	multi-hop-receiver	receiver *diagnostics.Message, 2 hop(s), recv expr:*ast.SelectorExpr	/Users/chrishafley/projects/typescript-go/internal/ls/codeactions_missingmemberfixer.go:444
internal/ls/codelens.go	ResolveCodeLens	internal/diagnostics/diagnostics.go	Localize	multi-hop-receiver	receiver *diagnostics.Message, 2 hop(s), recv expr:*ast.SelectorExpr	/Users/chrishafley/projects/typescript-go/internal/ls/codelens.go:86
internal/ls/completions.go	canCompleteFromNamedBindings	internal/ast/ast.go	Name	multi-hop-receiver	receiver *ast.Node, 2 hop(s), recv expr:*ast.SelectorExpr	/Users/chrishafley/projects/typescript-go/internal/ls/completions.go:5878
internal/ls/completions.go	createObjectLiteralMethod	internal/ast/ast.go	Clone	alias-receiver	receiver *ast.DeclarationName is an alias of github.com/microsoft/typescript-go/internal/ast.Node, 3 hop(s), recv expr:*ast.CallExpr	/Users/chrishafley/projects/typescript-go/internal/ls/completions.go:2545
internal/ls/completions.go	createObjectLiteralMethod	internal/ast/ast.go	Name	concrete-one-hop-receiver	receiver *ast.Node, 1 hop(s), recv range	/Users/chrishafley/projects/typescript-go/internal/ls/completions.go:2545
internal/ls/completions.go	filterContentMappedAutoImports	internal/ls/autoimport/fix.go	Edits	multi-hop-receiver	receiver *autoimport.Fix, 9 hop(s), recv expr:*ast.ParenExpr	/Users/chrishafley/projects/typescript-go/internal/ls/completions.go:89
internal/ls/completions.go	getCompletionData	internal/ast/kind_stringer_generated.go	String	multi-hop-receiver	receiver ast.Kind, 2 hop(s), recv expr:*ast.SelectorExpr	/Users/chrishafley/projects/typescript-go/internal/ls/completions.go:702
internal/ls/completions.go	getCompletionItemDetails	internal/ls/autoimport/fix.go	Edits	multi-hop-receiver	receiver *autoimport.Fix, 9 hop(s), recv expr:*ast.ParenExpr	/Users/chrishafley/projects/typescript-go/internal/ls/completions.go:5541
internal/ls/completions.go	getEntryForObjectLiteralMethodCompletion	internal/ls/completions.go	printObjectLiteralMethodLabelDetail	concrete-one-hop-receiver	receiver *ls.LanguageService, 1 hop(s), recv param	/Users/chrishafley/projects/typescript-go/internal/ls/completions.go:2490
internal/ls/completions.go	getJSDocParameterCompletions	internal/ast/ast.go	Parameters	concrete-one-hop-receiver	receiver *ast.Node, 1 hop(s), recv define:field-or-qualified	/Users/chrishafley/projects/typescript-go/internal/ls/completions.go:6163
internal/ls/completions.go	getRelevantTokens	internal/ast/ast.go	End	concrete-one-hop-receiver	receiver *ast.Node, 1 hop(s), recv named-result	/Users/chrishafley/projects/typescript-go/internal/ls/completions.go:3269
internal/ls/completions.go	getRelevantTokens	internal/ast/ast.go	Pos	concrete-one-hop-receiver	receiver *ast.Node, 1 hop(s), recv named-result	/Users/chrishafley/projects/typescript-go/internal/ls/completions.go:3270
internal/ls/completions.go	getSwitchedType	internal/ast/ast.go	Expression	multi-hop-receiver	receiver *ast.Node, 3 hop(s), recv expr:*ast.SelectorExpr	/Users/chrishafley/projects/typescript-go/internal/ls/completions.go:3552
internal/ls/completions.go	shouldIncludeSymbol	internal/ast/ast.go	End	alias-receiver	receiver *ast.ParameterList is an alias of github.com/microsoft/typescript-go/internal/ast.NodeList, 1 hop(s), recv define:call	/Users/chrishafley/projects/typescript-go/internal/ls/completions.go:3099
internal/ls/completions.go	shouldIncludeSymbol	internal/ast/ast.go	ParameterList	multi-hop-receiver	receiver *ast.Node, 2 hop(s), recv expr:*ast.SelectorExpr	/Users/chrishafley/projects/typescript-go/internal/ls/completions.go:3097
internal/ls/completions.go	shouldIncludeSymbol	internal/ast/ast.go	TypeParameterList	multi-hop-receiver	receiver *ast.Node, 2 hop(s), recv expr:*ast.SelectorExpr	/Users/chrishafley/projects/typescript-go/internal/ls/completions.go:3110
internal/ls/definition.go	createDefinitionLocations	internal/ast/ast.go	Pos	concrete-one-hop-receiver	receiver *ast.Node, 1 hop(s), recv define:call	/Users/chrishafley/projects/typescript-go/internal/ls/definition.go:249
internal/ls/diagnostics.go	toLSPDiagnostics	internal/ast/diagnostic.go	File	concrete-one-hop-receiver	receiver *ast.Diagnostic, 1 hop(s), recv range	/Users/chrishafley/projects/typescript-go/internal/ls/diagnostics.go:68
internal/ls/file_rename.go	tryUpdateConfigString	internal/spanmap/spanmap.go	IsExact	concrete-one-hop-receiver	receiver spanmap.Fidelity, 1 hop(s), recv define:multi-value	/Users/chrishafley/projects/typescript-go/internal/ls/file_rename.go:203
internal/ls/findallreferences.go	getRangeOfNode	internal/ast/ast.go	End	multi-hop-receiver	receiver *ast.Node, 3 hop(s), recv expr:*ast.CallExpr	/Users/chrishafley/projects/typescript-go/internal/ls/findallreferences.go:346
internal/ls/findallreferences.go	getReferencedSymbolsForModule	internal/ast/ast.go	Expression	alias-receiver	receiver *ast.Expression is an alias of github.com/microsoft/typescript-go/internal/ast.Node, 4 hop(s), recv expr:*ast.SelectorExpr	/Users/chrishafley/projects/typescript-go/internal/ls/findallreferences.go:1809
internal/ls/findallreferences.go	getReferencedSymbolsForModuleIfDeclaredBySourceFile	internal/ast/ast.go	FileName	multi-hop-receiver	receiver *ast.SourceFile, 3 hop(s), recv expr:*ast.CallExpr	/Users/chrishafley/projects/typescript-go/internal/ls/findallreferences.go:1404
internal/ls/findallreferences.go	getReferencedSymbolsForModuleIfDeclaredBySourceFile	internal/ast/ast_generated.go	AsSourceFile	concrete-one-hop-receiver	receiver *ast.Node, 1 hop(s), recv define:call	/Users/chrishafley/projects/typescript-go/internal/ls/findallreferences.go:1404
internal/ls/hover.go	ProvideHover	internal/checker/checker.go	GetAliasedSymbol	concrete-one-hop-receiver	receiver *checker.Checker, 1 hop(s), recv define:multi-value	/Users/chrishafley/projects/typescript-go/internal/ls/hover.go:110
internal/ls/hover.go	ProvideHover	internal/compiler/program.go	GetTypeCheckerForFile	concrete-one-hop-receiver	receiver *compiler.Program, 1 hop(s), recv define:multi-value	/Users/chrishafley/projects/typescript-go/internal/ls/hover.go:49
internal/ls/importTracker.go	getContainingModuleSymbol	internal/ast/ast.go	Symbol	multi-hop-receiver	receiver *ast.Node, 2 hop(s), recv expr:*ast.CallExpr	/Users/chrishafley/projects/typescript-go/internal/ls/importTracker.go:325
internal/ls/inlay_hints.go	ProvideInlayHint	internal/compiler/program.go	GetTypeCheckerForFile	concrete-one-hop-receiver	receiver *compiler.Program, 1 hop(s), recv define:multi-value	/Users/chrishafley/projects/typescript-go/internal/ls/inlay_hints.go:42
internal/ls/inlay_hints.go	getParameterDeclarationTypeHints	internal/ls/inlay_hints.go	typeToInlayHintParts	concrete-one-hop-receiver	receiver *ls.inlayHintState, 1 hop(s), recv param	/Users/chrishafley/projects/typescript-go/internal/ls/inlay_hints.go:315
internal/ls/inlay_hints.go	getParameterIdentifierInfoAtPosition	internal/ast/ast.go	Name	concrete-one-hop-receiver	receiver *ast.Node, 1 hop(s), recv define:index	/Users/chrishafley/projects/typescript-go/internal/ls/inlay_hints.go:871
internal/ls/inlay_hints.go	typePredicateToInlayHintParts	internal/ls/inlay_hints.go	getInlayHintLabelParts	concrete-one-hop-receiver	receiver *ls.inlayHintState, 1 hop(s), recv param	/Users/chrishafley/projects/typescript-go/internal/ls/inlay_hints.go:338
internal/ls/inlay_hints.go	typeToInlayHintParts	internal/ls/inlay_hints.go	getInlayHintLabelParts	concrete-one-hop-receiver	receiver *ls.inlayHintState, 1 hop(s), recv param	/Users/chrishafley/projects/typescript-go/internal/ls/inlay_hints.go:326
internal/ls/jsdoc_snippet.go	getJSDocSnippetCompletion	internal/diagnostics/diagnostics.go	Localize	multi-hop-receiver	receiver *diagnostics.Message, 2 hop(s), recv expr:*ast.SelectorExpr	/Users/chrishafley/projects/typescript-go/internal/ls/jsdoc_snippet.go:61
internal/ls/jsdoc_snippet.go	getJSDocSnippetCompletionRange	internal/spanmap/spanmap.go	IsExact	concrete-one-hop-receiver	receiver spanmap.Fidelity, 1 hop(s), recv define:multi-value	/Users/chrishafley/projects/typescript-go/internal/ls/jsdoc_snippet.go:104
internal/ls/lsconv/converters.go	FileNameToDocumentURI	internal/bundled/embed.go	IsBundled	package-qualified-call	qualified by an import	/Users/chrishafley/projects/typescript-go/internal/ls/lsconv/converters.go:326
internal/ls/lsconv/converters.go	diagnosticToLSP	internal/ls/lsconv/converters.go	messageChainToString	package-level-call	bare name in this package	/Users/chrishafley/projects/typescript-go/internal/ls/lsconv/converters.go:558
internal/ls/lsutil/organizeimports.go	detectNamedImportOrganizationBySort	internal/ast/ast.go	Name	alias-receiver	receiver *ast.Statement is an alias of github.com/microsoft/typescript-go/internal/ast.Node, 1 hop(s), recv range	/Users/chrishafley/projects/typescript-go/internal/ls/lsutil/organizeimports.go:521
internal/ls/lsutil/organizeimports.go	detectNamedImportOrganizationBySort	internal/ast/ast.go	Text	alias-receiver	receiver *ast.DeclarationName is an alias of github.com/microsoft/typescript-go/internal/ast.Node, 3 hop(s), recv expr:*ast.CallExpr	/Users/chrishafley/projects/typescript-go/internal/ls/lsutil/organizeimports.go:521
internal/ls/lsutil/utilities.go	GetQuotePreference	internal/ast/ast_generated.go	AsStringLiteral	alias-receiver	receiver *ast.LiteralLikeNode is an alias of github.com/microsoft/typescript-go/internal/ast.Node, 1 hop(s), recv define:call	/Users/chrishafley/projects/typescript-go/internal/ls/lsutil/utilities.go:111
internal/ls/rename.go	getRenameInfoForModule	internal/ast/ast.go	FileName	multi-hop-receiver	receiver *ast.SourceFile, 3 hop(s), recv expr:*ast.CallExpr	/Users/chrishafley/projects/typescript-go/internal/ls/rename.go:316
internal/ls/rename.go	getRenameInfoForModule	internal/ast/ast_generated.go	AsSourceFile	concrete-one-hop-receiver	receiver *ast.Node, 1 hop(s), recv define:call	/Users/chrishafley/projects/typescript-go/internal/ls/rename.go:316
internal/ls/rename.go	wouldRenameInOtherNodeModules	internal/ast/ast_generated.go	AsImportSpecifier	concrete-one-hop-receiver	receiver *ast.Node, 1 hop(s), recv define:call	/Users/chrishafley/projects/typescript-go/internal/ls/rename.go:259
internal/ls/signaturehelp.go	getApplicableRangeForTaggedTemplate	internal/ast/ast.go	Pos	alias-receiver	receiver *ast.TemplateMiddleOrTail is an alias of github.com/microsoft/typescript-go/internal/ast.Node, 4 hop(s), recv expr:*ast.SelectorExpr	/Users/chrishafley/projects/typescript-go/internal/ls/signaturehelp.go:1431
internal/ls/source_map.go	tryGetGeneratedPositionWorker	internal/compiler/program.go	GetSourceFile	concrete-one-hop-receiver	receiver *compiler.Program, 1 hop(s), recv define:call	/Users/chrishafley/projects/typescript-go/internal/ls/source_map.go:147
internal/ls/source_map.go	tryGetGeneratedPositionWorker	internal/compiler/program.go	IsSourceFromProjectReference	concrete-one-hop-receiver	receiver *compiler.Program, 1 hop(s), recv define:call	/Users/chrishafley/projects/typescript-go/internal/ls/source_map.go:153
internal/ls/source_map.go	tryGetGeneratedPositionWorker	internal/compiler/program.go	Options	concrete-one-hop-receiver	receiver *compiler.Program, 1 hop(s), recv define:call	/Users/chrishafley/projects/typescript-go/internal/ls/source_map.go:157
internal/ls/sourcedefinition.go	inferImpliedNodeFormat	internal/packagejson/cache.go	Exists	concrete-one-hop-receiver	receiver *packagejson.InfoCacheEntry, 1 hop(s), recv define:call	/Users/chrishafley/projects/typescript-go/internal/ls/sourcedefinition.go:463
internal/ls/string_completions.go	getAlreadyUsedTypesInStringLiteralUnion	internal/ast/ast.go	Text	multi-hop-receiver	receiver *ast.Node, 4 hop(s), recv expr:*ast.SelectorExpr	/Users/chrishafley/projects/typescript-go/internal/ls/string_completions.go:1944
internal/ls/string_completions.go	getDirectoryFragmentRange	internal/core/text.go	NewTextRange	package-qualified-call	qualified by an import	/Users/chrishafley/projects/typescript-go/internal/ls/string_completions.go:660
internal/ls/string_completions.go	getStringLiteralCompletionEntries	internal/ast/ast.go	Elements	concrete-one-hop-receiver	receiver *ast.Node, 1 hop(s), recv define:field-or-qualified	/Users/chrishafley/projects/typescript-go/internal/ls/string_completions.go:399
internal/ls/string_completions.go	getStringLiteralCompletionEntries	internal/ast/ast.go	PropertyName	concrete-one-hop-receiver	receiver *ast.Node, 1 hop(s), recv define:ident	/Users/chrishafley/projects/typescript-go/internal/ls/string_completions.go:381
internal/ls/string_completions.go	getTripleSlashReferenceCompletions	internal/core/text.go	End	embedded-promoted-method	*ast.CommentRange promotes End through 1 embedded field(s), recv define:unary-index	/Users/chrishafley/projects/typescript-go/internal/ls/string_completions.go:2193
internal/ls/string_completions.go	pathCompletionReplacementSpan	internal/spanmap/spanmap.go	IsExact	concrete-one-hop-receiver	receiver spanmap.Fidelity, 1 hop(s), recv define:multi-value	/Users/chrishafley/projects/typescript-go/internal/ls/string_completions.go:627
internal/ls/symbols.go	newDocumentSymbol	internal/ast/ast.go	Name	multi-hop-receiver	receiver *ast.Node, 2 hop(s), recv expr:*ast.CallExpr	/Users/chrishafley/projects/typescript-go/internal/ls/symbols.go:304
internal/ls/utilities.go	getNonModuleSymbolOfMergedModuleSymbol	internal/ast/ast.go	Symbol	concrete-one-hop-receiver	receiver *ast.Node, 1 hop(s), recv define:call	/Users/chrishafley/projects/typescript-go/internal/ls/utilities.go:68
internal/lsp/lsproto/lsp.go	FileName	internal/bundled/embed.go	IsBundled	package-qualified-call	qualified by an import	/Users/chrishafley/projects/typescript-go/internal/lsp/lsproto/lsp.go:20
internal/lsp/lspwatcher/lspwatcher.go	watchRoot	internal/lsp/lsproto/lsp.go	FileName	multi-hop-receiver	receiver lsproto.DocumentUri, 3 hop(s), recv expr:*ast.CallExpr	/Users/chrishafley/projects/typescript-go/internal/lsp/lspwatcher/lspwatcher.go:543
internal/lsp/server.go	dispatchLoop	internal/jsonrpc/jsonrpc.go	String	multi-hop-receiver	receiver *jsonrpc.ID, 2 hop(s), recv expr:*ast.SelectorExpr	/Users/chrishafley/projects/typescript-go/internal/lsp/server.go:977
internal/lsp/server.go	generateAPIPipePath	internal/ipc/transport_unix.go	GeneratePipePath	package-qualified-call	qualified by an import	/Users/chrishafley/projects/typescript-go/internal/lsp/server.go:2356
internal/lsp/server.go	handleDocumentDiagnostic	internal/lsp/lsproto/lsp_generated.go	String	multi-hop-receiver	receiver lsproto.ErrorCode, 2 hop(s), recv expr:*ast.SelectorExpr	/Users/chrishafley/projects/typescript-go/internal/lsp/server.go:1886
internal/lsp/server.go	handleInitialize	internal/core/version.go	Version	package-qualified-call	qualified by an import	/Users/chrishafley/projects/typescript-go/internal/lsp/server.go:1551
internal/lsp/server.go	parseContentMapperContributions	internal/tsoptions/tsconfigparsing.go	Get	multi-hop-receiver	receiver tsoptions.CommandLineOptionNameMap, 2 hop(s), recv expr:*ast.SelectorExpr	/Users/chrishafley/projects/typescript-go/internal/lsp/server.go:2488
internal/lsp/server.go	recover	internal/lsp/lsproto/lsp_generated.go	String	multi-hop-receiver	receiver lsproto.ErrorCode, 2 hop(s), recv expr:*ast.SelectorExpr	/Users/chrishafley/projects/typescript-go/internal/lsp/server.go:1489
internal/lsp/server.go	sendClientRequest	internal/jsonrpc/jsonrpc.go	String	multi-hop-receiver	receiver *jsonrpc.ResponseError, 2 hop(s), recv expr:*ast.SelectorExpr	/Users/chrishafley/projects/typescript-go/internal/lsp/server.go:1076
internal/lsp/server.go	writeLoop	internal/lsp/lsproto/jsonrpc.go	AsResponse	concrete-one-hop-receiver	receiver *lsproto.Message, 1 hop(s), recv define:multi-value	/Users/chrishafley/projects/typescript-go/internal/lsp/server.go:1034
internal/module/resolver.go	PackageJsonCacheEntries	internal/packagejson/cache.go	Range	multi-hop-receiver	receiver *packagejson.InfoCache, 3 hop(s), recv expr:*ast.SelectorExpr	/Users/chrishafley/projects/typescript-go/internal/module/resolver.go:220
internal/module/resolver.go	loadModuleFromNearestNodeModulesDirectory	internal/module/types.go	String	concrete-one-hop-receiver	receiver module.extensions, 1 hop(s), recv define:other	/Users/chrishafley/projects/typescript-go/internal/module/resolver.go:1001
internal/module/resolver.go	tryLoadModuleUsingPaths	internal/module/resolver.go	shouldContinueSearching	concrete-one-hop-receiver	receiver *module.resolved, 1 hop(s), recv define:call	/Users/chrishafley/projects/typescript-go/internal/module/resolver.go:1305
internal/module/resolver.go	tryLoadModuleUsingRootDirs	internal/module/resolver.go	shouldContinueSearching	concrete-one-hop-receiver	receiver *module.resolved, 1 hop(s), recv define:call	/Users/chrishafley/projects/typescript-go/internal/module/resolver.go:1360
internal/modulespecifiers/specifiers.go	tryGetModuleNameFromAmbientModule	internal/ast/ast.go	Expression	concrete-one-hop-receiver	receiver *ast.Node, 1 hop(s), recv define:field-or-qualified	/Users/chrishafley/projects/typescript-go/internal/modulespecifiers/specifiers.go:142
internal/modulespecifiers/specifiers.go	tryGetModuleNameFromPackageJsonImports	internal/packagejson/exportsorimports.go	AsObject	concrete-one-hop-receiver	receiver packagejson.ExportsOrImports, 1 hop(s), recv define:field-or-qualified	/Users/chrishafley/projects/typescript-go/internal/modulespecifiers/specifiers.go:1048
internal/osutil/osutil.go	Args	internal/osutil/os_other.go	args	package-level-call	bare name in this package	/Users/chrishafley/projects/typescript-go/internal/osutil/osutil.go:5
internal/osutil/osutil.go	Executable	internal/osutil/os_other.go	executable	package-level-call	bare name in this package	/Users/chrishafley/projects/typescript-go/internal/osutil/osutil.go:10
internal/parser/parser.go	parseImportAttributes	internal/diagnostics/diagnostics.go	Code	multi-hop-receiver	receiver *diagnostics.Message, 2 hop(s), recv expr:*ast.SelectorExpr	/Users/chrishafley/projects/typescript-go/internal/parser/parser.go:3148
internal/parser/parser.go	parseImportOrExportSpecifier	internal/ast/ast.go	Text	concrete-one-hop-receiver	receiver *ast.Node, 1 hop(s), recv named-result	/Users/chrishafley/projects/typescript-go/internal/parser/parser.go:2471
internal/parser/parser.go	parseImportType	internal/diagnostics/diagnostics.go	Code	multi-hop-receiver	receiver *diagnostics.Message, 2 hop(s), recv expr:*ast.SelectorExpr	/Users/chrishafley/projects/typescript-go/internal/parser/parser.go:3101
internal/parser/parser.go	parseJsxElementOrSelfClosingElementOrFragment	internal/ast/ast.go	Children	concrete-one-hop-receiver	receiver *ast.Node, 1 hop(s), recv define:call	/Users/chrishafley/projects/typescript-go/internal/parser/parser.go:4804
internal/parser/parser.go	parseJsxElementOrSelfClosingElementOrFragment	internal/ast/ast_generated.go	AsJsxElement	concrete-one-hop-receiver	receiver *ast.Node, 1 hop(s), recv define:call	/Users/chrishafley/projects/typescript-go/internal/parser/parser.go:4799
internal/parser/parser.go	parseParenthesizedArrowFunctionExpression	internal/ast/ast.go	Type	alias-receiver	receiver *ast.TypeNode is an alias of github.com/microsoft/typescript-go/internal/ast.Node, 1 hop(s), recv define:ident	/Users/chrishafley/projects/typescript-go/internal/parser/parser.go:4441
internal/parser/parser.go	processPragmasIntoFields	internal/core/text.go	End	embedded-promoted-method	ast.PragmaArgument promotes End through 1 embedded field(s), recv define:multi-value	/Users/chrishafley/projects/typescript-go/internal/parser/parser.go:6655
internal/printer/changetrackerwriter.go	Clear	internal/printer/textwriter.go	Clear	multi-hop-receiver	receiver printer.textWriter, 2 hop(s), recv expr:*ast.SelectorExpr	/Users/chrishafley/projects/typescript-go/internal/printer/changetrackerwriter.go:226
internal/printer/changetrackerwriter.go	DecreaseIndent	internal/printer/textwriter.go	DecreaseIndent	multi-hop-receiver	receiver printer.textWriter, 2 hop(s), recv expr:*ast.SelectorExpr	/Users/chrishafley/projects/typescript-go/internal/printer/changetrackerwriter.go:225
internal/printer/changetrackerwriter.go	GetColumn	internal/printer/textwriter.go	GetColumn	multi-hop-receiver	receiver printer.textWriter, 2 hop(s), recv expr:*ast.SelectorExpr	/Users/chrishafley/projects/typescript-go/internal/printer/changetrackerwriter.go:239
internal/printer/changetrackerwriter.go	GetIndent	internal/printer/textwriter.go	GetIndent	multi-hop-receiver	receiver printer.textWriter, 2 hop(s), recv expr:*ast.SelectorExpr	/Users/chrishafley/projects/typescript-go/internal/printer/changetrackerwriter.go:240
internal/printer/changetrackerwriter.go	GetLine	internal/printer/textwriter.go	GetLine	multi-hop-receiver	receiver printer.textWriter, 2 hop(s), recv expr:*ast.SelectorExpr	/Users/chrishafley/projects/typescript-go/internal/printer/changetrackerwriter.go:238
internal/printer/changetrackerwriter.go	GetTextPos	internal/printer/textwriter.go	GetTextPos	multi-hop-receiver	receiver printer.textWriter, 2 hop(s), recv expr:*ast.SelectorExpr	/Users/chrishafley/projects/typescript-go/internal/printer/changetrackerwriter.go:237
internal/printer/changetrackerwriter.go	HasTrailingComment	internal/printer/textwriter.go	HasTrailingComment	multi-hop-receiver	receiver printer.textWriter, 2 hop(s), recv expr:*ast.SelectorExpr	/Users/chrishafley/projects/typescript-go/internal/printer/changetrackerwriter.go:243
internal/printer/changetrackerwriter.go	HasTrailingWhitespace	internal/printer/textwriter.go	HasTrailingWhitespace	multi-hop-receiver	receiver printer.textWriter, 2 hop(s), recv expr:*ast.SelectorExpr	/Users/chrishafley/projects/typescript-go/internal/printer/changetrackerwriter.go:246
internal/printer/changetrackerwriter.go	IncreaseIndent	internal/printer/textwriter.go	IncreaseIndent	multi-hop-receiver	receiver printer.textWriter, 2 hop(s), recv expr:*ast.SelectorExpr	/Users/chrishafley/projects/typescript-go/internal/printer/changetrackerwriter.go:224
internal/printer/changetrackerwriter.go	IsAtStartOfLine	internal/printer/textwriter.go	IsAtStartOfLine	multi-hop-receiver	receiver printer.textWriter, 2 hop(s), recv expr:*ast.SelectorExpr	/Users/chrishafley/projects/typescript-go/internal/printer/changetrackerwriter.go:241
internal/printer/changetrackerwriter.go	NewChangeTrackerWriter	internal/printer/textwriter.go	Clear	multi-hop-receiver	receiver printer.textWriter, 2 hop(s), recv expr:*ast.SelectorExpr	/Users/chrishafley/projects/typescript-go/internal/printer/changetrackerwriter.go:35
internal/printer/changetrackerwriter.go	RawWrite	internal/printer/textwriter.go	RawWrite	multi-hop-receiver	receiver printer.textWriter, 2 hop(s), recv expr:*ast.SelectorExpr	/Users/chrishafley/projects/typescript-go/internal/printer/changetrackerwriter.go:229
internal/printer/changetrackerwriter.go	String	internal/printer/textwriter.go	String	multi-hop-receiver	receiver printer.textWriter, 2 hop(s), recv expr:*ast.SelectorExpr	/Users/chrishafley/projects/typescript-go/internal/printer/changetrackerwriter.go:227
internal/printer/changetrackerwriter.go	Write	internal/printer/textwriter.go	Write	multi-hop-receiver	receiver printer.textWriter, 2 hop(s), recv expr:*ast.SelectorExpr	/Users/chrishafley/projects/typescript-go/internal/printer/changetrackerwriter.go:174
internal/printer/changetrackerwriter.go	WriteComment	internal/printer/textwriter.go	WriteComment	multi-hop-receiver	receiver printer.textWriter, 2 hop(s), recv expr:*ast.SelectorExpr	/Users/chrishafley/projects/typescript-go/internal/printer/changetrackerwriter.go:182
internal/printer/changetrackerwriter.go	WriteKeyword	internal/printer/textwriter.go	WriteKeyword	multi-hop-receiver	receiver printer.textWriter, 2 hop(s), recv expr:*ast.SelectorExpr	/Users/chrishafley/projects/typescript-go/internal/printer/changetrackerwriter.go:184
internal/printer/changetrackerwriter.go	WriteLine	internal/printer/textwriter.go	WriteLine	multi-hop-receiver	receiver printer.textWriter, 2 hop(s), recv expr:*ast.SelectorExpr	/Users/chrishafley/projects/typescript-go/internal/printer/changetrackerwriter.go:222
internal/printer/changetrackerwriter.go	WriteLineForce	internal/printer/textwriter.go	WriteLineForce	multi-hop-receiver	receiver printer.textWriter, 2 hop(s), recv expr:*ast.SelectorExpr	/Users/chrishafley/projects/typescript-go/internal/printer/changetrackerwriter.go:223
internal/printer/changetrackerwriter.go	WriteLiteral	internal/printer/textwriter.go	WriteLiteral	multi-hop-receiver	receiver printer.textWriter, 2 hop(s), recv expr:*ast.SelectorExpr	/Users/chrishafley/projects/typescript-go/internal/printer/changetrackerwriter.go:234
internal/printer/changetrackerwriter.go	WriteOperator	internal/printer/textwriter.go	WriteOperator	multi-hop-receiver	receiver printer.textWriter, 2 hop(s), recv expr:*ast.SelectorExpr	/Users/chrishafley/projects/typescript-go/internal/printer/changetrackerwriter.go:189
internal/printer/changetrackerwriter.go	WriteParameter	internal/printer/textwriter.go	WriteParameter	multi-hop-receiver	receiver printer.textWriter, 2 hop(s), recv expr:*ast.SelectorExpr	/Users/chrishafley/projects/typescript-go/internal/printer/changetrackerwriter.go:209
internal/printer/changetrackerwriter.go	WriteProperty	internal/printer/textwriter.go	WriteProperty	multi-hop-receiver	receiver printer.textWriter, 2 hop(s), recv expr:*ast.SelectorExpr	/Users/chrishafley/projects/typescript-go/internal/printer/changetrackerwriter.go:214
internal/printer/changetrackerwriter.go	WritePunctuation	internal/printer/textwriter.go	WritePunctuation	multi-hop-receiver	receiver printer.textWriter, 2 hop(s), recv expr:*ast.SelectorExpr	/Users/chrishafley/projects/typescript-go/internal/printer/changetrackerwriter.go:194
internal/printer/changetrackerwriter.go	WriteSpace	internal/printer/textwriter.go	WriteSpace	multi-hop-receiver	receiver printer.textWriter, 2 hop(s), recv expr:*ast.SelectorExpr	/Users/chrishafley/projects/typescript-go/internal/printer/changetrackerwriter.go:199
internal/printer/changetrackerwriter.go	WriteStringLiteral	internal/printer/textwriter.go	WriteStringLiteral	multi-hop-receiver	receiver printer.textWriter, 2 hop(s), recv expr:*ast.SelectorExpr	/Users/chrishafley/projects/typescript-go/internal/printer/changetrackerwriter.go:204
internal/printer/changetrackerwriter.go	WriteSymbol	internal/printer/textwriter.go	WriteSymbol	multi-hop-receiver	receiver printer.textWriter, 2 hop(s), recv expr:*ast.SelectorExpr	/Users/chrishafley/projects/typescript-go/internal/printer/changetrackerwriter.go:219
internal/printer/changetrackerwriter.go	WriteTrailingSemicolon	internal/printer/textwriter.go	WriteTrailingSemicolon	multi-hop-receiver	receiver printer.textWriter, 2 hop(s), recv expr:*ast.SelectorExpr	/Users/chrishafley/projects/typescript-go/internal/printer/changetrackerwriter.go:179
internal/printer/changetrackerwriter.go	assignPositionsToNodeWorker	internal/ast/ast_generated.go	ForEachChild	concrete-one-hop-receiver	receiver *ast.Node, 1 hop(s), recv define:ident	/Users/chrishafley/projects/typescript-go/internal/printer/changetrackerwriter.go:143
internal/printer/changetrackerwriter.go	setLastNonTriviaPosition	internal/printer/textwriter.go	GetTextPos	multi-hop-receiver	receiver printer.textWriter, 2 hop(s), recv expr:*ast.SelectorExpr	/Users/chrishafley/projects/typescript-go/internal/printer/changetrackerwriter.go:92
internal/printer/factory.go	CreateForOfBindingStatement	internal/ast/ast.go	Name	concrete-one-hop-receiver	receiver *ast.Node, 1 hop(s), recv define:index	/Users/chrishafley/projects/typescript-go/internal/printer/factory.go:322
internal/printer/namegenerator.go	makeName	internal/printer/generatedidentifierflags.go	Kind	multi-hop-receiver	receiver printer.GeneratedIdentifierFlags, 2 hop(s), recv expr:*ast.SelectorExpr	/Users/chrishafley/projects/typescript-go/internal/printer/namegenerator.go:233
internal/printer/printer.go	emitTryStatement	internal/ast/ast.go	End	alias-receiver	receiver *ast.CatchClauseNode is an alias of github.com/microsoft/typescript-go/internal/ast.Node, 3 hop(s), recv expr:*ast.CallExpr	/Users/chrishafley/projects/typescript-go/internal/printer/printer.go:3675
internal/printer/printer.go	getLiteralTextOfNode	internal/ast/ast.go	Text	concrete-one-hop-receiver	receiver *ast.Node, 1 hop(s), recv define:multi-value	/Users/chrishafley/projects/typescript-go/internal/printer/printer.go:201
internal/printer/printer.go	hasCommentsAtPosition	internal/ast/ast.go	Text	multi-hop-receiver	receiver *ast.SourceFile, 2 hop(s), recv expr:*ast.SelectorExpr	/Users/chrishafley/projects/typescript-go/internal/printer/printer.go:860
internal/printer/syntheticfile.go	PrintAndPositionNode	internal/printer/printer.go	Write	multi-hop-receiver	receiver *printer.Printer, 2 hop(s), recv expr:*ast.CallExpr	/Users/chrishafley/projects/typescript-go/internal/printer/syntheticfile.go:28
internal/printer/utilities.go	tryGetEnd	internal/ast/ast.go	End	embedded-promoted-method	*ast.ModifierList promotes End through 1 embedded field(s), recv unknown	/Users/chrishafley/projects/typescript-go/internal/printer/utilities.go:591
internal/project/api.go	APIUpdateTemporary	internal/project/overlayfs.go	Kind	concrete-one-hop-receiver	receiver *project.Overlay, 1 hop(s), recv define:index	/Users/chrishafley/projects/typescript-go/internal/project/api.go:51
internal/project/api.go	APIUpdateTemporary	internal/project/overlayfs.go	Version	concrete-one-hop-receiver	receiver *project.Overlay, 1 hop(s), recv define:index	/Users/chrishafley/projects/typescript-go/internal/project/api.go:50
internal/project/configfileregistrybuilder.go	DidChangeFiles	internal/lsp/lsproto/lsp.go	FileName	concrete-one-hop-receiver	receiver lsproto.DocumentUri, 1 hop(s), recv range	/Users/chrishafley/projects/typescript-go/internal/project/configfileregistrybuilder.go:450
internal/project/overlayfs.go	processChanges	internal/lsp/lsproto/lsp.go	FileName	concrete-one-hop-receiver	receiver lsproto.DocumentUri, 1 hop(s), recv range	/Users/chrishafley/projects/typescript-go/internal/project/overlayfs.go:326
internal/project/overlayfs.go	processChanges	internal/lsp/lsproto/lsp.go	Path	concrete-one-hop-receiver	receiver lsproto.DocumentUri, 1 hop(s), recv range	/Users/chrishafley/projects/typescript-go/internal/project/overlayfs.go:310
internal/project/projectcollection.go	findDefaultConfiguredProjectWorker	internal/tsoptions/parsedcommandline.go	CompilerOptions	concrete-one-hop-receiver	receiver *tsoptions.ParsedCommandLine, 1 hop(s), recv define:call	/Users/chrishafley/projects/typescript-go/internal/project/projectcollection.go:288
internal/project/projectcollectionbuilder.go	DidChangeFiles	internal/lsp/lsproto/lsp.go	FileName	multi-hop-receiver	receiver lsproto.DocumentUri, 3 hop(s), recv expr:*ast.CallExpr	/Users/chrishafley/projects/typescript-go/internal/project/projectcollectionbuilder.go:339
internal/project/projectcollectionbuilder.go	HandleAPIRequest	internal/lsp/lsproto/lsp.go	FileName	concrete-one-hop-receiver	receiver lsproto.DocumentUri, 1 hop(s), recv range	/Users/chrishafley/projects/typescript-go/internal/project/projectcollectionbuilder.go:211
internal/project/projectcollectionbuilder.go	createAncestorTree	internal/tsoptions/parsedcommandline.go	CompilerOptions	multi-hop-receiver	receiver *tsoptions.ParsedCommandLine, 2 hop(s), recv expr:*ast.SelectorExpr	/Users/chrishafley/projects/typescript-go/internal/project/projectcollectionbuilder.go:840
internal/project/projectcollectionbuilder.go	ensureProjectTree	internal/compiler/program.go	CommandLine	concrete-one-hop-receiver	receiver *compiler.Program, 1 hop(s), recv define:call	/Users/chrishafley/projects/typescript-go/internal/project/projectcollectionbuilder.go:645
internal/project/projectcollectionbuilder.go	ensureProjectTree	internal/compiler/program.go	GetResolvedProjectReferences	concrete-one-hop-receiver	receiver *compiler.Program, 1 hop(s), recv define:call	/Users/chrishafley/projects/typescript-go/internal/project/projectcollectionbuilder.go:649
internal/project/projectcollectionbuilder.go	ensureProjectTree	internal/project/project.go	GetProgram	concrete-one-hop-receiver	receiver *project.Project, 1 hop(s), recv define:call	/Users/chrishafley/projects/typescript-go/internal/project/projectcollectionbuilder.go:639
internal/project/projectcollectionbuilder.go	ensureProjectTree	internal/tsoptions/parsedcommandline.go	CompilerOptions	multi-hop-receiver	receiver *tsoptions.ParsedCommandLine, 3 hop(s), recv expr:*ast.CallExpr	/Users/chrishafley/projects/typescript-go/internal/project/projectcollectionbuilder.go:645
internal/project/projectcollectionbuilder.go	findDefaultProject	internal/project/project.go	containsFile	concrete-one-hop-receiver	receiver *project.Project, 1 hop(s), recv define:call	/Users/chrishafley/projects/typescript-go/internal/project/projectcollectionbuilder.go:788
internal/project/projectcollectionbuilder.go	refreshContentMapperProjectForChanges	internal/compiler/program.go	ContentMapperProject	multi-hop-receiver	receiver *compiler.Program, 2 hop(s), recv expr:*ast.SelectorExpr	/Users/chrishafley/projects/typescript-go/internal/project/projectcollectionbuilder.go:360
internal/project/projectcollectionbuilder.go	updateInferredProjectRoots	internal/tsoptions/parsedcommandline.go	CompilerOptions	multi-hop-receiver	receiver *tsoptions.ParsedCommandLine, 5 hop(s), recv expr:*ast.SelectorExpr	/Users/chrishafley/projects/typescript-go/internal/project/projectcollectionbuilder.go:1124
internal/project/session.go	getSnapshot	internal/project/filechange.go	IsEmpty	concrete-one-hop-receiver	receiver project.FileChangeSummary, 1 hop(s), recv define:multi-value	/Users/chrishafley/projects/typescript-go/internal/project/session.go:1101
internal/project/session.go	logCacheStats	internal/ls/autoimport/registry.go	Dirty	multi-hop-receiver	receiver autoimport.BucketState, 2 hop(s), recv expr:*ast.SelectorExpr	/Users/chrishafley/projects/typescript-go/internal/project/session.go:1853
internal/project/session.go	sendPerformanceTelemetry	internal/ls/autoimport/registry.go	GetCacheStats	concrete-one-hop-receiver	receiver *autoimport.Registry, 1 hop(s), recv define:call	/Users/chrishafley/projects/typescript-go/internal/project/session.go:896
internal/project/snapshot.go	Clone	internal/lsp/lsproto/lsp.go	Path	multi-hop-receiver	receiver lsproto.DocumentUri, 3 hop(s), recv expr:*ast.SelectorExpr	/Users/chrishafley/projects/typescript-go/internal/project/snapshot.go:494
internal/project/snapshotfs.go	collectFilesRecursive	internal/project/overlayfs.go	FileName	embedded-promoted-method	*project.diskFile promotes FileName through 1 embedded field(s), recv define:call	/Users/chrishafley/projects/typescript-go/internal/project/snapshotfs.go:680
internal/project/snapshotfs.go	expandAndFilterWatchEvents	internal/lsp/lsproto/lsp.go	FileName	concrete-one-hop-receiver	receiver lsproto.DocumentUri, 1 hop(s), recv range	/Users/chrishafley/projects/typescript-go/internal/project/snapshotfs.go:632
internal/project/snapshotfs.go	expandRealpathAliases	internal/lsp/lsproto/lsp.go	FileName	concrete-one-hop-receiver	receiver lsproto.DocumentUri, 1 hop(s), recv range	/Users/chrishafley/projects/typescript-go/internal/project/snapshotfs.go:562
internal/project/snapshotfs.go	markDirtyFiles	internal/lsp/lsproto/lsp.go	FileName	concrete-one-hop-receiver	receiver lsproto.DocumentUri, 1 hop(s), recv range	/Users/chrishafley/projects/typescript-go/internal/project/snapshotfs.go:485
internal/project/snapshotfs.go	watchChangesOverlapCache	internal/lsp/lsproto/lsp.go	FileName	concrete-one-hop-receiver	receiver lsproto.DocumentUri, 1 hop(s), recv range	/Users/chrishafley/projects/typescript-go/internal/project/snapshotfs.go:440
internal/scanner/regexp.go	checkRegularExpressionFlagAvailability	internal/core/scripttarget_stringer_generated.go	String	concrete-one-hop-receiver	receiver core.ScriptTarget, 1 hop(s), recv define:multi-value	/Users/chrishafley/projects/typescript-go/internal/scanner/regexp.go:53
internal/scanner/regexp.go	scanAlternative	internal/core/scripttarget_stringer_generated.go	String	multi-hop-receiver	receiver core.ScriptTarget, 2 hop(s), recv expr:*ast.SelectorExpr	/Users/chrishafley/projects/typescript-go/internal/scanner/regexp.go:280
internal/scanner/regexp.go	scanGroupName	internal/core/scripttarget_stringer_generated.go	String	multi-hop-receiver	receiver core.ScriptTarget, 2 hop(s), recv expr:*ast.SelectorExpr	/Users/chrishafley/projects/typescript-go/internal/scanner/regexp.go:516
internal/scanner/scanner.go	findOriginatingJSDocSatisfiesTag	internal/ast/ast.go	Type	alias-receiver	receiver *ast.TypeNode is an alias of github.com/microsoft/typescript-go/internal/ast.Node, 1 hop(s), recv define:field-or-qualified	/Users/chrishafley/projects/typescript-go/internal/scanner/scanner.go:2576
internal/testrunner/compiler_runner.go	contentMappedFileNames	internal/compiler/program.go	GetContentMapper	concrete-one-hop-receiver	receiver *compiler.Program, 1 hop(s), recv define:call	/Users/chrishafley/projects/typescript-go/internal/testrunner/compiler_runner.go:431
internal/testrunner/transpile_runner.go	runKind	internal/ast/ast.go	FileName	concrete-one-hop-receiver	receiver *ast.SourceFile, 1 hop(s), recv define:call	/Users/chrishafley/projects/typescript-go/internal/testrunner/transpile_runner.go:147
internal/testutil/contentmappertest/diagnostic_code_collision.go	HandleRequest	internal/diagnostics/diagnostics.go	Code	multi-hop-receiver	receiver *diagnostics.Message, 2 hop(s), recv expr:*ast.SelectorExpr	/Users/chrishafley/projects/typescript-go/internal/testutil/contentmappertest/diagnostic_code_collision.go:35
internal/testutil/contentmappertest/dynamic_verbatim.go	HandleRequest	internal/testutil/contentmappertest/verbatim.go	HandleRequest	multi-hop-receiver	receiver contentmappertest.verbatimHandler, 2 hop(s), recv expr:*ast.SelectorExpr	/Users/chrishafley/projects/typescript-go/internal/testutil/contentmappertest/dynamic_verbatim.go:66
internal/testutil/projecttestutil/projecttestutil.go	WatchesFile	internal/lsp/lsproto/lsp.go	FileName	multi-hop-receiver	receiver lsproto.DocumentUri, 3 hop(s), recv expr:*ast.CallExpr	/Users/chrishafley/projects/typescript-go/internal/testutil/projecttestutil/projecttestutil.go:137
internal/testutil/tsbaseline/error_baseline.go	iterateErrorBaseline	internal/ast/ast.go	FileName	concrete-one-hop-receiver	receiver *ast.SourceFile, 1 hop(s), recv define:multi-value	/Users/chrishafley/projects/typescript-go/internal/testutil/tsbaseline/error_baseline.go:258
internal/transformers/declarations/transform.go	buildClassMembers	internal/ast/ast.go	QuestionToken	concrete-one-hop-receiver	receiver *ast.Node, 1 hop(s), recv range	/Users/chrishafley/projects/typescript-go/internal/transformers/declarations/transform.go:1939
internal/transformers/declarations/transform.go	collectThisPropertyAssignments	internal/ast/ast.go	Name	concrete-one-hop-receiver	receiver *ast.Node, 1 hop(s), recv range	/Users/chrishafley/projects/typescript-go/internal/transformers/declarations/transform.go:2171
internal/transformers/declarations/transform.go	preservePartialJsDoc	internal/ast/ast_generated.go	AsJSDoc	concrete-one-hop-receiver	receiver *ast.Node, 1 hop(s), recv define:call	/Users/chrishafley/projects/typescript-go/internal/transformers/declarations/transform.go:1621
internal/transformers/declarations/transform.go	transformCjsRequireVariableDeclaration	internal/ast/ast.go	Name	concrete-one-hop-receiver	receiver *ast.Node, 1 hop(s), recv range	/Users/chrishafley/projects/typescript-go/internal/transformers/declarations/transform.go:890
internal/transformers/declarations/transform.go	transformCjsRequireVariableDeclaration	internal/ast/ast.go	PropertyName	concrete-one-hop-receiver	receiver *ast.Node, 1 hop(s), recv range	/Users/chrishafley/projects/typescript-go/internal/transformers/declarations/transform.go:893
internal/transformers/declarations/transform.go	transformExpandoAssignment	internal/ast/ast.go	FunctionLikeData	alias-receiver	receiver *ast.Declaration is an alias of github.com/microsoft/typescript-go/internal/ast.Node, 1 hop(s), recv define:call	/Users/chrishafley/projects/typescript-go/internal/transformers/declarations/transform.go:2748
internal/transformers/declarations/transform.go	transformExpandoAssignment	internal/ast/ast.go	Initializer	alias-receiver	receiver *ast.Declaration is an alias of github.com/microsoft/typescript-go/internal/ast.Node, 1 hop(s), recv define:call	/Users/chrishafley/projects/typescript-go/internal/transformers/declarations/transform.go:2752
internal/transformers/declarations/transform.go	transformExpandoAssignment	internal/ast/ast.go	Symbol	alias-receiver	receiver *ast.Declaration is an alias of github.com/microsoft/typescript-go/internal/ast.Node, 1 hop(s), recv define:call	/Users/chrishafley/projects/typescript-go/internal/transformers/declarations/transform.go:2756
internal/transformers/declarations/transform.go	transformExpandoAssignment	internal/ast/ast.go	Type	alias-receiver	receiver *ast.Declaration is an alias of github.com/microsoft/typescript-go/internal/ast.Node, 1 hop(s), recv define:call	/Users/chrishafley/projects/typescript-go/internal/transformers/declarations/transform.go:2744
internal/transformers/declarations/transform.go	transformExpandoAssignment	internal/ast/ast_generated.go	AsFunctionDeclaration	alias-receiver	receiver *ast.Declaration is an alias of github.com/microsoft/typescript-go/internal/ast.Node, 1 hop(s), recv define:call	/Users/chrishafley/projects/typescript-go/internal/transformers/declarations/transform.go:2777
internal/transformers/declarations/transform.go	walkBindingPattern	internal/ast/ast.go	Name	concrete-one-hop-receiver	receiver *ast.Node, 1 hop(s), recv range	/Users/chrishafley/projects/typescript-go/internal/transformers/declarations/transform.go:2195
internal/transformers/estransforms/async.go	visitVariableDeclarationListWithCollidingNames	internal/ast/ast.go	Name	multi-hop-receiver	receiver *ast.Node, 4 hop(s), recv expr:*ast.IndexExpr	/Users/chrishafley/projects/typescript-go/internal/transformers/estransforms/async.go:537
internal/transformers/estransforms/async.go	visitVariableDeclarationListWithCollidingNames	internal/ast/ast_generated.go	AsBindingPattern	alias-receiver	receiver *ast.DeclarationName is an alias of github.com/microsoft/typescript-go/internal/ast.Node, 1 hop(s), recv define:call	/Users/chrishafley/projects/typescript-go/internal/transformers/estransforms/async.go:540
internal/transformers/estransforms/classfields.go	visitIdentifier	internal/ast/ast.go	Clone	alias-receiver	receiver *ast.IdentifierNode is an alias of github.com/microsoft/typescript-go/internal/ast.Node, 1 hop(s), recv define:multi-value	/Users/chrishafley/projects/typescript-go/internal/transformers/estransforms/classfields.go:466
internal/transformers/estransforms/classthis.go	isClassThisAssignmentBlock	internal/ast/ast.go	Expression	concrete-one-hop-receiver	receiver *ast.Node, 1 hop(s), recv define:index	/Users/chrishafley/projects/typescript-go/internal/transformers/estransforms/classthis.go:17
internal/transformers/estransforms/classthis.go	isClassThisAssignmentBlock	internal/ast/ast_generated.go	AsBinaryExpression	concrete-one-hop-receiver	receiver *ast.Node, 1 hop(s), recv define:call	/Users/chrishafley/projects/typescript-go/internal/transformers/estransforms/classthis.go:19
internal/transformers/estransforms/using.go	transformUsingDeclarations	internal/ast/ast.go	Name	concrete-one-hop-receiver	receiver *ast.Node, 1 hop(s), recv range	/Users/chrishafley/projects/typescript-go/internal/transformers/estransforms/using.go:346
internal/transformers/estransforms/using.go	visitForOfStatement	internal/ast/ast.go	Name	concrete-one-hop-receiver	receiver *ast.Node, 1 hop(s), recv define:call	/Users/chrishafley/projects/typescript-go/internal/transformers/estransforms/using.go:262
internal/transformers/estransforms/using.go	visitForOfStatement	internal/ast/ast_generated.go	AsVariableDeclaration	concrete-one-hop-receiver	receiver *ast.Node, 1 hop(s), recv define:call	/Users/chrishafley/projects/typescript-go/internal/transformers/estransforms/using.go:263
internal/transformers/jsxtransforms/jsx.go	getImplicitImportForName	internal/ast/ast_generated.go	Name	multi-hop-receiver	receiver *ast.ImportSpecifier, 3 hop(s), recv expr:*ast.CallExpr	/Users/chrishafley/projects/typescript-go/internal/transformers/jsxtransforms/jsx.go:86
internal/transformers/moduletransforms/commonjsmodule.go	appendExportsOfDeclaration	internal/ast/ast_generated.go	Name	concrete-one-hop-receiver	receiver *ast.ExportSpecifier, 1 hop(s), recv range	/Users/chrishafley/projects/typescript-go/internal/transformers/moduletransforms/commonjsmodule.go:546
internal/transformers/moduletransforms/commonjsmodule.go	getExports	internal/ast/ast_generated.go	Name	concrete-one-hop-receiver	receiver *ast.ExportSpecifier, 1 hop(s), recv range	/Users/chrishafley/projects/typescript-go/internal/transformers/moduletransforms/commonjsmodule.go:2156
internal/transformers/moduletransforms/commonjsmodule.go	transformCommonJSModule	internal/ast/ast.go	Clone	alias-receiver	receiver *ast.ModuleExportName is an alias of github.com/microsoft/typescript-go/internal/ast.Node, 1 hop(s), recv range	/Users/chrishafley/projects/typescript-go/internal/transformers/moduletransforms/commonjsmodule.go:322
internal/transformers/tstransforms/legacydecorators.go	transformDecoratorsOfParameters	internal/ast/ast.go	Expression	concrete-one-hop-receiver	receiver *ast.Node, 1 hop(s), recv range	/Users/chrishafley/projects/typescript-go/internal/transformers/tstransforms/legacydecorators.go:983
internal/tsoptions/declscompiler.go	ForEachCompilerOptionValue	internal/tsoptions/tsconfigparsing.go	Get	concrete-one-hop-receiver	receiver tsoptions.CommandLineOptionNameMap, 1 hop(s), recv unknown	/Users/chrishafley/projects/typescript-go/internal/tsoptions/declscompiler.go:1241
internal/tsoptions/parsinghelpers.go	ParseBuildOptions	internal/tsoptions/namemap.go	Get	concrete-one-hop-receiver	receiver *tsoptions.NameMap, 1 hop(s), recv unknown	/Users/chrishafley/projects/typescript-go/internal/tsoptions/parsinghelpers.go:623
internal/tsoptions/parsinghelpers.go	parseCompilerOptions	internal/tsoptions/tsconfigparsing.go	Get	concrete-one-hop-receiver	receiver tsoptions.CommandLineOptionNameMap, 1 hop(s), recv unknown	/Users/chrishafley/projects/typescript-go/internal/tsoptions/parsinghelpers.go:280
internal/tsoptions/showconfig.go	addImpliedOptions	internal/tsoptions/tsconfigparsing.go	Get	concrete-one-hop-receiver	receiver tsoptions.CommandLineOptionNameMap, 1 hop(s), recv unknown	/Users/chrishafley/projects/typescript-go/internal/tsoptions/showconfig.go:316
internal/tsoptions/showconfig.go	anyDependencyProvided	internal/tsoptions/tsconfigparsing.go	Get	concrete-one-hop-receiver	receiver tsoptions.CommandLineOptionNameMap, 1 hop(s), recv unknown	/Users/chrishafley/projects/typescript-go/internal/tsoptions/showconfig.go:354
internal/tsoptions/showconfig.go	serializeCompilerOptions	internal/tsoptions/commandlineoption.go	Elements	concrete-one-hop-receiver	receiver *tsoptions.CommandLineOption, 1 hop(s), recv define:call	/Users/chrishafley/projects/typescript-go/internal/tsoptions/showconfig.go:212
internal/tsoptions/showconfig.go	serializeCompilerOptions	internal/tsoptions/commandlineoption.go	EnumMap	concrete-one-hop-receiver	receiver *tsoptions.CommandLineOption, 1 hop(s), recv define:call	/Users/chrishafley/projects/typescript-go/internal/tsoptions/showconfig.go:198
internal/tsoptions/showconfig.go	serializeCompilerOptions	internal/tsoptions/tsconfigparsing.go	Get	concrete-one-hop-receiver	receiver tsoptions.CommandLineOptionNameMap, 1 hop(s), recv unknown	/Users/chrishafley/projects/typescript-go/internal/tsoptions/showconfig.go:178
internal/tsoptions/tsconfigparsing.go	getExtendsConfigPathOrArray	internal/tsoptions/commandlineoption.go	Elements	concrete-one-hop-receiver	receiver *tsoptions.CommandLineOption, 1 hop(s), recv var-inferred	/Users/chrishafley/projects/typescript-go/internal/tsoptions/tsconfigparsing.go:543
internal/vfs/osvfs/os.go	Chtimes	internal/core/semaphore.go	Acquire	concrete-one-hop-receiver	receiver *core.LimitedSemaphore, 1 hop(s), recv var-inferred	/Users/chrishafley/projects/typescript-go/internal/vfs/osvfs/os.go:226
internal/vfs/osvfs/os.go	DirectoryExists	internal/core/semaphore.go	Acquire	concrete-one-hop-receiver	receiver *core.LimitedSemaphore, 1 hop(s), recv var-inferred	/Users/chrishafley/projects/typescript-go/internal/vfs/osvfs/os.go:100
internal/vfs/osvfs/os.go	FileExists	internal/core/semaphore.go	Acquire	concrete-one-hop-receiver	receiver *core.LimitedSemaphore, 1 hop(s), recv var-inferred	/Users/chrishafley/projects/typescript-go/internal/vfs/osvfs/os.go:105
internal/vfs/osvfs/os.go	GetAccessibleEntries	internal/core/semaphore.go	Acquire	concrete-one-hop-receiver	receiver *core.LimitedSemaphore, 1 hop(s), recv var-inferred	/Users/chrishafley/projects/typescript-go/internal/vfs/osvfs/os.go:110
internal/vfs/osvfs/os.go	ReadFile	internal/core/semaphore.go	Acquire	concrete-one-hop-receiver	receiver *core.LimitedSemaphore, 1 hop(s), recv var-inferred	/Users/chrishafley/projects/typescript-go/internal/vfs/osvfs/os.go:95
internal/vfs/osvfs/os.go	Realpath	internal/core/semaphore.go	Acquire	concrete-one-hop-receiver	receiver *core.LimitedSemaphore, 1 hop(s), recv var-inferred	/Users/chrishafley/projects/typescript-go/internal/vfs/osvfs/os.go:155
internal/vfs/osvfs/os.go	Remove	internal/core/semaphore.go	Acquire	concrete-one-hop-receiver	receiver *core.LimitedSemaphore, 1 hop(s), recv var-inferred	/Users/chrishafley/projects/typescript-go/internal/vfs/osvfs/os.go:220
internal/vfs/osvfs/os.go	Stat	internal/core/semaphore.go	Acquire	concrete-one-hop-receiver	receiver *core.LimitedSemaphore, 1 hop(s), recv var-inferred	/Users/chrishafley/projects/typescript-go/internal/vfs/osvfs/os.go:115
internal/vfs/osvfs/os.go	ensureDirectoryExists	internal/core/semaphore.go	Acquire	concrete-one-hop-receiver	receiver *core.LimitedSemaphore, 1 hop(s), recv var-inferred	/Users/chrishafley/projects/typescript-go/internal/vfs/osvfs/os.go:196
internal/vfs/osvfs/os.go	isReparsePoint	internal/nativepath/symlink_other.go	IsSymlinkOrReparsePoint	package-qualified-call	qualified by an import	/Users/chrishafley/projects/typescript-go/internal/vfs/osvfs/os.go:176
internal/vfs/osvfs/os.go	osFSRealpath	internal/nativepath/realpath_other.go	Realpath	package-qualified-call	qualified by an import	/Users/chrishafley/projects/typescript-go/internal/vfs/osvfs/os.go:164
internal/vfs/osvfs/os.go	walker	internal/core/semaphore.go	Acquire	concrete-one-hop-receiver	receiver *core.LimitedSemaphore, 1 hop(s), recv var-inferred	/Users/chrishafley/projects/typescript-go/internal/vfs/osvfs/os.go:144
internal/vfs/osvfs/os.go	writeFileWithFlag	internal/core/semaphore.go	Acquire	concrete-one-hop-receiver	receiver *core.LimitedSemaphore, 1 hop(s), recv var-inferred	/Users/chrishafley/projects/typescript-go/internal/vfs/osvfs/os.go:180
