internal/ls/lsconv/converters_test.go	newTestConverters	internal/ls/lsconv/linemap.go	ComputeLSPLineStarts
internal/fourslash/tests/gen/documentHighlights02_test.go	TestDocumentHighlights02	internal/fourslash/fourslash.go	VerifyBaselineDocumentHighlightsWithOptions
internal/project/checkerpool_test.go	TestCheckerPoolDiagnosticsCheckerStableIdentity	internal/project/session.go	GetLanguageService
internal/fourslash/tests/gen/arityErrorAfterSignatureHelp_test.go	TestArityErrorAfterSignatureHelp	internal/fourslash/fourslash.go	VerifyCodeFixNotAvailable
internal/project/snapshotfs_test.go	closure@32641	internal/project/snapshotfs.go	GetFile
internal/sourcemap/generator_test.go	TestSourceMapGenerator_AddSourceMapping	internal/sourcemap/generator.go	AddSourceMapping
internal/ls/file_rename.go	updateTsconfigFiles	internal/ls/change/tracker.go	InsertNodeAfter
internal/fourslash/tests/gen/formattingObjectLiteralOpenCurlyNewlineAssignment_test.go	TestFormattingObjectLiteralOpenCurlyNewlineAssignment	internal/fourslash/fourslash.go	GetOptions
internal/ls/findallreferences.go	closure@105125	internal/checker/types.go	Symbol
internal/fourslash/tests/manual/completionsOverridingMethod9_test.go	TestCompletionsOverridingMethod9	internal/testutil/testutil.go	RecoverAndFail
internal/fourslash/tests/gen/completionsAssertKeyword_test.go	TestCompletionsAssertKeyword	internal/fourslash/skip_if_failing.go	SkipIfFailing
internal/execute/incremental/snapshottobuildinfo.go	closure@11425	internal/execute/incremental/snapshottobuildinfo.go	toFileIdListId
internal/execute/tsc/diagnostics.go	CreateReportErrorSummary	internal/diagnosticwriter/diagnosticwriter.go	WriteErrorSummaryText
internal/fswatch/watcher.go	WatchFile	internal/fswatch/fallback_test.go	WatchFile
internal/fourslash/tests/gen/quickinfoVerbosityTypeof_test.go	TestQuickinfoVerbosityTypeof	internal/testutil/testutil.go	RecoverAndFail
internal/fourslash/tests/signatureHelpNestedTypeArgumentGTBalance_test.go	TestSignatureHelpNestedTypeArgumentGTBalance	internal/fourslash/fourslash.go	GoToMarker
internal/fourslash/tests/manual/jsxAttributeCompletionStyleNone_test.go	TestJsxAttributeCompletionStyleNone	internal/fourslash/fourslash.go	NewFourslash
internal/ls/completions.go	completionInfoFromData	internal/collections/set.go	Add
internal/checker/jsx.go	closure@11833	internal/jsnum/jsnum.go	Number
internal/execute/tsc/help.go	generateOptionOutput	internal/execute/tsc/compile.go	GetWidthOfTerminal
internal/checker/nodecopy.go	closure@18218	internal/ast/ast_generated.go	IsParameterDeclaration
internal/fourslash/tests/importModuleSpecifierPreference_test.go	TestImportModuleSpecifierPreferenceProjectRelative	internal/fourslash/fourslash.go	Configure
internal/fourslash/tests/gen/quickInfoForIndexerResultWithConstraint_test.go	TestQuickInfoForIndexerResultWithConstraint	internal/fourslash/fourslash.go	NewFourslash
internal/execute/tsctests/tscwatch_test.go	closure@25655	internal/execute/tsctests/tscwatch_test.go	toTsconfig
internal/fourslash/tests/gen/genericArityEnforcementAfterEdit_test.go	TestGenericArityEnforcementAfterEdit	internal/fourslash/fourslash.go	GoToMarker
internal/fourslash/tests/gen/completionsDiscriminatedUnion_test.go	TestCompletionsDiscriminatedUnion	internal/fourslash/fourslash.go	VerifyCompletions
internal/fourslash/tests/gen/completionsAfterJSDoc_test.go	TestCompletionsAfterJSDoc	internal/fourslash/skip_if_failing.go	SkipIfFailing
internal/project/ata/discovertypings_test.go	closure@1801	internal/project/ata/discovertypings.go	DiscoverTypings
internal/ipc/conn_async.go	closure@5896	internal/execute/build/parseCache.go	delete
internal/fourslash/tests/gen/autoImportProvider_importsMap4_test.go	TestAutoImportProvider_importsMap4	internal/fourslash/fourslash.go	MarkTestAsStradaServer
internal/fourslash/tests/quickinfoVerbosityNamespaceAnonymousClassHeritage1_test.go	TestQuickinfoVerbosityNamespaceAnonymousClassHeritage1	internal/testutil/testutil.go	RecoverAndFail
internal/fourslash/tests/gen/completionListInUnclosedFunction16_test.go	TestCompletionListInUnclosedFunction16	internal/testutil/testutil.go	RecoverAndFail
internal/fourslash/tests/gen/goToDefinition_untypedModule_test.go	TestGoToDefinition_untypedModule	internal/fourslash/fourslash.go	NewFourslash
internal/ls/codeactions_fixmissingtypeannotation.go	tryCodeAction	internal/ls/autoimport/import_adder.go	HasFixes
internal/fourslash/tests/gen/genericFunctionSignatureHelp3_test.go	TestGenericFunctionSignatureHelp3	internal/fourslash/skip_if_failing.go	SkipIfFailing
internal/compiler/program.go	CommonSourceDirectory	internal/compiler/program.go	GetCurrentDirectory
internal/fswatch/watcher_test.go	closure@49853	internal/fswatch/testutil_test.go	Fatal
internal/project/customconfigfilename_test.go	closure@7178	internal/ls/lsutil/userpreferences.go	NewDefaultUserPreferences
internal/execute/tsc/emit_test.go	TestIncrementalDeclarationEmitTimeIsExcludedFromCheckTime	internal/vfs/vfs.go	WriteFile
internal/checker/flow.go	closure@38562	internal/checker/relater.go	isTypeSubtypeOf
internal/project/checkerpool_test.go	TestCheckerPoolIdleCleanup	internal/project/checkerpool_test.go	setupCheckerPoolSession
internal/astnav/tokens.go	closure@5058	internal/core/core.go	Filter
internal/execute/incremental/programtosnapshot.go	closure@3925	internal/collections/set.go	Keys
internal/fourslash/tests/gen/formatSelectionJsxWithBinaryExpression_test.go	TestFormatSelectionJsxWithBinaryExpression	internal/fourslash/skip_if_failing.go	SkipIfFailing
internal/fourslash/tests/gen/completionForQuotedPropertyInPropertyAssignment4_test.go	TestCompletionForQuotedPropertyInPropertyAssignment4	internal/fourslash/fourslash.go	VerifyCompletions
internal/fourslash/tests/manual/completionsInMapConstructorNoCrash_test.go	TestCompletionsInMapConstructorNoCrash	internal/fourslash/fourslash.go	NewFourslash
internal/ls/lsutil/organizeimports.go	GetImportDeclarationInsertIndex	internal/core/core.go	FirstResult
internal/ls/importTracker.go	getDirectImportsMap	internal/checker/checker.go	GetSymbolAtLocation
internal/fourslash/tests/gen/documentHighlightJSDocTypedef_test.go	TestDocumentHighlightJSDocTypedef	internal/fourslash/fourslash.go	Ranges
internal/fourslash/tests/goToSourceDefinition_test.go	TestGoToSourceNoImplementationFile	internal/fourslash/fourslash.go	VerifyBaselineGoToSourceDefinition
internal/checker/nodebuilderscopes.go	closure@4824	internal/ast/ast_generated.go	IsBlock
internal/fourslash/tests/gen/completionBeforeSemanticDiagnosticsInArrowFunction1_test.go	TestCompletionBeforeSemanticDiagnosticsInArrowFunction1	internal/fourslash/fourslash.go	NewFourslash
internal/fourslash/tests/gen/signatureHelpOnSuperWhenMembersAreNotResolved_test.go	TestSignatureHelpOnSuperWhenMembersAreNotResolved	internal/fourslash/fourslash.go	VerifySignatureHelp
_tools/gen-proto/main.go	inlineStruct	_tools/gen-proto/main.go	inlineDoc
internal/fourslash/tests/gen/tsxGoToDefinitionClassInDifferentFile_test.go	TestTsxGoToDefinitionClassInDifferentFile	internal/fourslash/fourslash.go	VerifyBaselineGoToDefinition
internal/fourslash/tests/gen/getOccurrencesThrow6_test.go	TestGetOccurrencesThrow6	internal/fourslash/skip_if_failing.go	SkipIfFailing
internal/ls/autoimport/registry.go	closure@27169	internal/ls/autoimport/registry.go	markProjectFileDirty
internal/fourslash/tests/gen/highlightsForExportFromUnfoundModule_test.go	TestHighlightsForExportFromUnfoundModule	internal/fourslash/skip_if_failing.go	SkipIfFailing
internal/fourslash/tests/signatureHelpApplicableRange_test.go	TestSignatureHelpApplicableRange	internal/fourslash/fourslash.go	NewFourslash
internal/project/project_test.go	closure@33730	internal/bundled/bundled.go	LibPath
internal/ls/lsutil/userpreferences_test.go	closure@2933	internal/json/json.go	Marshal
internal/fourslash/tests/gen/codeFixInferFromUsageBindingElement_test.go	TestCodeFixInferFromUsageBindingElement	internal/fourslash/fourslash.go	NewFourslash
internal/fourslash/tests/gen/completionWithNamespaceInsideFunction_test.go	TestCompletionWithNamespaceInsideFunction	internal/fourslash/skip_if_failing.go	SkipIfFailing
internal/fourslash/tests/gen/importNameCodeFix_pathsWithoutBaseUrl1_test.go	TestImportNameCodeFix_pathsWithoutBaseUrl1	internal/fourslash/fourslash.go	VerifyImportFixAtPosition
internal/fourslash/tests/gen/failureToImplementClass_test.go	TestFailureToImplementClass	internal/fourslash/fourslash.go	VerifyNumberOfErrorsInCurrentFile
internal/checker/nodebuilderimpl.go	typeToTypeNode	internal/core/core.go	MapIndex
internal/spanmap/spanmap_test.go	closure@22424	internal/spanmap/spanmap.go	Validate
internal/project/checkerpool_test.go	closure@21334	internal/project/checkerpool.go	GetChecker
internal/checker/nodecopy.go	closure@18218	internal/ast/ast_generated.go	UpdateConditionalTypeNode
internal/fourslash/tests/gen/jsdocDeprecated_suggestion13_test.go	TestJsdocDeprecated_suggestion13	internal/fourslash/skip_if_failing.go	SkipIfFailing
internal/checker/nodebuilderimpl.go	closure@84190	internal/ast/ast.go	Name
internal/checker/exports.go	RequiresAddingImplicitUndefined	internal/checker/exports.go	RequiresAddingImplicitUndefined
internal/testutil/tsbaseline/error_baseline.go	GetErrorBaseline	internal/testutil/tsbaseline/error_baseline.go	iterateErrorBaseline
internal/ls/host.go	FileExists	internal/project/snapshot.go	FileExists
internal/lsp/server_progress_test.go	TestProgressNotificationsEndToEnd	internal/lsp/lsproto/lsp.go	DocumentUri
internal/printer/printer_test.go	TestParenthesizeTaggedTemplate1	internal/ast/ast.go	NewNodeList
internal/fourslash/tests/gen/codeFixMissingTypeAnnotationOnExports34-object-spread_test.go	TestCodeFixMissingTypeAnnotationOnExports34_object_spread	internal/fourslash/fourslash.go	VerifyCodeFix
internal/checker/nodebuilderimpl.go	closure@43156	internal/core/core.go	Some
internal/modulespecifiers/specifiers.go	tryDirectoryWithPackageJson	internal/modulespecifiers/types.go	UseCaseSensitiveFileNames
internal/compiler/program_test.go	TestIncludeProcessorDiagnosticsWithMissingFileCasing	internal/compiler/host.go	NewCompilerHost
internal/fourslash/tests/gen/completionListObjectMembers_test.go	TestCompletionListObjectMembers	internal/fourslash/skip_if_failing.go	SkipIfFailing
internal/checker/symboltracker.go	ReportInaccessibleUniqueSymbolError	internal/nodebuilder/types.go	ReportInaccessibleUniqueSymbolError
internal/tsoptions/commandlineparser_test.go	closure@15617	internal/testutil/baseline/baseline.go	Run
internal/checker/services.go	getSymbolsInScope	internal/checker/checker.go	getMembersOfSymbol
internal/fourslash/tests/gen/formatObjectBindingPattern_restElementWithPropertyName_test.go	TestFormatObjectBindingPattern_restElementWithPropertyName	internal/fourslash/fourslash.go	NewFourslash
internal/fourslash/tests/jsdocSnippetCompletion_test.go	TestJSDocSnippetCompletionPreservesCRLF	internal/testutil/testutil.go	RecoverAndFail
internal/fourslash/tests/autoImportCompletion_test.go	TestAutoImportCompletion2	internal/fourslash/fourslash.go	VerifyCompletions
internal/project/snapshotfs_test.go	TestSnapshotFSBuilder	internal/project/snapshotfs.go	Finalize
internal/fourslash/tests/gen/formattingRegexes_test.go	TestFormattingRegexes	internal/fourslash/fourslash.go	NewFourslash
internal/spanmap/spanmap_test.go	TestVirtualToOriginalSpanNilIdentity	internal/core/text.go	End
internal/tsoptions/commandlineparser_test.go	assertBuildParseResultWithTsBaseline	internal/json/json.go	Unmarshal
internal/checker/checker.go	getTupleElementInfo	internal/core/core.go	IfElse
internal/contentmapper/host_test.go	TestHostDiscardsStderrWithoutLogging	internal/contentmapper/host.go	Transform
internal/fourslash/tests/organizeImports_dtsUnusedImportWithAugmentation_test.go	TestOrganizeImports_dtsUnusedImportWithAugmentation	internal/fourslash/fourslash.go	VerifyOrganizeImports
internal/testutil/parsetestutil/parsetestutil.go	closure@1638	internal/ast/visitor.go	VisitEachChild
internal/project/session.go	publishProgramDiagnostics	internal/project/session.go	shouldPublishProgramDiagnostics
internal/printer/printer_test.go	TestNoTrailingCommaAfterTransform	internal/printer/emitcontext.go	NewEmitContext
internal/fourslash/tests/gen/jsdocSatisfiesTagRename_test.go	TestJsdocSatisfiesTagRename	internal/testutil/testutil.go	RecoverAndFail
internal/fourslash/tests/gen/getOccurrencesLoopBreakContinue_test.go	TestGetOccurrencesLoopBreakContinue	internal/fourslash/tests/util/util.go	ToAny
internal/fourslash/tests/gen/completionsPropertiesWithPromiseUnionType_test.go	TestCompletionsPropertiesWithPromiseUnionType	internal/fourslash/fourslash.go	NewFourslash
internal/fourslash/tests/gen/jsdocDeprecated_suggestion21_test.go	TestJsdocDeprecated_suggestion21	internal/fourslash/fourslash.go	Ranges
internal/fourslash/tests/gen/formatVariableDeclarationList_test.go	TestFormatVariableDeclarationList	internal/fourslash/fourslash.go	NewFourslash
internal/fourslash/tests/gen/getOccurrencesTryCatchFinally3_test.go	TestGetOccurrencesTryCatchFinally3	internal/fourslash/fourslash.go	Markers
internal/fourslash/tests/gen/unusedLocalsinConstructorFS1_test.go	TestUnusedLocalsinConstructorFS1	internal/fourslash/fourslash.go	VerifyRangeAfterCodeFix
internal/fourslash/tests/gen/addDeclareToFunction_test.go	TestAddDeclareToFunction	internal/testutil/testutil.go	RecoverAndFail
internal/fourslash/tests/gen/importSuggestionsCache_exportUndefined_test.go	TestImportSuggestionsCache_exportUndefined	internal/fourslash/skip_if_failing.go	SkipIfFailing
internal/ls/autoimport/registry.go	updateNodeModulesBucket	internal/execute/build/parseCache.go	delete
internal/fourslash/tests/gen/jsdocSatisfiesTagCompletion1_test.go	TestJsdocSatisfiesTagCompletion1	internal/fourslash/skip_if_failing.go	SkipIfFailing
internal/compiler/emit_test.go	BenchmarkEmitLongLines	internal/vfs/vfstest/vfstest.go	FromMap
internal/ast/ast.go	closure@94881	internal/ast/ast.go	GetDeclarationName
internal/ls/autoimport/registry_test.go	closure@1039	internal/testutil/autoimporttestutil/fixtures.go	SingleProject
internal/project/projectreferencesprogram_test.go	closure@8266	internal/testutil/projecttestutil/projecttestutil.go	Setup
internal/execute/tsctests/readablebuildinfo.go	closure@12919	internal/execute/incremental/buildInfo.go	HasSignature
internal/compiler/emitter.go	getScriptTransformers	internal/printer/emithost.go	Options
internal/project/bulkcache_test.go	TestBulkCacheInvalidation	internal/testutil/projecttestutil/projecttestutil.go	Setup
internal/fourslash/tests/gen/documentHighlightAtParameterPropertyDeclaration2_test.go	TestDocumentHighlightAtParameterPropertyDeclaration2	internal/fourslash/skip_if_failing.go	SkipIfFailing
internal/module/resolver_test.go	TestResolveModuleNameTrailingSlash	internal/vfs/vfstest/vfstest.go	FromMap
internal/fourslash/tests/gen/arityErrorAfterStringCompletions_test.go	TestArityErrorAfterStringCompletions	internal/testutil/testutil.go	RecoverAndFail
internal/fourslash/tests/gen/quickInfoOnPropertyAccessInWriteLocation1_test.go	TestQuickInfoOnPropertyAccessInWriteLocation1	internal/fourslash/skip_if_failing.go	SkipIfFailing
internal/checker/tracer_test.go	TestTracerPushPreservesEndArgMutations	internal/checker/tracer_test.go	findTestTraceEvent
internal/fourslash/tests/gen/formattingOnConstructorSignature_test.go	TestFormattingOnConstructorSignature	internal/fourslash/fourslash.go	VerifyCurrentLineContent
internal/fourslash/tests/gen/renameNamespaceImport_test.go	TestRenameNamespaceImport	internal/testutil/testutil.go	RecoverAndFail
internal/fourslash/tests/gen/gotoDefinitionLinkTag6_test.go	TestGotoDefinitionLinkTag6	internal/fourslash/fourslash.go	VerifyBaselineGoToDefinition
internal/fourslash/tests/gen/codeFixMissingTypeAnnotationOnExports39-extract-arr-to-variable_test.go	TestCodeFixMissingTypeAnnotationOnExports39_extract_arr_to_variable	internal/fourslash/fourslash.go	VerifyCodeFix
internal/fswatch/watcher_test.go	TestSubscribeSubfileDelete	internal/fswatch/watcher_test.go	runForEachWatcher
internal/project/checkerpool_test.go	closure@4448	internal/core/context.go	WithCheckerLifetime
internal/fourslash/tests/gen/indentAfterFunctionClosingBraces_test.go	TestIndentAfterFunctionClosingBraces	internal/fourslash/fourslash.go	GoToMarker
internal/vfs/vfstest/vfstest_test.go	TestSensitiveDuplicatePath	internal/vfs/vfstest/vfstest.go	convertMapFS
internal/printer/printer_test.go	TestParenthesizeNew1	internal/ast/ast_generated.go	NewBinaryExpression
internal/api/session_apistate_test.go	closure@3770	internal/tspath/path.go	Path
internal/project/project_test.go	closure@11474	internal/testutil/projecttestutil/projecttestutil.go	FS
internal/fourslash/tests/gen/importStatementCompletions_noPatternAmbient_test.go	TestImportStatementCompletions_noPatternAmbient	internal/fourslash/fourslash.go	NewFourslash
internal/execute/tsctests/tsc_test.go	closure@141817	internal/execute/tsctests/sys.go	writeFileNoError
internal/fourslash/tests/gen/autoImportCompletionExportListAugmentation1_test.go	TestAutoImportCompletionExportListAugmentation1	internal/fourslash/fourslash.go	VerifyCompletions
internal/fourslash/tests/gen/getOccurrencesThis5_test.go	TestGetOccurrencesThis5	internal/fourslash/skip_if_failing.go	SkipIfFailing
internal/fourslash/fourslash.go	VerifyBaselineClosingTags	internal/fourslash/baselineutil.go	annotateContentWithTooltips
internal/execute/tsctests/tscbuild_test.go	closure@146001	internal/execute/build/parseCache.go	delete
internal/project/logging/logtree_test.go	Log	internal/project/logging/logtree.go	Log
internal/fourslash/tests/gen/codeFixInferFromUsageRestParam2_test.go	TestCodeFixInferFromUsageRestParam2	internal/testutil/testutil.go	RecoverAndFail
internal/fourslash/tests/gen/goToDefinitionJsxNotSet_test.go	TestGoToDefinitionJsxNotSet	internal/fourslash/fourslash.go	VerifyBaselineGoToDefinition
internal/fourslash/tests/gen/goToImplementationThis_01_test.go	TestGoToImplementationThis_01	internal/testutil/testutil.go	RecoverAndFail
internal/tspath/untitled_test.go	TestUntitledPathHandling	internal/tspath/path.go	ToPath
internal/fourslash/tests/gen/docCommentTemplateFunctionWithParameters_test.go	TestDocCommentTemplateFunctionWithParameters	internal/fourslash/fourslash.go	GoToMarker
internal/fourslash/tests/gen/quickInfoJsDocGetterSetterNoCrash1_test.go	TestQuickInfoJsDocGetterSetterNoCrash1	internal/fourslash/fourslash.go	VerifyQuickInfoAt
internal/fourslash/tests/gen/completionsOverridingMethod8_test.go	TestCompletionsOverridingMethod8	internal/fourslash/skip_if_failing.go	SkipIfFailing
internal/fourslash/tests/gen/getOccurrencesSwitchCaseDefaultBroken_test.go	TestGetOccurrencesSwitchCaseDefaultBroken	internal/fourslash/fourslash.go	NewFourslash
internal/module/resolver.go	loadModuleFromExportsOrImports	internal/collections/ordered_map.go	Get
internal/ls/selectionranges.go	getSmartSelectionRange	internal/astnav/tokens.go	GetStartOfNode
internal/fourslash/tests/gen/genericWithSpecializedProperties1_test.go	TestGenericWithSpecializedProperties1	internal/testutil/testutil.go	RecoverAndFail
internal/checker/flow.go	closure@48269	internal/checker/relater.go	areTypesComparable
internal/execute/incremental/emitfileshandler.go	emitFilesIncremental	internal/core/workgroup.go	Queue
internal/fourslash/tests/gen/goToDefinitionSwitchCase2_test.go	TestGoToDefinitionSwitchCase2	internal/testutil/testutil.go	RecoverAndFail
internal/checker/checker.go	isExportOrExportExpression	internal/ast/utilities.go	IsEntityNameExpression
internal/api/encoder/decoder_test.go	TestDecodeSourceFile_ClassDeclaration	internal/ast/ast_generated.go	AsClassDeclaration
internal/fourslash/tests/gen/pathCompletionsTypesVersionsWildcard1_test.go	TestPathCompletionsTypesVersionsWildcard1	internal/testutil/testutil.go	RecoverAndFail
internal/fourslash/tests/gen/addDeclareToFunction_test.go	TestAddDeclareToFunction	internal/fourslash/fourslash.go	GoToMarker
internal/fourslash/tests/gen/getOccurrencesReadonly1_test.go	TestGetOccurrencesReadonly1	internal/fourslash/fourslash.go	VerifyBaselineDocumentHighlights
internal/fourslash/tests/gen/codeFixTopLevelForAwait_module_blankCompilerOptionsInTsConfig_test.go	TestCodeFixTopLevelForAwait_module_blankCompilerOptionsInTsConfig	internal/fourslash/fourslash.go	NewFourslash
internal/fswatch/watcher_test.go	closure@32820	internal/fswatch/watcher_test.go	newTmpDir
internal/project/dirty/syncmap_test.go	closure@2903	internal/project/dirty/syncmap.go	Change
internal/fswatch/fanotify_linux.go	dropSubsForPathLocked	internal/execute/build/parseCache.go	delete
internal/project/projectcollectionbuilder_test.go	closure@2806	internal/tspath/path.go	Path
internal/ast/ast.go	computeDeclarationMap	internal/ast/ast.go	PropertyName
internal/execute/watchmanager/watchmanager_test.go	TestDirWatchSetCaseInsensitive	internal/execute/watchmanager/watchmanager.go	Set
internal/compiler/processingDiagnostic.go	createDiagnosticExplainingFile	internal/collections/set.go	AddIfAbsent
internal/fourslash/tests/gen/codeFixClassImplementInterfaceConstructSignature_test.go	TestCodeFixClassImplementInterfaceConstructSignature	internal/fourslash/skip_if_failing.go	SkipIfFailing
internal/project/configfileregistrybuilder.go	closure@14957	internal/project/dirty/syncmap.go	Change
internal/checker/checker.go	getForInVariableSymbol	internal/checker/checker.go	len
internal/fourslash/tests/gen/renameModuleToVar_test.go	TestRenameModuleToVar	internal/fourslash/fourslash.go	Insert
internal/testutil/contentmappertest/supplemental_diagnostics.go	HandleRequest	internal/core/text.go	TextPos
internal/project/extendedconfigcache_test.go	closure@7666	internal/tsoptions/parsedcommandline.go	ExtendedSourceFiles
internal/fourslash/tests/gen/codeFixClassImplementClassMultipleSignatures2_test.go	TestCodeFixClassImplementClassMultipleSignatures2	internal/fourslash/skip_if_failing.go	SkipIfFailing
internal/fswatch/inotify_linux.go	init	internal/fswatch/inotify_linux.go	newInotifyBackend
internal/fourslash/tests/contentMapperHover_test.go	TestContentMapperHover	internal/testutil/testutil.go	RecoverAndFail
internal/checker/checker.go	getUnionTypeWorker	internal/core/core.go	IfElse
internal/fourslash/tests/gen/javaScriptClass2_test.go	TestJavaScriptClass2	internal/testutil/testutil.go	RecoverAndFail
internal/fourslash/tests/gen/renameForDefaultExport04_test.go	TestRenameForDefaultExport04	internal/testutil/testutil.go	RecoverAndFail
internal/checker/checker.go	getTypeAliasInstantiation	internal/core/linkstore.go	Get
internal/fourslash/tests/gen/referencesForInheritedProperties_test.go	TestReferencesForInheritedProperties	internal/testutil/testutil.go	RecoverAndFail
internal/fourslash/tests/gen/docCommentTemplateClassDeclMethods02_test.go	TestDocCommentTemplateClassDeclMethods02	internal/fourslash/fourslash.go	NewFourslash
internal/fourslash/tests/gen/genericFunctionSignatureHelp1_test.go	TestGenericFunctionSignatureHelp1	internal/fourslash/fourslash.go	VerifySignatureHelp
internal/execute/tsctests/tsc_test.go	closure@106007	internal/execute/tsctests/sys.go	writeFileNoError
internal/fourslash/tests/gen/quickinfoVerbosityNoErrorTruncation1_test.go	TestQuickinfoVerbosityNoErrorTruncation1	internal/testutil/testutil.go	RecoverAndFail
internal/project/projectcollectionbuilder.go	updateProgram	internal/project/compilerhost.go	newCompilerHost
internal/fourslash/tests/manual/completionsInArrayLiteralWithContextualType_test.go	TestCompletionsInArrayLiteralWithContextualType	internal/fourslash/fourslash.go	VerifyCompletions
internal/fourslash/tests/gen/codeFixInferFromFunctionThisUsageObjectPropertyShorthand_test.go	TestCodeFixInferFromFunctionThisUsageObjectPropertyShorthand	internal/fourslash/fourslash.go	NewFourslash
internal/fourslash/tests/gen/formatSelectionWithTrivia3_test.go	TestFormatSelectionWithTrivia3	internal/testutil/testutil.go	RecoverAndFail
internal/fourslash/tests/gen/codeFixUseBigIntLiteralWithNumericSeparators_test.go	TestCodeFixUseBigIntLiteralWithNumericSeparators	internal/fourslash/fourslash.go	VerifyCodeFixNotAvailable
internal/fourslash/tests/gen/completionListInExtendsClause_test.go	TestCompletionListInExtendsClause	internal/fourslash/fourslash.go	NewFourslash
internal/fourslash/tests/manual/navigationBarFunctionPrototype4_test.go	TestNavigationBarFunctionPrototype4	internal/testutil/testutil.go	RecoverAndFail
internal/checker/checker.go	closure@109063	internal/checker/checker.go	isPropertyInitializedInStaticBlocks
internal/fourslash/tests/gen/completionListInObjectLiteral6_test.go	TestCompletionListInObjectLiteral6	internal/fourslash/skip_if_failing.go	SkipIfFailing
internal/fourslash/tests/gen/outliningSpansForImportsAndExports_test.go	TestOutliningSpansForImportsAndExports	internal/fourslash/fourslash.go	NewFourslash
internal/fourslash/tests/manual/linkedEditingJsxTag6_test.go	TestLinkedEditingJsxTag6	internal/fourslash/fourslash.go	MarkerByName
internal/fourslash/tests/gen/functionProperty_test.go	TestFunctionProperty	internal/fourslash/fourslash.go	VerifySignatureHelp
internal/fourslash/tests/gen/getOutliningSpansForRegionsNoSingleLineFolds_test.go	TestGetOutliningSpansForRegionsNoSingleLineFolds	internal/fourslash/skip_if_failing.go	SkipIfFailing
internal/fourslash/tests/gen/codeFixMissingTypeAnnotationOnExports58-genercs-doesnt-drop-trailing-unknown-2_test.go	TestCodeFixMissingTypeAnnotationOnExports58_genercs_doesnt_drop_trailing_unknown_2	internal/fourslash/fourslash.go	NewFourslash
internal/execute/tsctests/tscbuild_test.go	closure@73390	internal/execute/tsctests/sys.go	newTestSys
internal/fourslash/tests/gen/smartSelection_function3_test.go	TestSmartSelection_function3	internal/fourslash/skip_if_failing.go	SkipIfFailing
internal/checker/checker.go	getSimplifiedIndexedAccessTypeWorker	internal/core/core.go	IfElse
