internal/project/overlayfs.go	processChanges	internal/api/callbackfs.go	UseCaseSensitiveFileNames
internal/checker/checker.go	getAdjustedTypeWithFacts$1	internal/checker/checker.go	getGlobalNonNullableTypeInstantiation
internal/ast/ast.go	IterChildren$1$1	internal/transformers/moduletransforms/commonjsmodule.go	transformCommonJSModule$1
internal/transformers/estransforms/classfields.go	createMemberAccessForPropertyName	internal/ast/ast_generated.go	NewPropertyAccessExpression
internal/execute/build/buildtask.go	cleanProjectOutput	internal/vfs/iovfs/iofs.go	FileExists
internal/compiler/program.go	UseCaseSensitiveFileNames	internal/project/snapshotfs.go	UseCaseSensitiveFileNames
internal/compiler/fileInclude.go	computeDiagnostic	internal/tsoptions/parsedcommandline.go	ConfigName
internal/checker/checker.go	mapTypeEx	internal/checker/checker.go	checkArrayLiteralDestructuringElementAssignment$1
internal/transformers/estransforms/async.go	visit	internal/ast/visitor.go	VisitEachChild
internal/checker/checker.go	containsArgumentsReference$1	internal/ast/ast.go	Initializer
internal/testrunner/transpile_runner.go	runTest$1	internal/testrunner/transpile_runner.go	runKind
internal/transformers/estransforms/classfields.go	createCallBinding	internal/transformers/transformer.go	EmitContext
internal/vfs/vfstest/vfstest.go	Entries$1	internal/testutil/fsbaselineutil/differ.go	ChangedPaths$1
internal/modulespecifiers/specifiers.go	GetEachFileNameOfModule$2$1	internal/tspath/path.go	ResolvePath
internal/checker/checker.go	checkClassDeclaration$1	internal/ast/utilities.go	IsPrivateIdentifierClassElementDeclaration
internal/printer/printer.go	emitExpression	internal/ast/ast_generated.go	AsObjectLiteralExpression
internal/ls/file_rename.go	updateTsconfigFiles$1	internal/ls/change/tracker.go	InsertNodeAfter
internal/ast/ast.go	visit	internal/ast/parseoptions.go	findChildNode$1
internal/ast/ast.go	collectIdentifiersForSourceFile	internal/ast/ast.go	AsNode
internal/checker/checker.go	checkImportDeclaration	internal/ast/ast_generated.go	AsImportClause
internal/compiler/emitter.go	emitDeclarationFile	internal/tracing/tracing.go	Push$2
internal/compiler/filesparser.go	getProcessedFiles$1	internal/ast/ast.go	ContentMapper
internal/lsp/server.go	handleRequestOrNotification$1	internal/lsp/server.go	registerMultiProjectReferenceRequestHandler$1$1
internal/printer/printer.go	emitNamedImports	internal/ast/ast.go	AsNode
internal/ast/ast.go	SetExpression	internal/ast/ast_generated.go	AsSatisfiesExpression
internal/parser/references.go	collectModuleReferences	internal/ast/ast.go	Body
internal/checker/nodecopy.go	getExistingNodeTreeVisitor$9	internal/checker/checker.go	getSymbolOfDeclaration
internal/transformers/declarations/transform.go	transformFunctionTypeNode	internal/ls/autoimport/import_adder.go	TryGetAutoImportableReferenceFromTypeNode$1
internal/project/session.go	NpmInstall	internal/testutil/projecttestutil/npmexecutormock_generated.go	NpmInstall
internal/transformers/declarations/tracker.go	ReportInferenceFallback	internal/checker/emitresolver.go	IsExpandoFunctionDeclarationUnsafe
internal/modulespecifiers/specifiers.go	GetEachFileNameOfModule$2	internal/ls/autoimport/aliasresolver.go	UseCaseSensitiveFileNames
internal/ls/documenthighlights.go	useParent	internal/ls/documenthighlights.go	getBreakOrContinueStatementOccurrences
internal/compiler/emitter.go	printSourceFile	internal/printer/textwriter.go	Clear
internal/ls/importTracker.go	getImportersForExport$6	internal/ls/importTracker.go	getImportersForExport$3
internal/printer/printer.go	emitExpression	internal/ast/ast_generated.go	AsAwaitExpression
internal/execute/build/buildtask.go	storeOutputTimeStamp	internal/core/compileroptions.go	IsIncremental
internal/transformers/estransforms/using.go	visitSourceFile	internal/ast/visitor.go	VisitEachChild
internal/tsoptions/showconfig.go	serializeCompilerOptions	internal/tsoptions/commandlineoption.go	EnumMap
internal/api/encoder/encoder.go	encodeTree$4	internal/checker/nodecopy.go	getExistingNodeTreeVisitor$1$1
internal/transformers/estransforms/classfields.go	visitSourceFile	internal/transformers/transformer.go	EmitContext
internal/transformers/estransforms/usestrict.go	visitSourceFile	internal/transformers/transformer.go	Factory
internal/checker/flow.go	tryGetNameFromEntityNameExpression	internal/ast/ast.go	Name
internal/transformers/declarations/diagnostics.go	createGetIsolatedDeclarationErrors$2	internal/transformers/declarations/diagnostics.go	createArrayLiteralError
internal/ls/file_rename.go	updateTsconfigFiles$1$1	internal/tsoptions/tsconfigparsing.go	Get
internal/fourslash/baselineutil.go	getBaselineOptions$7	internal/fourslash/baselineutil.go	dropTrailingEmptyLines
internal/execute/build/buildtask.go	reportDiagnostic	internal/execute/tsc/diagnostics.go	CreateDiagnosticReporter$1
internal/checker/flow.go	getNarrowedTypeWorker$3$3	internal/checker/checker.go	maybeTypeOfKind
internal/checker/utilities.go	isExportAssignmentExpressionName	internal/ast/ast.go	Expression
internal/transformers/estransforms/esdecorator.go	createDescriptorMethod	internal/printer/emitcontext.go	SetSourceMapRange
internal/format/span.go	execute$3	internal/core/text.go	Pos
internal/checker/checker.go	computeBaseConstraint$1	internal/checker/checker.go	isGenericTupleType
internal/checker/checker.go	checkFunctionOrConstructorSymbolWorker$4	internal/scanner/utilities.go	DeclarationNameToString
internal/ls/callhierarchy.go	resolveCallHierarchyDeclaration	internal/checker/checker.go	GetSymbolAtLocation
internal/checker/checker.go	checkObjectTypeForDuplicateDeclarations	internal/checker/checker.go	checkObjectTypeForDuplicateDeclarations$1
internal/ipc/conn_async.go	handleRequest	internal/ipc/protocol_jsonrpc.go	WriteError
internal/transformers/tstransforms/legacydecorators.go	visitSetAccessorDeclaration	internal/ast/ast.go	AsNode
internal/fourslash/fourslash.go	VerifyNumberOfErrorsInCurrentFile$1	internal/fourslash/fourslash.go	isSuggestionDiagnostic
internal/printer/printer.go	emitParameter	internal/ast/ast.go	Modifiers
internal/core/bfs.go	BreadthFirstSearchParallelEx	internal/core/bfs.go	BreadthFirstSearchParallelEx$1
internal/transformers/estransforms/using.go	hoistInitializedVariable	internal/transformers/transformer.go	EmitContext
internal/ast/ast_generated.go	UpdateJSDocTemplateTag	internal/ast/ast.go	AsNode
internal/transformers/declarations/transform.go	transformTopLevelDeclaration	internal/transformers/transformer.go	EmitContext
internal/ls/lsconv/converters.go	FileNameToDocumentURI	internal/bundled/embed.go	IsBundled
internal/module/resolver.go	resolveTypeReferenceDirective	internal/project/autoimport.go	FS
internal/checker/checker.go	getSuggestionForNonexistentIndexSignature$1	internal/checker/checker.go	getPropertyOfObjectType
internal/ls/callhierarchy.go	createCallHierarchyItem	internal/spanmap/spanmap.go	IsNone
internal/binder/referenceresolver.go	getReferencedValueSymbol	internal/ast/ast.go	Name
internal/outputpaths/outputpaths.go	getOutputPathWithoutChangingExtension	internal/compiler/program.go	UseCaseSensitiveFileNames
internal/execute/incremental/emitfileshandler.go	getEmitOptions$1	internal/execute/build/host.go	GetMTime
internal/transformers/moduletransforms/commonjsmodule.go	visitPostfixUnaryExpression	internal/transformers/transformer.go	EmitContext
internal/printer/semicolon_writer.go	WriteParameter	internal/ls/displaypartswriter.go	WriteParameter
internal/printer/printer.go	parenthesizeExpressionForNoAsi	internal/ast/ast.go	Modifiers
internal/vfs/cachedvfs/cachedvfs.go	WriteFile	internal/execute/tsctests/fs.go	WriteFile
internal/tsoptions/commandlineparser.go	parseResponseFile	internal/vfs/cachedvfs/cachedvfs.go	UseCaseSensitiveFileNames
internal/ipc/conn_sync.go	handleRequest	internal/fswatch/watcher.go	Error
internal/printer/factory.go	NewObjectDefinePropertyCall	internal/ast/ast_generated.go	NewPropertyAccessExpression
internal/checker/nodecopy.go	getExistingNodeTreeVisitor$8	internal/ast/ast_generated.go	AsConditionalTypeNode
internal/transformers/declarations/transform.go	createFullExpandoBlock$1	internal/ast/ast.go	Name
internal/astnav/tokens.go	FindNextToken$1	internal/ast/ast.go	GetOrCreateToken
internal/ast/ast_generated.go	UpdateParenthesizedExpression	internal/ast/ast.go	AsNode
internal/project/snapshot.go	dispose	internal/compiler/program.go	ContentMapperProject
internal/compiler/fileloader.go	parseSourceFile	internal/tracing/tracing.go	Push$5
internal/transformers/estransforms/esdecorator.go	transformClassLike	internal/printer/factory.go	NewUniqueNameEx
internal/execute/incremental/buildInfo.go	getNormalizedPaths$1	internal/module/resolver.go	loadModuleFromTargetExportOrImport$2
internal/bundled/embed.go	ReadFile	internal/vfs/iovfs/iofs.go	ReadFile
internal/transformers/tstransforms/runtimesyntax.go	visitImportEqualsDeclaration	internal/ast/visitor.go	VisitEachChild
internal/compiler/filesparser.go	getProcessedFiles$1	internal/ast/ast.go	ParseOptions
internal/tsoptions/parsedcommandline.go	GetOutputFileNames$1	internal/modulespecifiers/util.go	allKeysStartWithDot$1
internal/checker/checker.go	checkUnusedTypeParameters	internal/ast/ast.go	Text
internal/ls/change/delete.go	deleteDeclaration	internal/ast/ast_generated.go	Name
internal/execute/build/buildtask.go	reportDiagnostic	internal/execute/tsc/diagnostics.go	QuietDiagnosticReporter
internal/ls/inlay_hints.go	getInlayHintLabelParts$1	internal/ast/ast.go	PostfixToken
internal/project/compilerhost.go	GetContentMappedSourceFiles	internal/lsp/server.go	GetLocale
internal/transformers/moduletransforms/commonjsmodule.go	visitTopLevelNestedVariableStatement	internal/transformers/transformer.go	Visitor
internal/ls/autoimport/fix.go	GetFixes	internal/compiler/program.go	Options
internal/checker/grammarchecks.go	checkGrammarJsxElement	internal/ast/ast.go	Text
internal/ls/autoimport/registry.go	buildProjectBucket$1	internal/ast/ast.go	Path
internal/fswatch/walkdir_unix.go	iterateDir	internal/fswatch/kqueue.go	compareDir$2
internal/checker/services.go	getSymbolsInScope$4	internal/checker/checker.go	getMembersOfSymbol
internal/scanner/scanner.go	scanASCIIWhile	internal/scanner/scanner.go	scanNumberFragment$1
internal/core/workgroup.go	RunAndWait	internal/checker/checker.go	recordPotentialCollisionWithWeakMapSetInGeneratedCode$1
internal/transformers/declarations/tracker.go	handleSymbolAccessibilityError	internal/transformers/declarations/diagnostics.go	createGetSymbolAccessibilityDiagnosticForNode$4
internal/testutil/harnessutil/harnessutil.go	getOptionValue$1	internal/tspath/path.go	GetNormalizedAbsolutePath
internal/project/projectcollectionbuilder.go	updateProgram$2$1	internal/project/compilerhost.go	ContentMapperProject
internal/astnav/tokens.go	VisitEachChildAndJSDoc	internal/astnav/tokens.go	getNodeVisitor$1
internal/printer/printer.go	emitStatement	internal/ast/ast_generated.go	AsTypeAliasDeclaration
internal/project/checkerpool.go	createRelease$1	internal/project/checkerpool.go	disposeCheckerLocked
internal/checker/jsx.go	elaborateIterableOrArrayLikeTargetElementwise$2	internal/checker/relater.go	elaborateError
internal/module/resolver.go	realPath	internal/project/snapshotfs.go	Realpath
internal/transformers/declarations/transform.go	transformSetAccessorDeclaration	internal/ast/ast.go	AsNode
internal/compiler/program.go	UseCaseSensitiveFileNames	internal/execute/build/compilerHost.go	FS
internal/checker/grammarchecks.go	checkGrammarObjectLiteralExpression	internal/ast/ast_generated.go	AsNumericLiteral
internal/ls/lsconv/converters.go	lspRangeToVirtual	internal/spanmap/spanmap.go	OriginalToVirtualSpans
internal/ls/callhierarchy.go	getSourceFile$1	internal/ast/utilities.go	GetSourceFileOfNode
internal/diagnosticwriter/diagnosticwriter.go	File	internal/ast/diagnostic.go	File
internal/project/project.go	getCommandLineWithTypingsFiles$1	internal/tsoptions/parsedcommandline.go	FileNames
internal/testutil/tsbaseline/error_baseline.go	iterateErrorBaseline$4	internal/fourslash/fourslash.go	FileName
internal/parser/parser.go	makeSatisfiesExpression	internal/ast/ast.go	Pos
internal/compiler/emitter.go	getSourceFilesToEmit	internal/compiler/emitHost.go	SourceFiles
internal/testutil/harnessutil/recorderfs.go	WriteFile	internal/bundled/embed.go	WriteFile
internal/execute/watcher.go	doBuild	internal/execute/tsctests/sys.go	FS
internal/transformers/tstransforms/legacydecorators.go	getClassPrototype	internal/transformers/transformer.go	Factory
internal/transformers/estransforms/esdecorator.go	emitMemberInfoDeclarations$1	internal/ast/utilities.go	IsStatic
internal/transformers/estransforms/esdecorator.go	visitCallExpression	internal/ast/visitor.go	VisitEachChild
internal/ast/utilities.go	FindAncestor	internal/ls/signaturehelp.go	getAdjustedNode$1
internal/compiler/fileloader.go	processAllProgramFiles	internal/tracing/tracing.go	Push$3
internal/transformers/jsxtransforms/jsx.go	visitSourceFile$2	internal/ast/ast_generated.go	NewBindingPattern
internal/ast/ast.go	visit	internal/ast/utilities.go	getModuleInstanceStateWorker$1
internal/transformers/estransforms/taggedtemplate.go	processTaggedTemplateExpression	internal/printer/factory.go	NewUniqueName
internal/execute/tsc/init.go	WriteConfigFile	internal/execute/tsc/diagnostics.go	QuietDiagnosticReporter
internal/ls/completions.go	getCompletionData$18	internal/ls/completions.go	getCompletionData$13
internal/core/workgroup.go	RunAndWait	internal/compiler/projectreferenceparser.go	start$1
internal/ast/visitor.go	VisitNode	internal/testutil/parsetestutil/parsetestutil.go	newSyntheticRecursiveVisitor$1
internal/checker/symbolaccessibility.go	needsQualification$1	internal/ast/utilities.go	GetDeclarationOfKind
internal/printer/emitcontext.go	VisitFunctionBody	internal/ast/ast_generated.go	UpdateBlock
internal/tsoptions/tsconfigparsing.go	getFileNamesFromConfigSpecs$1	internal/project/snapshotfs.go	UseCaseSensitiveFileNames
internal/transformers/declarations/transform.go	transformImportDeclaration$1	internal/checker/emitresolver.go	IsDeclarationVisible
internal/execute/tsc/help.go	printAllHelp	internal/execute/tsctests/sys.go	Writer
internal/checker/symboltracker.go	ReportNonlocalAugmentation	internal/transformers/declarations/tracker.go	ReportNonlocalAugmentation
internal/project/session.go	scheduleIdleCacheClean$1	internal/project/session.go	cancelScheduledSnapshotUpdate
internal/ls/utilities.go	getPropertySymbolFromBindingElement	internal/ast/ast.go	Text
internal/ls/completions.go	getClosestSymbolDeclaration$1	internal/ast/ast_generated.go	IsIndexSignatureDeclaration
internal/vfs/cachedvfs/cachedvfs.go	Remove	internal/execute/tsctests/fs.go	Remove
internal/project/projectcollectionbuilder.go	HandleAPIRequest	internal/project/session.go	NewSession$1
internal/ls/languageservice.go	ReadFile	internal/project/snapshot.go	ReadFile
internal/checker/checker.go	produceDeferredDiagnostics	internal/checker/nodecopy.go	ReportNonSerializableProperty$1
internal/core/core.go	ComputeECMALineStartsSeq$1	internal/stringutil/util.go	IsLineBreak
internal/checker/checker.go	mapTypeEx	internal/checker/checker.go	checkObjectLiteral$2
internal/compiler/program.go	collectPackageNames$1	internal/compiler/program.go	IsSourceFileFromExternalLibrary
internal/transformers/estransforms/classfields.go	newClassFieldsTransformer	internal/printer/emitcontext.go	NewNodeVisitor
internal/parser/references.go	collectModuleReferences	internal/ast/ast_generated.go	AsModuleDeclaration
internal/module/resolver.go	tryFileLookup	internal/project/snapshotfs.go	FileExists
internal/contentmapper/hostimpl.go	handshake	internal/contentmapper/host.go	Error
internal/transformers/estransforms/classfields.go	transformConstructor	internal/transformers/transformer.go	Factory
internal/printer/printer.go	emitCaseBlock	internal/ast/ast.go	AsNode
internal/ls/findallreferences.go	getNonLocalDefinition$1	internal/spanmap/spanmap.go	IsNone
internal/printer/printer.go	emitBigIntLiteral	internal/ast/ast.go	AsNode
internal/ls/completions.go	getCompletionData$15	internal/ls/utilities.go	getAllSuperTypeNodes
internal/ipc/conn_sync.go	handleRequest	internal/semver/version.go	Error
internal/compiler/emitter.go	getScriptTransformers	internal/ast/ast.go	AsNode
internal/checker/checker.go	isUsedInFunctionOrInstanceProperty$1	internal/ast/ast_generated.go	IsDecorator
internal/module/resolver.go	GetAutomaticTypeDirectiveNames	internal/vfs/wrapvfs/wrapvfs.go	FileExists
internal/ls/symbols.go	ProvideWorkspaceSymbols	internal/spanmap/spanmap.go	IsSingleSegment
internal/checker/checker.go	checkFunctionOrConstructorSymbolWorker	internal/checker/checker.go	checkFunctionOrConstructorSymbolWorker$2
internal/transformers/estransforms/classfields.go	visitIdentifier	internal/ast/ast.go	Clone
internal/ast/ast_generated.go	UpdateTaggedTemplateExpression	internal/ast/ast.go	AsNode
internal/tsoptions/commandlineparser.go	ParseCommandLine	internal/vfs/iovfs/iofs.go	UseCaseSensitiveFileNames
internal/checker/checker.go	filterType$1	internal/checker/flow.go	narrowTypeByInKeyword$2
internal/checker/emitresolver.go	IsReferencedAliasDeclaration	internal/checker/checker.go	getSymbolOfDeclaration
internal/printer/semicolon_writer.go	WriteKeyword	internal/printer/singlelinestringwriter.go	WriteKeyword
internal/checker/grammarchecks.go	checkGrammarAccessor	internal/ast/ast_generated.go	AsParameterDeclaration
internal/transformers/estransforms/forawait.go	visitMethodDeclaration	internal/transformers/transformer.go	Visitor
internal/testutil/contentmappertest/supplemental_diagnostics.go	HandleRequest	internal/spanmap/spanmap.go	Marshal
internal/ls/file_rename.go	updateTsconfigFiles$1	internal/ls/languageservice.go	UseCaseSensitiveFileNames
internal/printer/printer.go	emitJsxAttributeLike	internal/ast/ast_generated.go	AsJsxSpreadAttribute
internal/ast/utilities.go	getImportTypeNodeLiteral	internal/ast/ast_generated.go	IsStringLiteral
internal/ls/codeactions_fixmissingtypeannotation.go	findAncestorWithMissingType$1	internal/ast/ast_generated.go	IsObjectBindingPattern
internal/ls/change/trackerimpl.go	getEndPositionOfMultilineTrailingComment$1	internal/core/text.go	Pos
internal/printer/printer.go	emitInterfaceDeclaration	internal/ast/ast.go	Modifiers
internal/ls/lsutil/userpreferences.go	serializeField	internal/ls/lsutil/userpreferences.go	init$6
internal/module/resolver.go	loadModuleFromTargetExportOrImport	cmd/tsgo/sys.go	GetCurrentDirectory
internal/compiler/program.go	verifyCompilerOptions$17	internal/outputpaths/outputpaths.go	DeclarationMapPath
internal/packagejson/cache.go	GetVersionPaths$1$1	internal/packagejson/jsonvalue.go	String
internal/tsoptions/commandlineparser.go	ParseCommandLine	internal/execute/tsctests/sys.go	GetCurrentDirectory
internal/api/session.go	handleGetExportSpecifierLocalTargetSymbol	internal/compiler/checkerpool.go	noop
internal/testutil/contentmappertest/spawner.go	Serve	internal/ipc/conn_async.go	Run
internal/transformers/declarations/transform.go	transformJSDocNullableType	internal/api/encoder/encoder.go	BuildNodeIndexTable$3
internal/checker/checker.go	getContextualTypeForElementExpression$1	internal/checker/checker.go	getElementTypeOfSliceOfTupleType
internal/testutil/harnessutil/harnessutil.go	CompileFilesEx	internal/contentmapper/hostimpl.go	Close
internal/vfs/cachedvfs/cachedvfs.go	Stat	internal/bundled/embed.go	Stat
internal/module/resolver.go	traceTypeReferenceDirectiveResult	internal/module/types.go	String
internal/transformers/estransforms/classfields.go	visitAssignmentElement	internal/transformers/transformer.go	Visitor
internal/core/workgroup.go	RunAndWait	internal/checker/checker.go	getIterationTypesOfIterableWorker$1
internal/transformers/estransforms/esdecorator.go	getHelperVariableName	internal/ast/utilities.go	IsStatic
internal/project/projectcollectionbuilder.go	DidChangeFiles	internal/lsp/lsproto/lsp.go	FileName
internal/fourslash/baselineutil.go	getBaselineOptions$5	internal/fourslash/baselineutil.go	dropTrailingEmptyLines
internal/checker/checker.go	getApparentMappedTypeKeys$1	internal/checker/checker.go	instantiateType
internal/execute/incremental/emitfileshandler.go	getEmitOptions$1	internal/execute/incremental/host.go	GetMTime
internal/ls/folding.go	tryGetFunctionOpenToken	internal/ast/ast.go	Parameters
internal/checker/flow.go	narrowTypeBySwitchOnDiscriminant$1	internal/checker/relater.go	areTypesComparable
internal/ls/inlay_hints.go	getInlayHintLabelParts$1	internal/ast/ast_generated.go	AsArrayTypeNode
internal/api/encoder/encoder.go	BuildNodeIndexTable$3	internal/testutil/parsetestutil/parsetestutil.go	newSyntheticRecursiveVisitor$1
internal/transformers/declarations/transform.go	transformJSDocOptionalType	internal/checker/nodecopy.go	getExistingNodeTreeVisitor$1$1
internal/tsoptions/tsconfigparsing.go	getFileNamesFromConfigSpecs	internal/bundled/embed.go	UseCaseSensitiveFileNames
internal/transformers/declarations/transform.go	transformJSDocAllType	internal/transformers/transformer.go	EmitContext
internal/contentmapper/hostimpl.go	normalizeDiagnosticDirectives	internal/contentmapper/hostimpl.go	normalizeDiagnosticDirectives$1
internal/lsp/lspwatcher/lspwatcher.go	emitSyntheticCreates	internal/bundled/embed.go	WalkDir
internal/transformers/estransforms/esdecorator.go	createCallBinding	internal/ast/ast_generated.go	AsPropertyAccessExpression
internal/checker/nodebuilderimpl.go	isHomomorphicMappedTypeWithNonHomomorphicInstantiation	internal/checker/types.go	AsType
internal/module/resolver.go	GetAutomaticTypeDirectiveNames	internal/api/callbackfs.go	FileExists
internal/checker/checker.go	filterType	internal/checker/checker.go	getContextualTypeForReturnExpression$1
internal/tsoptions/tsconfigparsing.go	GetParsedCommandLineOfConfigFile	internal/vfs/trackingvfs/trackingvfs.go	UseCaseSensitiveFileNames
internal/printer/semicolon_writer.go	DecreaseIndent	internal/printer/changetrackerwriter.go	DecreaseIndent
internal/execute/incremental/program.go	ensureHasErrorsForState	internal/core/compileroptions.go	IsIncremental
internal/transformers/tstransforms/legacydecorators.go	elideNodes	internal/ast/ast.go	NewNodeList
internal/project/overlayfs.go	ECMALineInfo$1	internal/sourcemap/lineinfo.go	CreateECMALineInfo
internal/printer/printer.go	emitStatement	internal/ast/ast_generated.go	AsSwitchStatement
internal/checker/nodecopy.go	getExistingNodeTreeVisitor$9	internal/checker/nodebuilderimpl.go	getTypeFromTypeNode
internal/ls/autoimport/registry.go	updateIndexes$1	internal/ls/autoimport/util.go	getResolvedPackageNames
internal/transformers/estransforms/esdecorator.go	createCallBinding	internal/transformers/transformer.go	EmitContext
internal/checker/grammarchecks.go	checkGrammarForInOrForOfStatement	internal/compiler/program.go	GetSourceFileMetaData
internal/module/resolver.go	tryLoadInputFileForPath	cmd/tsgo/sys.go	GetCurrentDirectory
internal/transformers/estransforms/esdecorator.go	visitConstructorDeclaration	internal/transformers/transformer.go	Visitor
internal/module/resolver.go	loadNodeModuleFromDirectoryWorker	internal/api/callbackfs.go	DirectoryExists
internal/api/callbackfs.go	Realpath	internal/bundled/embed.go	Realpath
internal/printer/printer.go	emitLeadingSynthesizedComment	internal/ls/displaypartswriter.go	WriteLine
internal/execute/watcher.go	doBuild	internal/bundled/embed.go	UseCaseSensitiveFileNames
internal/ls/string_completions.go	getAlreadyUsedTypesInStringLiteralUnion	internal/ast/ast_generated.go	AsUnionTypeNode
internal/api/session.go	handleGetTypesAtPositions	internal/project/checkerpool.go	noop
internal/checker/checker.go	getArgumentArityError	internal/ast/ast.go	Parameters
internal/ls/api.go	GetTypeOfSymbol	internal/compiler/checkerpool.go	noop
internal/tsoptions/tsconfigparsing.go	parseConfig$1$1$1	internal/project/snapshotfs.go	UseCaseSensitiveFileNames
internal/transformers/moduletransforms/commonjsmodule.go	visitTopLevelExportDeclaration	internal/transformers/transformer.go	Visitor
internal/transformers/estransforms/using.go	hoistExportEquals	internal/transformers/transformer.go	EmitContext
internal/execute/tsc.go	startTracingIfNeeded	internal/ast/ast.go	FileName
internal/compiler/program.go	ExplainFiles$2	internal/compiler/fileloader.go	Path
internal/ast/utilities.go	FindManyAncestors	internal/ast/ast_generated.go	IsImportEqualsDeclaration
internal/compiler/program.go	GetDiagnosticsOfAnyProgram	internal/execute/incremental/program.go	Options
internal/tsoptions/tsconfigparsing.go	parseConfig$1	internal/tsoptions/parsinghelpers.go	mergeCompilerOptions
internal/printer/emitcontext.go	VisitIterationBody	internal/ast/ast.go	Statements
internal/binder/referenceresolver.go	GetReferencedExportContainer$1	internal/binder/referenceresolver.go	getSymbolOfDeclaration
internal/checker/checker.go	checkArrayLiteral$1	internal/checker/checker.go	getHomomorphicTypeVariable
internal/transformers/declarations/transform.go	tryGetPropertyName	internal/checker/emitresolver.go	GetElementAccessExpressionName
internal/ls/sourcedefinition.go	getSourceDefCheckerInfo	internal/checker/checker.go	GetSymbolAtLocation
internal/transformers/jsxtransforms/jsx.go	transformJsxAttributesToObjectProps	internal/transformers/transformer.go	Factory
internal/astnav/tokens.go	FindChildOfKind$1	internal/scanner/scanner.go	Token
internal/transformers/estransforms/definitions.go	GetESTransformer	internal/transformers/estransforms/logicalassignment.go	newLogicalAssignmentTransformer
internal/module/resolver.go	nodeLoadModuleByRelativeName	internal/ls/autoimport/util.go	FS
internal/transformers/estransforms/esdecorator.go	createMethodDescriptorForwarder	internal/ast/ast_generated.go	NewPropertyAccessExpression
internal/checker/checker.go	getTargetOfNamespaceExportDeclaration	internal/ast/ast.go	Symbol
internal/checker/checker.go	getTypeOfVariableOrParameterOrPropertyWorker	internal/ast/kind_stringer_generated.go	String
internal/project/snapshot.go	Clone	internal/project/programcounter.go	Ref
internal/ls/rename.go	getRenameInfoForNode	internal/compiler/checkerpool.go	noop
internal/modulespecifiers/specifiers.go	tryGetModuleNameFromPaths$1	internal/tspath/extension.go	TryGetExtensionFromPath
internal/checker/grammarchecks.go	isInitializerSimpleLiteralEnumReference	internal/ast/ast_generated.go	AsElementAccessExpression
internal/core/core.go	getSpellingSuggestion$1	internal/debug/debug.go	Assert
internal/module/resolver.go	loadModuleFromSpecificNodeModulesDirectory	internal/compiler/host.go	FS
internal/tsoptions/tsconfigparsing.go	convertPropertyValueToJson	internal/ast/ast.go	Text
internal/printer/printer.go	emitReturnStatement	internal/ast/ast.go	Pos
internal/ls/findallreferences.go	addClassStaticThisReferences	internal/ls/findallreferences.go	addClassStaticThisReferences$1
internal/checker/symboltracker.go	ReportCyclicStructureError	internal/checker/nodecopy.go	ReportCyclicStructureError
internal/module/resolver.go	tryFileLookup	internal/vfs/wrapvfs/wrapvfs.go	FileExists
internal/transformers/estransforms/classfields.go	visitForStatement	internal/transformers/transformer.go	EmitContext
internal/transformers/declarations/transform.go	transformTypeAliasDeclaration	internal/ast/ast.go	AsNode
internal/testutil/tsbaseline/js_emit_baseline.go	prepareDeclarationCompilationContext$3	internal/ast/ast.go	FileName
internal/checker/pseudotypenodebuilder.go	pseudoReturnTypeMatchesPredicate	internal/checker/checker.go	getTypeFromTypeNode
internal/transformers/declarations/transform.go	transformEnumDeclaration$1	internal/ast/ast_generated.go	NewIdentifier
internal/execute/tsc/emit.go	EmitFilesAndReportErrors	internal/execute/tsc/diagnostics.go	CreateDiagnosticReporter$1
internal/ls/completions.go	getCompletionData$15	internal/checker/exports.go	GetPropertiesOfType
internal/symlinks/knownsymlinks.go	SetSymlinksFromResolutions$1	internal/symlinks/knownsymlinks.go	ProcessResolution
internal/ls/autoimport/registry.go	updateBucketAndDirectoryExistence$9	internal/ls/autoimport/registry.go	updateBucketAndDirectoryExistence$5
internal/ls/hover.go	getQuickInfoAndDeclarationAtLocation$10	internal/checker/checker.go	GetAliasedSymbol
internal/module/resolver.go	getOriginalAndResolvedFileName	internal/project/autoimport.go	FS
internal/ls/importTracker.go	getSearchesFromDirectImports$5	internal/ast/symbol.go	SymbolName
internal/checker/checker.go	getMatchingUnionConstituentForObjectLiteral$1	internal/ast/ast.go	Symbol
internal/compiler/program.go	getAdditionalJSSyntacticDiagnostics$1	internal/ast/utilities.go	HasDecorators
internal/compiler/fileloader.go	addRootTask	internal/execute/build/compilerHost.go	GetCurrentDirectory
internal/ast/utilities.go	isCalleeWorker	internal/ast/ast_generated.go	IsTaggedTemplateExpression
internal/format/span.go	processRange	internal/format/api.go	FormatNodeGivenIndentation$1
internal/api/session.go	handleReadConfigFile	internal/api/callbackfs.go	ReadFile
internal/printer/printer.go	emitEnumDeclaration	internal/ast/ast.go	AsNode
internal/parser/jsdoc.go	parseJSDocEntityName	internal/ast/ast.go	Pos
internal/compiler/fileloader.go	resolveImportsAndModuleAugmentations	internal/ast/utilities.go	IsExternalModule
internal/printer/printer.go	emitEnumMember	internal/ast/ast.go	End
internal/compiler/emitter.go	printSourceFile	internal/printer/singlelinestringwriter.go	RawWrite
internal/api/encoder/encoder.go	recordExtendedData_SourceFile	internal/ast/ast.go	End
internal/astnav/tokens.go	FindPrecedingTokenEx$1	internal/astnav/tokens.go	isValidPrecedingNode
internal/transformers/declarations/transform.go	isInternalDeclaration$5	internal/transformers/declarations/transform.go	hasInternalAnnotation
internal/printer/utilities.go	getContainingNodeArray	internal/ast/ast.go	StatementList
internal/ast/utilities.go	ForEachReturnStatement$1	internal/ls/jsdoc_snippet.go	hasReturn$1
internal/compiler/fileloader.go	processAllProgramFiles	internal/tracing/tracing.go	Push$1
internal/ast/visitor.go	VisitSourceFile	internal/ast/ast.go	AsNode
internal/ast/ast.go	propagateSubtreeFacts	internal/ast/subtreefacts.go	propagateSubtreeFacts
internal/transpile/transpile.go	transpileWorker$1	internal/debug/debug.go	Assert
internal/format/rulecontext.go	isOptionDisabledOrUndefinedOrTokensOnSameLine$1	internal/format/rulecontext.go	placeOpenBraceOnNewLineForControlBlocksOption
internal/astnav/tokens.go	FindPrecedingTokenEx$1	internal/astnav/tokens.go	GetStartOfNode
internal/module/resolver.go	ResolveModuleName	internal/module/cache.go	Get
internal/compiler/program.go	Emit	internal/tracing/tracing.go	Push
internal/execute/build/buildtask.go	updateTimeStamps$1	internal/ast/diagnostic.go	NewCompilerDiagnostic
internal/scanner/scanner.go	iterateCommentRanges$1	internal/printer/printer.go	emitDetachedComments$1
