crates/ide-assists/src/handlers/destructure_struct_binding.rs	ref_mut_record_field	crates/ide-assists/src/tests.rs	check_assist
crates/hir-ty/src/method_resolution.rs	collect	crates/hir-ty/src/next_solver/interner.rs	new_no_crate
crates/ide-assists/src/handlers/generate_impl.rs	generate_impl	crates/ide-db/src/source_change.rs	add_file_edits
crates/hir-def/src/nameres/collector.rs	define_proc_macro	crates/hir-def/src/per_ns.rs	macros
crates/hir-expand/src/inert_attr_macro.rs	INERT_ATTRIBUTES	crates/hir-expand/src/inert_attr_macro.rs	AttributeTemplate
crates/hir-ty/src/display.rs	write_bounds_like_dyn_trait	crates/hir-ty/src/next_solver/interner.rs	def_id
crates/ide-assists/src/handlers/generate_default_from_enum_variant.rs	default_fn	crates/syntax/src/ast/syntax_factory/constructors.rs	path_from_idents
crates/hir-def/src/resolver.rs	update_to_inner_scope_	crates/hir-def/src/expr_store/scope.rs	of
crates/ide/src/typing.rs	on_plus_typed	crates/ide-db/src/text_edit.rs	builder
crates/hir/src/diagnostics.rs	from	crates/hir/src/diagnostics.rs	MalformedDerive
crates/hir-def/src/item_tree/lower.rs	lower_macro_def	crates/syntax/src/ast/traits.rs	name
crates/hir-ty/src/diagnostics/decl_check.rs	validate_enum_variants	crates/hir-def/src/lib.rs	enum_variants
crates/ide-assists/src/handlers/remove_unused_param.rs	nested_call	crates/ide-assists/src/tests.rs	check_assist
crates/ide-assists/src/handlers/merge_imports.rs	test_merge_with_nested_self_item	crates/ide-assists/src/tests.rs	check_assist
crates/hir-expand/src/declarative.rs	expand	crates/tt/src/storage.rs	empty
crates/hir/src/lib.rs	trait_ref	crates/hir-ty/src/db.rs	impl_trait
crates/hir-ty/src/diagnostics/unsafe_check.rs	check_call	crates/hir-ty/src/diagnostics/unsafe_check.rs	UnsafeDiagnostic
crates/ide-assists/src/handlers/pull_assignment_up.rs	pull_assignment_up	crates/syntax/src/algo.rs	find_node_at_range
crates/hir-def/src/signatures.rs	with_source_map	crates/hir-def/src/expr_store/lower.rs	lower_impl
crates/hir-ty/src/infer/expr.rs	lookup_field	crates/hir-ty/src/next_solver/interner.rs	def_id
crates/hir/src/lib.rs	as_slice	crates/intern/src/symbol/symbols.rs	create
crates/hir-expand/src/attrs.rs	find_derive_range	crates/hir-expand/src/span_map.rs	SpanMap
crates/ide-assists/src/handlers/generate_is_empty_from_len.rs	generate_is_empty	crates/ide-assists/src/tests.rs	check_assist
crates/hir-def/src/nameres/collector.rs	push_res_and_update_glob_vis	crates/hir-def/src/visibility.rs	min
crates/hir/src/lib.rs	all	crates/base-db/src/lib.rs	all_crates
crates/hir-def/src/nameres/collector.rs	collect_macro_call	crates/hir-def/src/item_scope.rs	get_legacy_macro
crates/hir-ty/src/infer/unify.rs	could_unify_impl	crates/hir-ty/src/next_solver/infer/mod.rs	infer_ctxt
crates/ide-assists/src/handlers/auto_import.rs	local_enum_variant	crates/ide-assists/src/tests.rs	check_assist
crates/ide-assists/src/handlers/merge_match_arms.rs	merge_match_arms_range	crates/ide-assists/src/tests.rs	check_assist
crates/hir-ty/src/lower.rs	lower_pattern_type	crates/intern/src/symbol/symbols.rs	create
crates/hir-ty/src/infer/expr.rs	check_lhs_assignable	crates/hir-ty/src/infer.rs	push_diagnostic
crates/ide-assists/src/handlers/convert_match_to_let_else.rs	or_pattern_multiple_binding	crates/ide-assists/src/tests.rs	check_assist
crates/hir-ty/src/mir/pretty.rs	pretty_print	crates/hir-def/src/signatures.rs	of
crates/hir-ty/src/infer.rs	truncate	crates/hir-ty/src/infer.rs	CaptureSourceStackRepr
crates/hir-ty/src/next_solver/infer/mod.rs	const_var_span	crates/intern/src/symbol/symbols.rs	create
crates/ide-assists/src/handlers/generate_delegate_trait.rs	test_lifetime_with_conflict_names	crates/ide-assists/src/tests.rs	check_assist
crates/hir-ty/src/dyn_compatibility/tests.rs	check_dyn_compatibility	crates/intern/src/symbol/symbols.rs	create
crates/hir-expand/src/builtin/derive_macro.rs	clone_expand	crates/tt/src/lib.rs	Punct
crates/hir-def/src/signatures.rs	with_source_map	crates/syntax/src/ast/node_ext.rs	abi_string
crates/hir-ty/src/test_db.rs	default	crates/base-db/src/input.rs	set_in_db
crates/ide/src/runnables.rs	runnable_mod_outline_definition	crates/hir-expand/src/files.rs	file_syntax
crates/ide-assists/src/handlers/qualify_path.rs	qualify_macro	crates/ide-assists/src/tests.rs	check_assist
crates/ide-assists/src/handlers/convert_to_guarded_return.rs	if_expr_to_guarded_return	crates/syntax/src/ast/expr_ext.rs	else_branch
crates/ide/src/highlight_related.rs	highlight_closure_captures	crates/ide-db/src/search.rs	in_scope
crates/ide-assists/src/handlers/toggle_async_sugar.rs	sugar_impl_future_into_async	crates/ide-db/src/assists.rs	refactor_rewrite
crates/ide-assists/src/handlers/generate_blanket_trait_impl.rs	cfg_attrs	crates/hir/src/attrs.rs	attrs
crates/ide-assists/src/handlers/convert_closure_to_fn.rs	wrap_capture_in_deref_if_needed	crates/syntax/src/ast/generated/nodes.rs	syntax
crates/hir/src/semantics.rs	pattern_adjustments	crates/syntax/src/ast/generated/nodes.rs	syntax
crates/hir-ty/src/mir/monomorphization.rs	monomorphized_mir_body_query	crates/intern/src/symbol/symbols.rs	create
crates/hir/src/semantics.rs	descend_into_macros_exact_with_file	crates/span/src/hygiene.rs	is_opaque
crates/hir-ty/src/consteval.rs	const_eval_static_query	crates/intern/src/symbol/symbols.rs	create
crates/ide-assists/src/handlers/convert_comment_block.rs	convert_comment_block	crates/syntax/src/ast/generated/tokens.rs	cast
crates/ide/src/runnables.rs	label	crates/intern/src/symbol/symbols.rs	create
crates/ide-assists/src/handlers/extract_function.rs	param_usage_in_macro_with_nested_tt	crates/ide-assists/src/tests.rs	check_assist
crates/ide-assists/src/handlers/replace_named_generic_with_impl.rs	replace_named_generic_with_impl	crates/ide-db/src/assists.rs	refactor_rewrite
crates/ide-assists/src/handlers/apply_demorgan.rs	validate_method_call_expr	crates/hir/src/semantics.rs	adjusted
crates/hir-expand/src/lib.rs	expand_speculative	crates/span/src/hygiene.rs	is_opaque
crates/hir-ty/src/infer/expr.rs	check_record_expr_fields	crates/hir-ty/src/infer.rs	has_type
crates/ide-assists/src/handlers/merge_imports.rs	test_merge_with_malformed_colon_path_segment	crates/ide-assists/src/tests.rs	check_assist_not_applicable
crates/hir-ty/src/mir/eval.rs	render_const_using_debug_impl	crates/hir-ty/src/mir/eval.rs	IntervalOrOwned
crates/ide-assists/src/handlers/extract_function.rs	method_with_mut	crates/ide-assists/src/tests.rs	check_assist
crates/hir-ty/src/method_resolution.rs	lookup_impl_assoc_item_for_trait_ref	crates/hir/src/lib.rs	loc
crates/ide/src/navigation_target.rs	try_to_nav	crates/hir-ty/src/display.rs	display
crates/ide-assists/src/handlers/move_guard.rs	move_arm_cond_to_match_guard	crates/syntax/src/ast/prec.rs	needs_parentheses_in
crates/hir-def/src/item_tree/lower.rs	private_vis	crates/hir-def/src/item_tree.rs	RawVisibility
crates/hir-expand/src/proc_macro.rs	get	crates/intern/src/symbol/symbols.rs	create
crates/ide-assists/src/handlers/convert_to_guarded_return.rs	flat_let_chain	crates/syntax/src/ast/syntax_factory/constructors.rs	expr_bin_op
crates/ide-assists/src/handlers/extract_function.rs	make_call	crates/syntax/src/ast/syntax_factory/constructors.rs	tuple_pat
crates/ide-assists/src/handlers/extract_struct_from_enum_variant.rs	extract_struct_from_enum_variant	crates/ide-db/src/assists.rs	refactor_rewrite
crates/ide/src/runnables.rs	runnables	crates/ide-db/src/helpers.rs	visit_file_defs
crates/ide/src/doc_links/intra_doc_links.rs	parse_intra_doc_link	crates/parser/src/parser.rs	nth
crates/hir-expand/src/cfg_process.rs	macro_input_callback	crates/parser/src/syntax_kind.rs	is_trivia
crates/hir-ty/src/display.rs	render_const_scalar_inner	crates/hir-ty/src/mir/eval.rs	pad16
crates/hir/src/term_search/tactics.rs	assoc_const	crates/hir/src/lib.rs	instantiate_with_errors
crates/ide/src/inlay_hints.rs	rec	crates/hir-ty/src/display.rs	display_truncated
crates/hir-expand/src/builtin/derive_macro.rs	substitute_where_pred	crates/syntax/src/ast/generated/nodes.rs	ty
crates/hir-def/src/test_db.rs	mod_at_position	crates/intern/src/symbol/symbols.rs	create
crates/ide-assists/src/handlers/convert_named_struct_to_tuple_struct.rs	edit_field_references	crates/ide-assists/src/utils.rs	cover_edit_range
crates/ide-assists/src/handlers/replace_let_with_if_let.rs	replace_let_with_if_let	crates/ide-db/src/source_change.rs	add_file_edits
crates/ide-assists/src/handlers/add_return_type.rs	not_applicable_unit_return_type	crates/ide-assists/src/tests.rs	check_assist_not_applicable
crates/ide-assists/src/handlers/generate_function.rs	create_async_static_method	crates/ide-assists/src/tests.rs	check_assist
crates/ide-assists/src/handlers/extract_module.rs	extract_module	crates/ide-assists/src/assist_context.rs	selection_trimmed
crates/hir-def/src/expr_store/lower/format_args.rs	collect_format_args	crates/hir-def/src/expr_store/expander.rs	in_file
crates/ide/src/goto_definition.rs	find_definition_for_known_blanket_dual_impls	crates/ide-db/src/famous_defs.rs	core_convert_TryFrom
crates/ide-assists/src/handlers/extract_variable.rs	extract_variable	crates/hir/src/lib.rs	is_mutable_reference
crates/hir-ty/src/mir/eval/shim.rs	size_align_of_unsized	crates/hir-def/src/visibility.rs	max
crates/hir-ty/src/infer/diagnostics.rs	finish	crates/stdx/src/lib.rs	into_inner
crates/ide/src/rename.rs	transform_assoc_fn_into_method_call	crates/hir-expand/src/files.rs	original_node_file_range_opt
crates/hir-def/src/signatures.rs	variant_name_by_id	crates/intern/src/symbol/symbols.rs	create
crates/hir/src/display.rs	hir_fmt	crates/hir/src/lib.rs	name
crates/ide-assists/src/handlers/apply_demorgan.rs	demorgan_keeps_pars_in_eq_precedence	crates/ide-assists/src/tests.rs	check_assist
crates/hir-ty/src/infer/pat.rs	register_deref_mut_bounds_if_needed	crates/intern/src/symbol/symbols.rs	create
crates/hir/src/semantics.rs	locals_used	crates/hir-def/src/expr_store.rs	expr_or_pat_path_hygiene
crates/ide-assists/src/handlers/generate_mut_trait_impl.rs	generate_mut_trait_impl	crates/syntax/src/syntax_editor.rs	insert_all
crates/ide-assists/src/handlers/generate_function.rs	new_function_assume_self_type	crates/ide-assists/src/tests.rs	check_assist
crates/ide/src/runnables.rs	runnable_mod_outline_definition	crates/intern/src/symbol/symbols.rs	create
crates/hir-ty/src/builtin_derive.rs	simple_trait_predicates	crates/intern/src/symbol/symbols.rs	create
crates/hir-ty/src/mir/eval.rs	write_to_stderr	crates/ide/src/syntax_highlighting/highlights.rs	to_vec
crates/ide-assists/src/handlers/replace_qualified_name_with_use.rs	assist_runs_on_first_segment_for_enum	crates/ide-assists/src/tests.rs	check_assist
crates/ide-assists/src/handlers/generate_trait_from_impl.rs	generate_trait_from_impl	crates/ide-db/src/source_change.rs	make_placeholder_snippet
crates/ide-assists/src/handlers/add_missing_impl_members.rs	test_default_methods	crates/ide-assists/src/tests.rs	check_assist
crates/hir-ty/src/layout.rs	layout_of_ty_query	crates/intern/src/symbol/symbols.rs	create
crates/ide-assists/src/handlers/remove_dbg.rs	compute_dbg_replacement	crates/intern/src/symbol/symbols.rs	create
crates/ide-assists/src/handlers/add_missing_impl_members.rs	test_partial_eq_body_when_types_semantically_match	crates/ide-assists/src/tests.rs	check_assist
crates/ide-assists/src/handlers/introduce_named_type_parameter.rs	introduce_named_type_parameter	crates/ide-assists/src/assist_context.rs	add
crates/ide-assists/src/handlers/fix_visibility.rs	target_data_for_def	crates/syntax/src/ast/generated/nodes.rs	new
crates/ide-assists/src/handlers/generate_enum_variant.rs	generate_enum_variant	crates/ide-assists/src/assist_context.rs	find_node_at_offset
crates/hir/src/lib.rs	from	crates/hir/src/lib.rs	AssocItem
crates/hir-ty/src/method_resolution.rs	collect	crates/intern/src/symbol/symbols.rs	create
crates/hir-ty/src/consteval.rs	try_const_isize	crates/hir-ty/src/next_solver.rs	default_types
crates/hir-ty/src/mir/lower/as_place.rs	lower_expr_as_place_without_adjust	crates/hir-def/src/resolver.rs	update_to_inner_scope
crates/hir-ty/src/method_resolution.rs	find_matching_impl	crates/hir-ty/src/next_solver/infer/traits.rs	new
crates/hir/src/lib.rs	has_type	crates/hir-def/src/signatures.rs	of
crates/hir/src/lib.rs	is_param	crates/syntax/src/ast/generated/nodes.rs	can_cast
crates/hir-def/src/expr_store/lower.rs	collect_expr_as_pat	crates/hir-def/src/expr_store/expander.rs	in_file
crates/ide/src/lib.rs	incoming_calls	crates/ide/src/call_hierarchy.rs	incoming_calls
crates/hir-ty/src/next_solver/consts/valtree.rs	to_u64	crates/intern/src/symbol/symbols.rs	create
crates/hir/src/source_analyzer.rs	resolve_method_call	crates/syntax/src/ast/generated/nodes.rs	clone
crates/ide-assists/src/handlers/add_missing_match_arms.rs	does_not_fill_wildcard_with_wildcard	crates/ide-assists/src/tests.rs	check_assist_not_applicable
crates/hir-def/src/attrs.rs	contains_no_std	crates/syntax/src/ast/node_ext.rs	path
crates/hir-ty/src/lower.rs	push_const_arg_has_type_predicates	crates/hir-ty/src/next_solver/predicate.rs	Clause
crates/ide-assists/src/handlers/merge_match_arms.rs	merge_match_arms_enum_nested_pattern_same_names	crates/ide-assists/src/tests.rs	check_assist
crates/ide-assists/src/handlers/generate_delegate_methods.rs	test_fixes_self_references_with_lifetimes_and_generics	crates/ide-assists/src/tests.rs	check_assist
crates/ide-assists/src/handlers/convert_tuple_struct_to_named_struct.rs	convert_variant_referenced_via_self_kw	crates/ide-assists/src/tests.rs	check_assist
crates/hir-ty/src/infer/op.rs	lookup_op_method	crates/hir-ty/src/infer/unify.rs	select_obligations_where_possible
crates/hir-def/src/nameres/tests/incremental.rs	crate_metadata_changes_should_not_invalidate_unrelated_def_maps	crates/base-db/src/input.rs	set_in_db
crates/ide/src/doc_links/tests.rs	external_docs_doc_url_impl_assoc	crates/intern/src/symbol/symbols.rs	create
crates/ide-assists/src/handlers/generate_getter_or_setter.rs	extract_and_parse	crates/syntax/src/ast/generated/tokens.rs	clone
crates/ide-assists/src/handlers/generate_mut_trait_impl.rs	get_trait_mut	crates/ide-db/src/famous_defs.rs	core_ops_Deref
crates/ide-assists/src/handlers/generate_new.rs	generate_new	crates/ide-assists/src/assist_context.rs	vfs_file_id
crates/ide-assists/src/handlers/generate_getter_or_setter.rs	test_generate_getter_from_field_no_snippet_cap	crates/ide-assists/src/tests.rs	check_assist_no_snippet_cap
crates/hir-ty/src/infer/callee.rs	check_legacy_const_generics	crates/hir-def/src/signatures.rs	legacy_const_generics_indices
crates/ide/src/inlay_hints/ra_fixture.rs	hints	crates/syntax/src/ast/expr_ext.rs	token
crates/ide-assists/src/handlers/generate_single_field_struct_from.rs	generate_single_field_struct_from	crates/syntax/src/syntax_editor.rs	with_ast_node
crates/hir-expand/src/attrs.rs	token_tree_value	crates/intern/src/symbol/symbols.rs	create
crates/hir-ty/src/next_solver/infer/relate/generalize.rs	generalize	crates/hir-ty/src/next_solver/generic_arg.rs	TermVid
crates/hir-expand/src/builtin/fn_macro.rs	option_env_expand	crates/tt/src/storage.rs	empty
crates/hir-ty/src/tests/regression/new_solver.rs	invalid_string_array_len_is_error	crates/hir-ty/src/db.rs	field_types
crates/ide-assists/src/handlers/replace_if_let_with_match.rs	make_else_arm	crates/syntax/src/ast/syntax_factory/constructors.rs	match_arm
crates/hir-ty/src/mir/eval.rs	interpret_mir	crates/hir-ty/src/mir/eval.rs	MirEvalError
crates/hir-ty/src/infer/closure/analysis.rs	init_capture_kind_for_place	crates/hir-ty/src/infer.rs	UpvarCapture
crates/ide-assists/src/handlers/extract_function.rs	make_call	crates/syntax/src/ast/syntax_factory/constructors.rs	name
crates/hir-def/src/nameres/path_resolution.rs	resolve_name_in_extern_prelude	crates/intern/src/symbol/symbols.rs	create
crates/hir-ty/src/infer.rs	resolve_variant	crates/hir-ty/src/next_solver/interner.rs	def_id
crates/base-db/src/editioned_file_id.rs	parse_errors	crates/intern/src/symbol/symbols.rs	create
crates/hir-ty/src/method_resolution.rs	find_matching_impl	crates/hir-ty/src/next_solver/infer/traits.rs	dummy
crates/hir-ty/src/infer.rs	push	crates/hir-ty/src/infer.rs	CaptureSourceStackRepr
crates/ide-assists/src/handlers/generate_blanket_trait_impl.rs	test_gen_blanket_method_with_lifetimes	crates/ide-assists/src/tests.rs	check_assist
crates/hir-def/src/expr_store/path.rs	generic_args	crates/intern/src/symbol/symbols.rs	create
crates/hir-expand/src/eager.rs	expand_eager_macro_input	crates/syntax/src/lib.rs	syntax_node
crates/hir-ty/src/tests/closure_captures.rs	check_closure_captures	crates/intern/src/symbol/symbols.rs	create
crates/ide-assists/src/handlers/generate_documentation_template.rs	introduction_builder	crates/intern/src/symbol/symbols.rs	create
crates/hir-ty/src/lower/path.rs	assoc_type_bindings_from_type_bound	crates/hir-ty/src/lower/diagnostics.rs	PathGenericsSource
crates/hir/src/semantics.rs	to_def	crates/hir/src/semantics/source_to_def.rs	impl_to_def
crates/ide-assists/src/handlers/extract_module.rs	generate_module_def	crates/syntax/src/ast/edit.rs	reset_indent
crates/ide-assists/src/handlers/generate_blanket_trait_impl.rs	this_name	crates/syntax/src/ast/traits.rs	type_bound_list
crates/ide/src/inlay_hints.rs	rec	crates/hir-ty/src/display.rs	with_closure_style
crates/hir-ty/src/infer/expr.rs	infer_ref_expr	crates/hir-ty/src/next_solver/ty.rs	new_ptr
crates/hir-ty/src/infer/coerce.rs	coerce_raw_ptr	crates/hir-ty/src/next_solver/ty.rs	kind
crates/ide/src/navigation_target.rs	from_syntax	crates/intern/src/symbol/symbols.rs	create
crates/ide/src/highlight_related.rs	highlight_references	crates/ide-db/src/syntax_helpers/node_ext.rs	full_path_of_name_ref
crates/ide/src/inlay_hints/lifetime.rs	hints_	crates/ide-assists/src/handlers/extract_function.rs	descendants
crates/ide/src/lib.rs	annotations	crates/ide/src/annotations.rs	annotations
crates/ide-assists/src/handlers/convert_range_for_to_while.rs	convert_range_for_to_while	crates/syntax/src/syntax_editor.rs	syntax_element
crates/hir-ty/src/diagnostics/decl_check.rs	validate_enum_variant_fields	crates/intern/src/symbol/symbols.rs	create
crates/hir-ty/src/lower.rs	lower_path	crates/hir-def/src/per_ns.rs	is_none
crates/hir-ty/src/infer.rs	resolve_variant	crates/hir-ty/src/lower/path.rs	ignore_last_segment
crates/ide-assists/src/handlers/extract_function.rs	no_args_from_binary_expr	crates/ide-assists/src/tests.rs	check_assist
crates/hir/src/source_analyzer.rs	resolve_path	crates/syntax/src/ast/node_ext.rs	as_single_name_ref
crates/ide/src/inlay_hints/generic_param.rs	hints	crates/hir/src/semantics.rs	original_range_opt
crates/hir-ty/src/mir/eval.rs	exec_fn_with_args	crates/intern/src/symbol/symbols.rs	create
crates/hir-def/src/expr_store/lower/format_args.rs	collect_format_args_impl	crates/hir-def/src/hir/format_args.rs	FormatArgsPiece
crates/hir-ty/src/representability.rs	representability_ty	crates/hir-ty/src/next_solver/interner.rs	def_id
crates/ide-assists/src/handlers/generate_blanket_trait_impl.rs	find_bound	crates/syntax/src/ast/generated/nodes.rs	bounds
crates/hir-ty/src/lower.rs	supertraits_info	crates/hir-def/src/signatures.rs	of
crates/hir-def/src/expr_store/pretty.rs	write_str	crates/paths/src/lib.rs	ends_with
crates/ide-assists/src/handlers/convert_closure_to_fn.rs	convert_closure_to_fn	crates/syntax/src/ast/edit.rs	from_token
crates/hir-ty/src/diagnostics/unsafe_check.rs	new	crates/hir-ty/src/target_feature.rs	from_fn
crates/hir/src/source_analyzer.rs	resolve_hir_path_	crates/hir/src/from_id.rs	from
crates/ide-assists/src/handlers/generate_default_from_new.rs	generate_default_from_new	crates/ide-assists/src/assist_context.rs	add
crates/hir-ty/src/mir/eval/shim.rs	exec_clone	crates/intern/src/symbol/symbols.rs	create
crates/ide-assists/src/handlers/extract_variable.rs	extract_variable	crates/ide-assists/src/assist_context.rs	offset
crates/hir/src/lib.rs	as_local	crates/hir-def/src/expr_store.rs	of
crates/ide/src/syntax_highlighting/highlight.rs	is_consumed_lvalue	crates/hir/src/lib.rs	ty
crates/ide-assists/src/handlers/expand_glob_import.rs	expanding_glob_import_on_cycle_import	crates/ide-assists/src/tests.rs	check_assist
crates/hir/src/lib.rs	as_proc_macro	crates/intern/src/symbol/symbols.rs	create
crates/hir-ty/src/next_solver/interner.rs	impl_is_default	crates/hir-def/src/signatures.rs	is_default
crates/hir/src/lib.rs	run_mir_body	crates/intern/src/symbol/symbols.rs	create
crates/ide-assists/src/handlers/generate_single_field_struct_from.rs	make_adt_constructor	crates/intern/src/symbol/symbols.rs	create
crates/hir/src/lib.rs	diagnostics	crates/hir-ty/src/dyn_compatibility.rs	generics_require_sized_self
crates/hir-ty/src/next_solver/solver.rs	compute_goal_fast_path	crates/hir-ty/src/next_solver/interner.rs	trait_is_dyn_compatible
crates/ide/src/rename.rs	rename	crates/intern/src/symbol/symbols.rs	create
crates/ide-assists/src/handlers/extract_variable.rs	extract_variable	crates/ide-assists/src/assist_context.rs	add_group
crates/hir-def/src/expr_store/tests/body.rs	pretty_print	crates/hir-def/src/expr_store/body.rs	of
crates/hir-def/src/expr_store/scope.rs	label	crates/intern/src/symbol/symbols.rs	create
crates/ide-assists/src/handlers/add_missing_match_arms.rs	add_missing_match_arms	crates/hir/src/lib.rs	implementing_ty
crates/ide/src/hover/tests.rs	check_assoc_count	crates/intern/src/symbol/symbols.rs	create
crates/hir/src/source_analyzer.rs	pattern_adjustments	crates/hir-def/src/hir.rs	as_pat
crates/hir-ty/src/next_solver/interner.rs	anonymize_bound_vars	crates/hir-ty/src/next_solver/region.rs	new_bound
crates/ide-assists/src/handlers/extract_function.rs	return_not_applicable	crates/ide-assists/src/tests.rs	check_assist_not_applicable
crates/ide-assists/src/handlers/replace_method_eager_lazy.rs	replace_with_lazy_method	crates/hir-def/src/expr_store/path.rs	first
crates/ide-assists/src/handlers/extract_struct_from_enum_variant.rs	create_struct_def	crates/intern/src/symbol/symbols.rs	create
crates/ide-assists/src/handlers/generate_blanket_trait_impl.rs	todo_fn	crates/syntax/src/ast/traits.rs	where_clause
crates/hir-ty/src/builtin_derive.rs	simple_trait_predicates	crates/hir-ty/src/next_solver/ty.rs	new_param
crates/hir/src/has_source.rs	source	crates/hir-def/src/src.rs	child_source
crates/hir-ty/src/infer.rs	resolve_variant	crates/hir-ty/src/lower.rs	new
crates/hir/src/lib.rs	diagnostics	crates/hir-ty/src/method_resolution.rs	for_crate
crates/ide/src/hover/render.rs	definition	crates/syntax/src/ast/expr_ext.rs	body
crates/hir-ty/src/next_solver/interner.rs	sizedness_constraint	crates/hir-ty/src/next_solver/util.rs	sizedness_constraint_for_ty
crates/ide-assists/src/handlers/extract_function.rs	fix_param_usages	crates/parser/src/parser.rs	expect
crates/hir-ty/src/opaques.rs	opaque_types_defined_by	crates/hir-ty/src/lower.rs	return_type_impl_traits
crates/ide/src/join_lines.rs	check_join_lines_sel	crates/syntax/src/lib.rs	parse
crates/cfg/src/cfg_expr.rs	next_cfg_expr	crates/intern/src/symbol/symbols.rs	create
crates/ide/src/inlay_hints/implicit_static.rs	hints	crates/syntax/src/ast/generated/nodes.rs	can_cast
crates/ide-assists/src/handlers/extract_function.rs	preserve_where_clause	crates/ide-assists/src/tests.rs	check_assist
crates/hir-ty/src/db.rs	monomorphized_mir_body	crates/hir-ty/src/mir/monomorphization.rs	monomorphized_mir_body_query
crates/hir-ty/src/infer/expr.rs	infer_expr_inner	crates/hir-ty/src/infer.rs	InferenceDiagnostic
crates/ide-assists/src/handlers/generate_function.rs	generate_function_with_parent_generic_param	crates/ide-assists/src/tests.rs	check_assist
crates/hir-ty/src/next_solver/predicate.rs	projection_bounds	crates/hir-expand/src/files.rs	transpose
crates/ide/src/inlay_hints/extern_block.rs	fn_hints	crates/hir/src/lib.rs	extern_block
crates/hir-ty/src/mir/lower/pattern_matching.rs	pattern_matching_variant	crates/hir-ty/src/mir.rs	Rvalue
crates/ide-assists/src/handlers/remove_unused_param.rs	process_usages	crates/ide-db/src/source_change.rs	edit_file
crates/ide-assists/src/handlers/expand_rest_pattern.rs	fill_fields_enum_with_fields	crates/ide-assists/src/tests.rs	check_assist
crates/hir-ty/src/diagnostics/decl_check.rs	validate_union	crates/hir-def/src/signatures.rs	of
crates/ide-assists/src/handlers/generate_impl.rs	generate_trait_impl	crates/syntax/src/ast/generated/nodes.rs	l_curly_token
crates/ide/src/goto_definition.rs	nav_for_exit_points	crates/intern/src/symbol/symbols.rs	create
crates/ide-assists/src/handlers/generate_single_field_struct_from.rs	where_clause_indent	crates/ide-assists/src/tests.rs	check_assist
crates/hir-ty/src/db.rs	name	crates/hir-def/src/signatures.rs	of
crates/hir-ty/src/mir/eval.rs	allocate_const_in_heap	crates/hir-ty/src/db.rs	GeneralConstId
crates/hir-ty/src/mir/lower.rs	lower_block_to_place	crates/hir-def/src/resolver.rs	reset_to_guard
crates/hir-ty/src/infer/pat.rs	check_record_pat_fields	crates/stdx/src/anymap.rs	entry
crates/hir-def/src/expr_store/scope.rs	do_check_local_name	crates/hir-def/src/expr_store/body.rs	with_source_map
crates/hir-ty/src/method_resolution.rs	find_matching_impl	crates/hir-ty/src/next_solver/infer/at.rs	at
crates/ide/src/highlight_related.rs	highlight_break_points	crates/ide-db/src/syntax_helpers/node_ext.rs	find_loops
crates/hir-ty/src/lower.rs	resolve_type_param_assoc_type_shorthand	crates/hir-ty/src/next_solver/binder.rs	bind
crates/ide/src/inlay_hints.rs	start_location_link_generic	crates/ide/src/inlay_hints.rs	LazyProperty
crates/ide-assists/src/handlers/extract_struct_from_enum_variant.rs	extract_struct_from_enum_variant	crates/syntax/src/syntax_editor.rs	before
crates/hir-ty/src/method_resolution/probe.rs	consider_probe	crates/intern/src/symbol/symbols.rs	create
crates/hir-ty/src/infer/path.rs	resolve_value_path	crates/hir-ty/src/infer.rs	interner
crates/hir-def/src/expr_store/lower.rs	ty_rel_lang_path	crates/intern/src/symbol/symbols.rs	create
crates/hir-def/src/expr_store/lower.rs	collect_pat	crates/syntax/src/ptr.rs	new
crates/hir-ty/src/infer.rs	shrink_to_fit	crates/hir-ty/src/infer.rs	CaptureSourceStackRepr
crates/hir-ty/src/lib.rs	replace_errors_with_variables	crates/hir-ty/src/next_solver/region.rs	kind
crates/ide-assists/src/handlers/remove_unused_param.rs	process_usages	crates/hir-expand/src/files.rs	cloned
crates/hir-ty/src/next_solver/interner.rs	for_each_blanket_impl	crates/hir-ty/src/method_resolution.rs	for_each_crate_and_block
crates/hir-ty/src/variance.rs	add_constraints_from_ty	crates/hir-ty/src/next_solver/binder.rs	skip_binder
crates/hir-def/src/expr_store/scope.rs	new_block_scope	crates/hir-def/src/expr_store/scope.rs	ScopeKind
crates/hir/src/semantics.rs	speculative_resolve	crates/syntax/src/ast/generated/nodes.rs	coloncolon_token
crates/hir/src/attrs.rs	resolve_assoc_or_field	crates/hir/src/lib.rs	loc
crates/ide-assists/src/handlers/convert_bool_then.rs	convert_if_to_bool_then_none_none	crates/ide-assists/src/tests.rs	check_assist_not_applicable
crates/ide/src/syntax_highlighting/highlight.rs	highlight_def	crates/hir/src/lib.rs	is_crate_root
crates/hir/src/lib.rs	trait_bounds	crates/hir-ty/src/lower.rs	query_explicit
crates/ide-assists/src/handlers/destructure_tuple_binding.rs	dont_trigger_when_subpattern_exists	crates/ide-assists/src/tests.rs	check_assist_not_applicable
crates/hir/src/source_analyzer.rs	record_literal_matched_fields	crates/intern/src/symbol/symbols.rs	create
crates/ide-assists/src/handlers/merge_match_arms.rs	merge_match_arms_multiple_patterns	crates/ide-assists/src/tests.rs	check_assist
crates/hir-ty/src/infer/path.rs	resolve_value_path	crates/hir-ty/src/infer.rs	write_variant_resolution
crates/hir-def/src/visibility.rs	field_visibilities	crates/hir-def/src/lib.rs	module
crates/ide-assists/src/handlers/extract_variable.rs	extract_static_no_block_body	crates/ide-assists/src/tests.rs	check_assist_by_label
crates/ide/src/expand_macro.rs	expand_macro_recur	crates/span/src/map.rs	merge
crates/ide-assists/src/handlers/move_bounds.rs	move_bounds_to_where_clause	crates/ide-assists/src/assist_context.rs	find_node_at_offset
crates/ide/src/syntax_highlighting/highlight.rs	highlight_method_call	crates/syntax/src/ptr.rs	wrap_left
crates/hir-ty/src/infer/path.rs	resolve_ty_assoc_item	crates/hir-ty/src/infer.rs	interner
crates/hir-ty/src/method_resolution.rs	is_dyn_method	crates/intern/src/symbol/symbols.rs	create
crates/hir-def/src/expr_store/lower.rs	lower_type_bound	crates/hir-def/src/hir/type_ref.rs	UseArgRef
crates/ide-assists/src/handlers/replace_if_let_with_match.rs	is_sad_pat	crates/ide-db/src/ty_filter.rs	from_ty
crates/hir-ty/src/next_solver/fold.rs	fold_const	crates/hir-ty/src/next_solver/consts.rs	kind
crates/hir-def/src/attrs.rs	collect_field_attrs	crates/hir-def/src/item_tree/lower.rs	cfg_options
crates/hir-ty/src/lower/path.rs	set_current_segment	crates/hir-def/src/expr_store/path.rs	get
crates/hir-ty/src/mir/lower.rs	lower_expr_to_place_without_adjust	crates/hir/src/lib.rs	loc
crates/hir-ty/src/lower.rs	for_const	crates/hir-ty/src/next_solver/region.rs	new_static
crates/ide/src/inlay_hints.rs	hint_iterator	crates/hir/src/lib.rs	normalize_trait_assoc_type
crates/hir-ty/src/infer/expr.rs	infer_expr_inner	crates/hir-ty/src/infer.rs	only_has_type
crates/hir-expand/src/attrs.rs	expand_cfg_attr_with_doc_comments	crates/hir-def/src/item_tree/lower.rs	cfg_options
crates/ide-assists/src/handlers/destructure_tuple_binding.rs	dont_trigger_on_wildcard	crates/ide-assists/src/tests.rs	check_assist_not_applicable
crates/ide/src/join_lines.rs	check_join_lines	crates/parser/src/parser.rs	expect
crates/hir-ty/src/infer/cast.rs	from_ty	crates/intern/src/symbol/symbols.rs	create
crates/hir-def/src/resolver.rs	resolve_path_in_type_ns_with_prefix_info	crates/hir-def/src/resolver.rs	TypeNs
crates/hir/src/semantics.rs	populate_anon_const_cache_for	crates/hir-ty/src/db.rs	field_types_with_diagnostics
crates/hir-ty/src/next_solver/infer/relate/lattice.rs	relate_with_variance	crates/hir-ty/src/next_solver/infer/relate/lattice.rs	into_obligations
crates/ide-assists/src/handlers/add_missing_impl_members.rs	fill_in_type_params_1	crates/ide-assists/src/tests.rs	check_assist
crates/hir-def/src/macro_expansion_tests/mod.rs	check_errors	crates/span/src/ast_id.rs	get_erased
crates/hir-ty/src/generics.rs	iter_late_bound	crates/hir-def/src/lib.rs	GenericParamId
crates/ide/src/typing/on_enter.rs	apply_on_enter	crates/ide/src/typing/on_enter.rs	on_enter
crates/ide-assists/src/handlers/sort_items.rs	sort_by_name	crates/intern/src/symbol/symbols.rs	create
crates/hir-def/src/expr_store/scope.rs	find_function	crates/hir-def/src/nameres.rs	modules_for_file
crates/hir-expand/src/builtin/derive_macro.rs	coerce_shared_target	crates/syntax-bridge/src/lib.rs	syntax_node_to_token_tree_modified
crates/ide-assists/src/handlers/replace_if_let_with_match.rs	test_if_let_with_match_nested_literal	crates/ide-assists/src/tests.rs	check_assist
crates/ide-assists/src/handlers/destructure_tuple_binding.rs	detect_tuple_index	crates/intern/src/symbol/symbols.rs	create
crates/ide/src/typing.rs	assign_expr	crates/syntax/src/ast/generated/nodes.rs	can_cast
crates/hir-ty/src/next_solver/predicate.rs	relate	crates/hir-ty/src/next_solver/binder.rs	skip_binder
crates/ide-assists/src/handlers/add_missing_impl_members.rs	regression_test_for_when_impl_for_unit	crates/ide-assists/src/tests.rs	check_assist
crates/ide-assists/src/handlers/sort_items.rs	sort_items	crates/syntax/src/ast/generated/nodes.rs	field_list
crates/ide/src/typing/on_enter.rs	on_enter_in_braces	crates/ide-db/src/source_change.rs	escape_snippet_bits
crates/ide/src/typing/on_enter.rs	brace_contents_on_same_line	crates/intern/src/symbol/symbols.rs	create
crates/hir/src/semantics.rs	locals_used	crates/hir-def/src/expr_store.rs	walk_pats
crates/hir/src/source_analyzer.rs	record_pattern_matched_fields	crates/ide-db/src/ra_fixture.rs	is_empty
crates/hir-ty/src/next_solver/ty.rs	signature_unclosure	crates/hir-ty/src/next_solver/interner.rs	mk_fn_sig
crates/ide-assists/src/handlers/replace_method_eager_lazy.rs	replace_with_lazy_method	crates/ide-assists/src/assist_context.rs	add
crates/hir-ty/src/layout/adt.rs	layout_of_adt_query	crates/hir-def/src/lib.rs	enum_variants
crates/ide-assists/src/handlers/merge_imports.rs	merge_selection_uses	crates/ide-assists/src/tests.rs	check_assist_import_one
