crates/base-db	0	/Users/chrishafley/projects/rust-analyzer/crates/base-db/src/change.rs
/Users/chrishafley/projects/rust-analyzer/crates/base-db/src/editioned_file_id.rs
/Users/chrishafley/projects/rust-analyzer/crates/base-db/src/input.rs
/Users/chrishafley/projects/rust-analyzer/crates/base-db/src/lib.rs
/Users/chrishafley/projects/rust-analyzer/crates/base-db/src/target.rs
@@
crates/cfg	0	/Users/chrishafley/projects/rust-analyzer/crates/cfg/src/cfg_expr.rs
/Users/chrishafley/projects/rust-analyzer/crates/cfg/src/dnf.rs
/Users/chrishafley/projects/rust-analyzer/crates/cfg/src/lib.rs
/Users/chrishafley/projects/rust-analyzer/crates/cfg/src/tests.rs
@@
crates/edition	0	/Users/chrishafley/projects/rust-analyzer/crates/edition/src/lib.rs
@@
crates/hir[a][a]	0	/Users/chrishafley/projects/rust-analyzer/crates/hir/src/attrs.rs
/Users/chrishafley/projects/rust-analyzer/crates/hir/src/db.rs
/Users/chrishafley/projects/rust-analyzer/crates/hir/src/diagnostics.rs
@@
crates/hir[a][b][a]	0	/Users/chrishafley/projects/rust-analyzer/crates/hir/src/display.rs
/Users/chrishafley/projects/rust-analyzer/crates/hir/src/from_id.rs
@@
crates/hir[a][b][b][a]	0	/Users/chrishafley/projects/rust-analyzer/crates/hir/src/has_source.rs
@@
crates/hir[a][b][b][b]	124	/Users/chrishafley/projects/rust-analyzer/crates/hir/src/lib.rs
@@
crates/hir[b]	0	/Users/chrishafley/projects/rust-analyzer/crates/hir/src/semantics.rs
/Users/chrishafley/projects/rust-analyzer/crates/hir/src/semantics/child_by_source.rs
/Users/chrishafley/projects/rust-analyzer/crates/hir/src/semantics/source_to_def.rs
/Users/chrishafley/projects/rust-analyzer/crates/hir/src/source_analyzer.rs
/Users/chrishafley/projects/rust-analyzer/crates/hir/src/symbols.rs
/Users/chrishafley/projects/rust-analyzer/crates/hir/src/term_search.rs
/Users/chrishafley/projects/rust-analyzer/crates/hir/src/term_search/expr.rs
/Users/chrishafley/projects/rust-analyzer/crates/hir/src/term_search/tactics.rs
@@
crates/hir-def[a][a]	0	/Users/chrishafley/projects/rust-analyzer/crates/hir-def/src/attrs.rs
/Users/chrishafley/projects/rust-analyzer/crates/hir-def/src/attrs/docs.rs
/Users/chrishafley/projects/rust-analyzer/crates/hir-def/src/builtin_derive.rs
/Users/chrishafley/projects/rust-analyzer/crates/hir-def/src/builtin_type.rs
/Users/chrishafley/projects/rust-analyzer/crates/hir-def/src/dyn_map.rs
/Users/chrishafley/projects/rust-analyzer/crates/hir-def/src/expr_store.rs
/Users/chrishafley/projects/rust-analyzer/crates/hir-def/src/expr_store/body.rs
/Users/chrishafley/projects/rust-analyzer/crates/hir-def/src/expr_store/expander.rs
/Users/chrishafley/projects/rust-analyzer/crates/hir-def/src/expr_store/lower.rs
/Users/chrishafley/projects/rust-analyzer/crates/hir-def/src/expr_store/lower/asm.rs
/Users/chrishafley/projects/rust-analyzer/crates/hir-def/src/expr_store/lower/format_args.rs
/Users/chrishafley/projects/rust-analyzer/crates/hir-def/src/expr_store/lower/generics.rs
/Users/chrishafley/projects/rust-analyzer/crates/hir-def/src/expr_store/lower/path.rs
/Users/chrishafley/projects/rust-analyzer/crates/hir-def/src/expr_store/lower/path/tests.rs
/Users/chrishafley/projects/rust-analyzer/crates/hir-def/src/expr_store/path.rs
/Users/chrishafley/projects/rust-analyzer/crates/hir-def/src/expr_store/pretty.rs
@@
crates/hir-def[a][b]	0	/Users/chrishafley/projects/rust-analyzer/crates/hir-def/src/expr_store/scope.rs
/Users/chrishafley/projects/rust-analyzer/crates/hir-def/src/expr_store/tests.rs
/Users/chrishafley/projects/rust-analyzer/crates/hir-def/src/expr_store/tests/body.rs
/Users/chrishafley/projects/rust-analyzer/crates/hir-def/src/expr_store/tests/body/block.rs
/Users/chrishafley/projects/rust-analyzer/crates/hir-def/src/expr_store/tests/signatures.rs
/Users/chrishafley/projects/rust-analyzer/crates/hir-def/src/find_path.rs
/Users/chrishafley/projects/rust-analyzer/crates/hir-def/src/hir.rs
/Users/chrishafley/projects/rust-analyzer/crates/hir-def/src/hir/format_args.rs
/Users/chrishafley/projects/rust-analyzer/crates/hir-def/src/hir/generics.rs
/Users/chrishafley/projects/rust-analyzer/crates/hir-def/src/hir/type_ref.rs
/Users/chrishafley/projects/rust-analyzer/crates/hir-def/src/import_map.rs
/Users/chrishafley/projects/rust-analyzer/crates/hir-def/src/item_scope.rs
/Users/chrishafley/projects/rust-analyzer/crates/hir-def/src/item_tree.rs
/Users/chrishafley/projects/rust-analyzer/crates/hir-def/src/item_tree/attrs.rs
/Users/chrishafley/projects/rust-analyzer/crates/hir-def/src/item_tree/lower.rs
/Users/chrishafley/projects/rust-analyzer/crates/hir-def/src/item_tree/pretty.rs
/Users/chrishafley/projects/rust-analyzer/crates/hir-def/src/item_tree/tests.rs
@@
crates/hir-def[b]	0	/Users/chrishafley/projects/rust-analyzer/crates/hir-def/src/lang_item.rs
/Users/chrishafley/projects/rust-analyzer/crates/hir-def/src/lib.rs
/Users/chrishafley/projects/rust-analyzer/crates/hir-def/src/macro_expansion_tests/builtin_derive_macro.rs
/Users/chrishafley/projects/rust-analyzer/crates/hir-def/src/macro_expansion_tests/builtin_fn_macro.rs
/Users/chrishafley/projects/rust-analyzer/crates/hir-def/src/macro_expansion_tests/mbe.rs
/Users/chrishafley/projects/rust-analyzer/crates/hir-def/src/macro_expansion_tests/mbe/matching.rs
/Users/chrishafley/projects/rust-analyzer/crates/hir-def/src/macro_expansion_tests/mbe/meta_syntax.rs
/Users/chrishafley/projects/rust-analyzer/crates/hir-def/src/macro_expansion_tests/mbe/metavar_expr.rs
/Users/chrishafley/projects/rust-analyzer/crates/hir-def/src/macro_expansion_tests/mbe/regression.rs
/Users/chrishafley/projects/rust-analyzer/crates/hir-def/src/macro_expansion_tests/mbe/tt_conversion.rs
/Users/chrishafley/projects/rust-analyzer/crates/hir-def/src/macro_expansion_tests/mod.rs
/Users/chrishafley/projects/rust-analyzer/crates/hir-def/src/macro_expansion_tests/proc_macros.rs
/Users/chrishafley/projects/rust-analyzer/crates/hir-def/src/nameres.rs
/Users/chrishafley/projects/rust-analyzer/crates/hir-def/src/nameres/assoc.rs
/Users/chrishafley/projects/rust-analyzer/crates/hir-def/src/nameres/attr_resolution.rs
/Users/chrishafley/projects/rust-analyzer/crates/hir-def/src/nameres/collector.rs
/Users/chrishafley/projects/rust-analyzer/crates/hir-def/src/nameres/diagnostics.rs
/Users/chrishafley/projects/rust-analyzer/crates/hir-def/src/nameres/mod_resolution.rs
/Users/chrishafley/projects/rust-analyzer/crates/hir-def/src/nameres/path_resolution.rs
/Users/chrishafley/projects/rust-analyzer/crates/hir-def/src/nameres/proc_macro.rs
/Users/chrishafley/projects/rust-analyzer/crates/hir-def/src/nameres/tests.rs
/Users/chrishafley/projects/rust-analyzer/crates/hir-def/src/nameres/tests/globs.rs
/Users/chrishafley/projects/rust-analyzer/crates/hir-def/src/nameres/tests/imports.rs
/Users/chrishafley/projects/rust-analyzer/crates/hir-def/src/nameres/tests/incremental.rs
/Users/chrishafley/projects/rust-analyzer/crates/hir-def/src/nameres/tests/macros.rs
/Users/chrishafley/projects/rust-analyzer/crates/hir-def/src/nameres/tests/mod_resolution.rs
/Users/chrishafley/projects/rust-analyzer/crates/hir-def/src/per_ns.rs
/Users/chrishafley/projects/rust-analyzer/crates/hir-def/src/resolver.rs
/Users/chrishafley/projects/rust-analyzer/crates/hir-def/src/signatures.rs
/Users/chrishafley/projects/rust-analyzer/crates/hir-def/src/src.rs
/Users/chrishafley/projects/rust-analyzer/crates/hir-def/src/test_db.rs
/Users/chrishafley/projects/rust-analyzer/crates/hir-def/src/unstable_features.rs
/Users/chrishafley/projects/rust-analyzer/crates/hir-def/src/visibility.rs
@@
crates/hir-expand	0	/Users/chrishafley/projects/rust-analyzer/crates/hir-expand/src/attrs.rs
/Users/chrishafley/projects/rust-analyzer/crates/hir-expand/src/builtin.rs
/Users/chrishafley/projects/rust-analyzer/crates/hir-expand/src/builtin/attr_macro.rs
/Users/chrishafley/projects/rust-analyzer/crates/hir-expand/src/builtin/derive_macro.rs
/Users/chrishafley/projects/rust-analyzer/crates/hir-expand/src/builtin/fn_macro.rs
/Users/chrishafley/projects/rust-analyzer/crates/hir-expand/src/builtin/quote.rs
/Users/chrishafley/projects/rust-analyzer/crates/hir-expand/src/cfg_process.rs
/Users/chrishafley/projects/rust-analyzer/crates/hir-expand/src/change.rs
/Users/chrishafley/projects/rust-analyzer/crates/hir-expand/src/declarative.rs
/Users/chrishafley/projects/rust-analyzer/crates/hir-expand/src/eager.rs
/Users/chrishafley/projects/rust-analyzer/crates/hir-expand/src/files.rs
/Users/chrishafley/projects/rust-analyzer/crates/hir-expand/src/fixup.rs
/Users/chrishafley/projects/rust-analyzer/crates/hir-expand/src/hygiene.rs
/Users/chrishafley/projects/rust-analyzer/crates/hir-expand/src/inert_attr_macro.rs
/Users/chrishafley/projects/rust-analyzer/crates/hir-expand/src/lib.rs
/Users/chrishafley/projects/rust-analyzer/crates/hir-expand/src/mod_path.rs
/Users/chrishafley/projects/rust-analyzer/crates/hir-expand/src/name.rs
/Users/chrishafley/projects/rust-analyzer/crates/hir-expand/src/prettify_macro_expansion_.rs
/Users/chrishafley/projects/rust-analyzer/crates/hir-expand/src/proc_macro.rs
/Users/chrishafley/projects/rust-analyzer/crates/hir-expand/src/span_map.rs
@@
crates/hir-ty[a][a][a]	0	/Users/chrishafley/projects/rust-analyzer/crates/hir-ty/src/autoderef.rs
/Users/chrishafley/projects/rust-analyzer/crates/hir-ty/src/builtin_derive.rs
/Users/chrishafley/projects/rust-analyzer/crates/hir-ty/src/consteval.rs
/Users/chrishafley/projects/rust-analyzer/crates/hir-ty/src/consteval/tests.rs
/Users/chrishafley/projects/rust-analyzer/crates/hir-ty/src/consteval/tests/intrinsics.rs
/Users/chrishafley/projects/rust-analyzer/crates/hir-ty/src/db.rs
/Users/chrishafley/projects/rust-analyzer/crates/hir-ty/src/diagnostics.rs
/Users/chrishafley/projects/rust-analyzer/crates/hir-ty/src/diagnostics/decl_check.rs
/Users/chrishafley/projects/rust-analyzer/crates/hir-ty/src/diagnostics/decl_check/case_conv.rs
/Users/chrishafley/projects/rust-analyzer/crates/hir-ty/src/diagnostics/expr.rs
/Users/chrishafley/projects/rust-analyzer/crates/hir-ty/src/diagnostics/match_check.rs
/Users/chrishafley/projects/rust-analyzer/crates/hir-ty/src/diagnostics/match_check/pat_analysis.rs
/Users/chrishafley/projects/rust-analyzer/crates/hir-ty/src/diagnostics/match_check/pat_util.rs
/Users/chrishafley/projects/rust-analyzer/crates/hir-ty/src/diagnostics/unsafe_check.rs
/Users/chrishafley/projects/rust-analyzer/crates/hir-ty/src/display.rs
/Users/chrishafley/projects/rust-analyzer/crates/hir-ty/src/drop.rs
/Users/chrishafley/projects/rust-analyzer/crates/hir-ty/src/dyn_compatibility.rs
@@
crates/hir-ty[a][a][b]	0	/Users/chrishafley/projects/rust-analyzer/crates/hir-ty/src/dyn_compatibility/tests.rs
/Users/chrishafley/projects/rust-analyzer/crates/hir-ty/src/generics.rs
/Users/chrishafley/projects/rust-analyzer/crates/hir-ty/src/infer.rs
/Users/chrishafley/projects/rust-analyzer/crates/hir-ty/src/infer/autoderef.rs
/Users/chrishafley/projects/rust-analyzer/crates/hir-ty/src/infer/callee.rs
/Users/chrishafley/projects/rust-analyzer/crates/hir-ty/src/infer/cast.rs
/Users/chrishafley/projects/rust-analyzer/crates/hir-ty/src/infer/closure.rs
/Users/chrishafley/projects/rust-analyzer/crates/hir-ty/src/infer/closure/analysis.rs
/Users/chrishafley/projects/rust-analyzer/crates/hir-ty/src/infer/closure/analysis/expr_use_visitor.rs
/Users/chrishafley/projects/rust-analyzer/crates/hir-ty/src/infer/coerce.rs
/Users/chrishafley/projects/rust-analyzer/crates/hir-ty/src/infer/diagnostics.rs
/Users/chrishafley/projects/rust-analyzer/crates/hir-ty/src/infer/expr.rs
/Users/chrishafley/projects/rust-analyzer/crates/hir-ty/src/infer/fallback.rs
/Users/chrishafley/projects/rust-analyzer/crates/hir-ty/src/infer/mutability.rs
/Users/chrishafley/projects/rust-analyzer/crates/hir-ty/src/infer/op.rs
/Users/chrishafley/projects/rust-analyzer/crates/hir-ty/src/infer/opaques.rs
/Users/chrishafley/projects/rust-analyzer/crates/hir-ty/src/infer/pat.rs
@@
crates/hir-ty[a][b][a]	0	/Users/chrishafley/projects/rust-analyzer/crates/hir-ty/src/infer/path.rs
/Users/chrishafley/projects/rust-analyzer/crates/hir-ty/src/infer/place_op.rs
/Users/chrishafley/projects/rust-analyzer/crates/hir-ty/src/infer/unify.rs
/Users/chrishafley/projects/rust-analyzer/crates/hir-ty/src/inhabitedness.rs
/Users/chrishafley/projects/rust-analyzer/crates/hir-ty/src/lang_items.rs
/Users/chrishafley/projects/rust-analyzer/crates/hir-ty/src/layout.rs
/Users/chrishafley/projects/rust-analyzer/crates/hir-ty/src/layout/adt.rs
/Users/chrishafley/projects/rust-analyzer/crates/hir-ty/src/layout/target.rs
/Users/chrishafley/projects/rust-analyzer/crates/hir-ty/src/layout/tests.rs
/Users/chrishafley/projects/rust-analyzer/crates/hir-ty/src/layout/tests/closure.rs
/Users/chrishafley/projects/rust-analyzer/crates/hir-ty/src/lib.rs
/Users/chrishafley/projects/rust-analyzer/crates/hir-ty/src/lower.rs
/Users/chrishafley/projects/rust-analyzer/crates/hir-ty/src/lower/diagnostics.rs
/Users/chrishafley/projects/rust-analyzer/crates/hir-ty/src/lower/path.rs
/Users/chrishafley/projects/rust-analyzer/crates/hir-ty/src/method_resolution.rs
/Users/chrishafley/projects/rust-analyzer/crates/hir-ty/src/method_resolution/confirm.rs
/Users/chrishafley/projects/rust-analyzer/crates/hir-ty/src/method_resolution/probe.rs
@@
crates/hir-ty[a][b][b][a]	0	/Users/chrishafley/projects/rust-analyzer/crates/hir-ty/src/mir.rs
/Users/chrishafley/projects/rust-analyzer/crates/hir-ty/src/mir/eval.rs
/Users/chrishafley/projects/rust-analyzer/crates/hir-ty/src/mir/eval/shim.rs
/Users/chrishafley/projects/rust-analyzer/crates/hir-ty/src/mir/eval/shim/simd.rs
/Users/chrishafley/projects/rust-analyzer/crates/hir-ty/src/mir/eval/tests.rs
/Users/chrishafley/projects/rust-analyzer/crates/hir-ty/src/mir/lower.rs
/Users/chrishafley/projects/rust-analyzer/crates/hir-ty/src/mir/lower/as_place.rs
/Users/chrishafley/projects/rust-analyzer/crates/hir-ty/src/mir/lower/pattern_matching.rs
@@
crates/hir-ty[a][b][b][b]	0	/Users/chrishafley/projects/rust-analyzer/crates/hir-ty/src/mir/lower/tests.rs
/Users/chrishafley/projects/rust-analyzer/crates/hir-ty/src/mir/monomorphization.rs
/Users/chrishafley/projects/rust-analyzer/crates/hir-ty/src/mir/pretty.rs
/Users/chrishafley/projects/rust-analyzer/crates/hir-ty/src/next_solver.rs
/Users/chrishafley/projects/rust-analyzer/crates/hir-ty/src/next_solver/abi.rs
/Users/chrishafley/projects/rust-analyzer/crates/hir-ty/src/next_solver/allocation.rs
/Users/chrishafley/projects/rust-analyzer/crates/hir-ty/src/next_solver/binder.rs
/Users/chrishafley/projects/rust-analyzer/crates/hir-ty/src/next_solver/consts.rs
/Users/chrishafley/projects/rust-analyzer/crates/hir-ty/src/next_solver/consts/valtree.rs
@@
crates/hir-ty[b][a]	0	/Users/chrishafley/projects/rust-analyzer/crates/hir-ty/src/next_solver/def_id.rs
/Users/chrishafley/projects/rust-analyzer/crates/hir-ty/src/next_solver/fold.rs
/Users/chrishafley/projects/rust-analyzer/crates/hir-ty/src/next_solver/format_proof_tree.rs
/Users/chrishafley/projects/rust-analyzer/crates/hir-ty/src/next_solver/fulfill.rs
/Users/chrishafley/projects/rust-analyzer/crates/hir-ty/src/next_solver/generic_arg.rs
/Users/chrishafley/projects/rust-analyzer/crates/hir-ty/src/next_solver/generics.rs
/Users/chrishafley/projects/rust-analyzer/crates/hir-ty/src/next_solver/infer/at.rs
/Users/chrishafley/projects/rust-analyzer/crates/hir-ty/src/next_solver/infer/canonical/canonicalizer.rs
/Users/chrishafley/projects/rust-analyzer/crates/hir-ty/src/next_solver/infer/canonical/instantiate.rs
/Users/chrishafley/projects/rust-analyzer/crates/hir-ty/src/next_solver/infer/canonical/mod.rs
/Users/chrishafley/projects/rust-analyzer/crates/hir-ty/src/next_solver/infer/context.rs
/Users/chrishafley/projects/rust-analyzer/crates/hir-ty/src/next_solver/infer/errors.rs
/Users/chrishafley/projects/rust-analyzer/crates/hir-ty/src/next_solver/infer/mod.rs
/Users/chrishafley/projects/rust-analyzer/crates/hir-ty/src/next_solver/infer/opaque_types/mod.rs
/Users/chrishafley/projects/rust-analyzer/crates/hir-ty/src/next_solver/infer/opaque_types/table.rs
/Users/chrishafley/projects/rust-analyzer/crates/hir-ty/src/next_solver/infer/outlives/mod.rs
/Users/chrishafley/projects/rust-analyzer/crates/hir-ty/src/next_solver/infer/outlives/obligations.rs
/Users/chrishafley/projects/rust-analyzer/crates/hir-ty/src/next_solver/infer/region_constraints/mod.rs
/Users/chrishafley/projects/rust-analyzer/crates/hir-ty/src/next_solver/infer/relate/generalize.rs
/Users/chrishafley/projects/rust-analyzer/crates/hir-ty/src/next_solver/infer/relate/higher_ranked.rs
/Users/chrishafley/projects/rust-analyzer/crates/hir-ty/src/next_solver/infer/relate/lattice.rs
/Users/chrishafley/projects/rust-analyzer/crates/hir-ty/src/next_solver/infer/relate/mod.rs
/Users/chrishafley/projects/rust-analyzer/crates/hir-ty/src/next_solver/infer/resolve.rs
/Users/chrishafley/projects/rust-analyzer/crates/hir-ty/src/next_solver/infer/select.rs
/Users/chrishafley/projects/rust-analyzer/crates/hir-ty/src/next_solver/infer/snapshot/fudge.rs
/Users/chrishafley/projects/rust-analyzer/crates/hir-ty/src/next_solver/infer/snapshot/mod.rs
/Users/chrishafley/projects/rust-analyzer/crates/hir-ty/src/next_solver/infer/snapshot/undo_log.rs
/Users/chrishafley/projects/rust-analyzer/crates/hir-ty/src/next_solver/infer/traits.rs
/Users/chrishafley/projects/rust-analyzer/crates/hir-ty/src/next_solver/infer/type_variable.rs
/Users/chrishafley/projects/rust-analyzer/crates/hir-ty/src/next_solver/infer/unify_key.rs
/Users/chrishafley/projects/rust-analyzer/crates/hir-ty/src/next_solver/inspect.rs
/Users/chrishafley/projects/rust-analyzer/crates/hir-ty/src/next_solver/interner.rs
/Users/chrishafley/projects/rust-analyzer/crates/hir-ty/src/next_solver/ir_print.rs
/Users/chrishafley/projects/rust-analyzer/crates/hir-ty/src/next_solver/normalize.rs
@@
crates/hir-ty[b][b]	0	/Users/chrishafley/projects/rust-analyzer/crates/hir-ty/src/next_solver/obligation_ctxt.rs
/Users/chrishafley/projects/rust-analyzer/crates/hir-ty/src/next_solver/opaques.rs
/Users/chrishafley/projects/rust-analyzer/crates/hir-ty/src/next_solver/predicate.rs
/Users/chrishafley/projects/rust-analyzer/crates/hir-ty/src/next_solver/region.rs
/Users/chrishafley/projects/rust-analyzer/crates/hir-ty/src/next_solver/solver.rs
/Users/chrishafley/projects/rust-analyzer/crates/hir-ty/src/next_solver/structural_normalize.rs
/Users/chrishafley/projects/rust-analyzer/crates/hir-ty/src/next_solver/ty.rs
/Users/chrishafley/projects/rust-analyzer/crates/hir-ty/src/next_solver/util.rs
/Users/chrishafley/projects/rust-analyzer/crates/hir-ty/src/opaques.rs
/Users/chrishafley/projects/rust-analyzer/crates/hir-ty/src/primitive.rs
/Users/chrishafley/projects/rust-analyzer/crates/hir-ty/src/representability.rs
/Users/chrishafley/projects/rust-analyzer/crates/hir-ty/src/solver_errors.rs
/Users/chrishafley/projects/rust-analyzer/crates/hir-ty/src/specialization.rs
/Users/chrishafley/projects/rust-analyzer/crates/hir-ty/src/target_feature.rs
/Users/chrishafley/projects/rust-analyzer/crates/hir-ty/src/test_db.rs
/Users/chrishafley/projects/rust-analyzer/crates/hir-ty/src/tests.rs
/Users/chrishafley/projects/rust-analyzer/crates/hir-ty/src/tests/closure_captures.rs
/Users/chrishafley/projects/rust-analyzer/crates/hir-ty/src/tests/coercion.rs
/Users/chrishafley/projects/rust-analyzer/crates/hir-ty/src/tests/diagnostics.rs
/Users/chrishafley/projects/rust-analyzer/crates/hir-ty/src/tests/display_source_code.rs
/Users/chrishafley/projects/rust-analyzer/crates/hir-ty/src/tests/incremental.rs
/Users/chrishafley/projects/rust-analyzer/crates/hir-ty/src/tests/macros.rs
/Users/chrishafley/projects/rust-analyzer/crates/hir-ty/src/tests/method_resolution.rs
/Users/chrishafley/projects/rust-analyzer/crates/hir-ty/src/tests/never_type.rs
/Users/chrishafley/projects/rust-analyzer/crates/hir-ty/src/tests/opaque_types.rs
/Users/chrishafley/projects/rust-analyzer/crates/hir-ty/src/tests/patterns.rs
/Users/chrishafley/projects/rust-analyzer/crates/hir-ty/src/tests/regression.rs
/Users/chrishafley/projects/rust-analyzer/crates/hir-ty/src/tests/regression/new_solver.rs
/Users/chrishafley/projects/rust-analyzer/crates/hir-ty/src/tests/simple.rs
/Users/chrishafley/projects/rust-analyzer/crates/hir-ty/src/tests/trait_aliases.rs
/Users/chrishafley/projects/rust-analyzer/crates/hir-ty/src/tests/traits.rs
/Users/chrishafley/projects/rust-analyzer/crates/hir-ty/src/traits.rs
/Users/chrishafley/projects/rust-analyzer/crates/hir-ty/src/upvars.rs
/Users/chrishafley/projects/rust-analyzer/crates/hir-ty/src/utils.rs
/Users/chrishafley/projects/rust-analyzer/crates/hir-ty/src/variance.rs
@@
crates/ide[a][a]	0	/Users/chrishafley/projects/rust-analyzer/crates/ide/src/annotations.rs
/Users/chrishafley/projects/rust-analyzer/crates/ide/src/annotations/fn_references.rs
/Users/chrishafley/projects/rust-analyzer/crates/ide/src/call_hierarchy.rs
/Users/chrishafley/projects/rust-analyzer/crates/ide/src/child_modules.rs
/Users/chrishafley/projects/rust-analyzer/crates/ide/src/doc_links.rs
/Users/chrishafley/projects/rust-analyzer/crates/ide/src/doc_links/intra_doc_links.rs
/Users/chrishafley/projects/rust-analyzer/crates/ide/src/doc_links/tests.rs
/Users/chrishafley/projects/rust-analyzer/crates/ide/src/expand_macro.rs
/Users/chrishafley/projects/rust-analyzer/crates/ide/src/extend_selection.rs
/Users/chrishafley/projects/rust-analyzer/crates/ide/src/fetch_crates.rs
/Users/chrishafley/projects/rust-analyzer/crates/ide/src/file_structure.rs
/Users/chrishafley/projects/rust-analyzer/crates/ide/src/fixture.rs
/Users/chrishafley/projects/rust-analyzer/crates/ide/src/folding_ranges.rs
/Users/chrishafley/projects/rust-analyzer/crates/ide/src/goto_declaration.rs
/Users/chrishafley/projects/rust-analyzer/crates/ide/src/goto_definition.rs
/Users/chrishafley/projects/rust-analyzer/crates/ide/src/goto_implementation.rs
/Users/chrishafley/projects/rust-analyzer/crates/ide/src/goto_type_definition.rs
/Users/chrishafley/projects/rust-analyzer/crates/ide/src/highlight_related.rs
/Users/chrishafley/projects/rust-analyzer/crates/ide/src/hover.rs
@@
crates/ide[a][b]	0	/Users/chrishafley/projects/rust-analyzer/crates/ide/src/hover/render.rs
/Users/chrishafley/projects/rust-analyzer/crates/ide/src/hover/tests.rs
/Users/chrishafley/projects/rust-analyzer/crates/ide/src/inlay_hints.rs
/Users/chrishafley/projects/rust-analyzer/crates/ide/src/inlay_hints/adjustment.rs
/Users/chrishafley/projects/rust-analyzer/crates/ide/src/inlay_hints/bind_pat.rs
/Users/chrishafley/projects/rust-analyzer/crates/ide/src/inlay_hints/binding_mode.rs
/Users/chrishafley/projects/rust-analyzer/crates/ide/src/inlay_hints/bounds.rs
/Users/chrishafley/projects/rust-analyzer/crates/ide/src/inlay_hints/chaining.rs
/Users/chrishafley/projects/rust-analyzer/crates/ide/src/inlay_hints/closing_brace.rs
/Users/chrishafley/projects/rust-analyzer/crates/ide/src/inlay_hints/closure_captures.rs
/Users/chrishafley/projects/rust-analyzer/crates/ide/src/inlay_hints/closure_ret.rs
/Users/chrishafley/projects/rust-analyzer/crates/ide/src/inlay_hints/discriminant.rs
/Users/chrishafley/projects/rust-analyzer/crates/ide/src/inlay_hints/extern_block.rs
/Users/chrishafley/projects/rust-analyzer/crates/ide/src/inlay_hints/generic_param.rs
/Users/chrishafley/projects/rust-analyzer/crates/ide/src/inlay_hints/implicit_drop.rs
/Users/chrishafley/projects/rust-analyzer/crates/ide/src/inlay_hints/implicit_static.rs
/Users/chrishafley/projects/rust-analyzer/crates/ide/src/inlay_hints/implied_dyn_trait.rs
/Users/chrishafley/projects/rust-analyzer/crates/ide/src/inlay_hints/lifetime.rs
/Users/chrishafley/projects/rust-analyzer/crates/ide/src/inlay_hints/param_name.rs
@@
crates/ide[b]	0	/Users/chrishafley/projects/rust-analyzer/crates/ide/src/inlay_hints/placeholders.rs
/Users/chrishafley/projects/rust-analyzer/crates/ide/src/inlay_hints/ra_fixture.rs
/Users/chrishafley/projects/rust-analyzer/crates/ide/src/inlay_hints/range_exclusive.rs
/Users/chrishafley/projects/rust-analyzer/crates/ide/src/interpret.rs
/Users/chrishafley/projects/rust-analyzer/crates/ide/src/join_lines.rs
/Users/chrishafley/projects/rust-analyzer/crates/ide/src/lib.rs
/Users/chrishafley/projects/rust-analyzer/crates/ide/src/markdown_remove.rs
/Users/chrishafley/projects/rust-analyzer/crates/ide/src/markup.rs
/Users/chrishafley/projects/rust-analyzer/crates/ide/src/matching_brace.rs
/Users/chrishafley/projects/rust-analyzer/crates/ide/src/moniker.rs
/Users/chrishafley/projects/rust-analyzer/crates/ide/src/move_item.rs
/Users/chrishafley/projects/rust-analyzer/crates/ide/src/navigation_target.rs
/Users/chrishafley/projects/rust-analyzer/crates/ide/src/parent_module.rs
/Users/chrishafley/projects/rust-analyzer/crates/ide/src/predicate_eval.rs
/Users/chrishafley/projects/rust-analyzer/crates/ide/src/references.rs
/Users/chrishafley/projects/rust-analyzer/crates/ide/src/rename.rs
/Users/chrishafley/projects/rust-analyzer/crates/ide/src/runnables.rs
/Users/chrishafley/projects/rust-analyzer/crates/ide/src/signature_help.rs
/Users/chrishafley/projects/rust-analyzer/crates/ide/src/ssr.rs
/Users/chrishafley/projects/rust-analyzer/crates/ide/src/static_index.rs
/Users/chrishafley/projects/rust-analyzer/crates/ide/src/status.rs
/Users/chrishafley/projects/rust-analyzer/crates/ide/src/syntax_highlighting.rs
/Users/chrishafley/projects/rust-analyzer/crates/ide/src/syntax_highlighting/escape.rs
/Users/chrishafley/projects/rust-analyzer/crates/ide/src/syntax_highlighting/format.rs
/Users/chrishafley/projects/rust-analyzer/crates/ide/src/syntax_highlighting/highlight.rs
/Users/chrishafley/projects/rust-analyzer/crates/ide/src/syntax_highlighting/highlights.rs
/Users/chrishafley/projects/rust-analyzer/crates/ide/src/syntax_highlighting/html.rs
/Users/chrishafley/projects/rust-analyzer/crates/ide/src/syntax_highlighting/inject.rs
/Users/chrishafley/projects/rust-analyzer/crates/ide/src/syntax_highlighting/tags.rs
/Users/chrishafley/projects/rust-analyzer/crates/ide/src/syntax_highlighting/tests.rs
/Users/chrishafley/projects/rust-analyzer/crates/ide/src/test_explorer.rs
/Users/chrishafley/projects/rust-analyzer/crates/ide/src/typing.rs
/Users/chrishafley/projects/rust-analyzer/crates/ide/src/typing/on_enter.rs
/Users/chrishafley/projects/rust-analyzer/crates/ide/src/view_crate_graph.rs
/Users/chrishafley/projects/rust-analyzer/crates/ide/src/view_hir.rs
/Users/chrishafley/projects/rust-analyzer/crates/ide/src/view_item_tree.rs
/Users/chrishafley/projects/rust-analyzer/crates/ide/src/view_memory_layout.rs
/Users/chrishafley/projects/rust-analyzer/crates/ide/src/view_mir.rs
/Users/chrishafley/projects/rust-analyzer/crates/ide/src/view_syntax_tree.rs
@@
crates/ide-assists[a][a]	0	/Users/chrishafley/projects/rust-analyzer/crates/ide-assists/src/assist_config.rs
/Users/chrishafley/projects/rust-analyzer/crates/ide-assists/src/assist_context.rs
/Users/chrishafley/projects/rust-analyzer/crates/ide-assists/src/handlers/add_braces.rs
/Users/chrishafley/projects/rust-analyzer/crates/ide-assists/src/handlers/add_explicit_dot_deref.rs
/Users/chrishafley/projects/rust-analyzer/crates/ide-assists/src/handlers/add_explicit_enum_discriminant.rs
/Users/chrishafley/projects/rust-analyzer/crates/ide-assists/src/handlers/add_explicit_type.rs
/Users/chrishafley/projects/rust-analyzer/crates/ide-assists/src/handlers/add_label_to_loop.rs
/Users/chrishafley/projects/rust-analyzer/crates/ide-assists/src/handlers/add_lifetime_to_type.rs
/Users/chrishafley/projects/rust-analyzer/crates/ide-assists/src/handlers/add_missing_impl_members.rs
/Users/chrishafley/projects/rust-analyzer/crates/ide-assists/src/handlers/add_missing_match_arms.rs
/Users/chrishafley/projects/rust-analyzer/crates/ide-assists/src/handlers/add_return_type.rs
/Users/chrishafley/projects/rust-analyzer/crates/ide-assists/src/handlers/add_turbo_fish.rs
/Users/chrishafley/projects/rust-analyzer/crates/ide-assists/src/handlers/apply_demorgan.rs
/Users/chrishafley/projects/rust-analyzer/crates/ide-assists/src/handlers/auto_import.rs
/Users/chrishafley/projects/rust-analyzer/crates/ide-assists/src/handlers/bind_unused_param.rs
/Users/chrishafley/projects/rust-analyzer/crates/ide-assists/src/handlers/change_visibility.rs
/Users/chrishafley/projects/rust-analyzer/crates/ide-assists/src/handlers/convert_bool_then.rs
/Users/chrishafley/projects/rust-analyzer/crates/ide-assists/src/handlers/convert_bool_to_enum.rs
/Users/chrishafley/projects/rust-analyzer/crates/ide-assists/src/handlers/convert_char_literal.rs
/Users/chrishafley/projects/rust-analyzer/crates/ide-assists/src/handlers/convert_closure_to_fn.rs
/Users/chrishafley/projects/rust-analyzer/crates/ide-assists/src/handlers/convert_comment_block.rs
/Users/chrishafley/projects/rust-analyzer/crates/ide-assists/src/handlers/convert_comment_from_or_to_doc.rs
/Users/chrishafley/projects/rust-analyzer/crates/ide-assists/src/handlers/convert_for_to_while_let.rs
/Users/chrishafley/projects/rust-analyzer/crates/ide-assists/src/handlers/convert_from_to_tryfrom.rs
/Users/chrishafley/projects/rust-analyzer/crates/ide-assists/src/handlers/convert_integer_literal.rs
/Users/chrishafley/projects/rust-analyzer/crates/ide-assists/src/handlers/convert_into_to_from.rs
/Users/chrishafley/projects/rust-analyzer/crates/ide-assists/src/handlers/convert_iter_for_each_to_for.rs
/Users/chrishafley/projects/rust-analyzer/crates/ide-assists/src/handlers/convert_let_else_to_match.rs
/Users/chrishafley/projects/rust-analyzer/crates/ide-assists/src/handlers/convert_match_to_let_else.rs
/Users/chrishafley/projects/rust-analyzer/crates/ide-assists/src/handlers/convert_named_struct_to_tuple_struct.rs
/Users/chrishafley/projects/rust-analyzer/crates/ide-assists/src/handlers/convert_nested_function_to_closure.rs
/Users/chrishafley/projects/rust-analyzer/crates/ide-assists/src/handlers/convert_range_for_to_while.rs
/Users/chrishafley/projects/rust-analyzer/crates/ide-assists/src/handlers/convert_to_guarded_return.rs
/Users/chrishafley/projects/rust-analyzer/crates/ide-assists/src/handlers/convert_tuple_return_type_to_struct.rs
/Users/chrishafley/projects/rust-analyzer/crates/ide-assists/src/handlers/convert_tuple_struct_to_named_struct.rs
@@
crates/ide-assists[a][b][a]	0	/Users/chrishafley/projects/rust-analyzer/crates/ide-assists/src/handlers/convert_two_arm_bool_match_to_matches_macro.rs
/Users/chrishafley/projects/rust-analyzer/crates/ide-assists/src/handlers/convert_while_to_loop.rs
/Users/chrishafley/projects/rust-analyzer/crates/ide-assists/src/handlers/destructure_struct_binding.rs
/Users/chrishafley/projects/rust-analyzer/crates/ide-assists/src/handlers/destructure_tuple_binding.rs
/Users/chrishafley/projects/rust-analyzer/crates/ide-assists/src/handlers/desugar_doc_comment.rs
/Users/chrishafley/projects/rust-analyzer/crates/ide-assists/src/handlers/desugar_try_expr.rs
/Users/chrishafley/projects/rust-analyzer/crates/ide-assists/src/handlers/expand_glob_import.rs
/Users/chrishafley/projects/rust-analyzer/crates/ide-assists/src/handlers/expand_rest_pattern.rs
/Users/chrishafley/projects/rust-analyzer/crates/ide-assists/src/handlers/extract_expressions_from_format_string.rs
/Users/chrishafley/projects/rust-analyzer/crates/ide-assists/src/handlers/extract_function.rs
/Users/chrishafley/projects/rust-analyzer/crates/ide-assists/src/handlers/extract_module.rs
/Users/chrishafley/projects/rust-analyzer/crates/ide-assists/src/handlers/extract_struct_from_enum_variant.rs
/Users/chrishafley/projects/rust-analyzer/crates/ide-assists/src/handlers/extract_type_alias.rs
/Users/chrishafley/projects/rust-analyzer/crates/ide-assists/src/handlers/extract_variable.rs
/Users/chrishafley/projects/rust-analyzer/crates/ide-assists/src/handlers/fix_visibility.rs
/Users/chrishafley/projects/rust-analyzer/crates/ide-assists/src/handlers/flip_binexpr.rs
/Users/chrishafley/projects/rust-analyzer/crates/ide-assists/src/handlers/flip_comma.rs
/Users/chrishafley/projects/rust-analyzer/crates/ide-assists/src/handlers/flip_or_pattern.rs
@@
crates/ide-assists[a][b][b]	0	/Users/chrishafley/projects/rust-analyzer/crates/ide-assists/src/handlers/flip_trait_bound.rs
/Users/chrishafley/projects/rust-analyzer/crates/ide-assists/src/handlers/generate_blanket_trait_impl.rs
/Users/chrishafley/projects/rust-analyzer/crates/ide-assists/src/handlers/generate_constant.rs
/Users/chrishafley/projects/rust-analyzer/crates/ide-assists/src/handlers/generate_default_from_enum_variant.rs
/Users/chrishafley/projects/rust-analyzer/crates/ide-assists/src/handlers/generate_default_from_new.rs
/Users/chrishafley/projects/rust-analyzer/crates/ide-assists/src/handlers/generate_delegate_methods.rs
/Users/chrishafley/projects/rust-analyzer/crates/ide-assists/src/handlers/generate_delegate_trait.rs
/Users/chrishafley/projects/rust-analyzer/crates/ide-assists/src/handlers/generate_deref.rs
/Users/chrishafley/projects/rust-analyzer/crates/ide-assists/src/handlers/generate_derive.rs
/Users/chrishafley/projects/rust-analyzer/crates/ide-assists/src/handlers/generate_documentation_template.rs
/Users/chrishafley/projects/rust-analyzer/crates/ide-assists/src/handlers/generate_enum_is_method.rs
/Users/chrishafley/projects/rust-analyzer/crates/ide-assists/src/handlers/generate_enum_projection_method.rs
/Users/chrishafley/projects/rust-analyzer/crates/ide-assists/src/handlers/generate_enum_variant.rs
/Users/chrishafley/projects/rust-analyzer/crates/ide-assists/src/handlers/generate_fn_type_alias.rs
/Users/chrishafley/projects/rust-analyzer/crates/ide-assists/src/handlers/generate_from_impl_for_enum.rs
/Users/chrishafley/projects/rust-analyzer/crates/ide-assists/src/handlers/generate_function.rs
/Users/chrishafley/projects/rust-analyzer/crates/ide-assists/src/handlers/generate_getter_or_setter.rs
/Users/chrishafley/projects/rust-analyzer/crates/ide-assists/src/handlers/generate_impl.rs
@@
crates/ide-assists[b][a]	0	/Users/chrishafley/projects/rust-analyzer/crates/ide-assists/src/handlers/generate_is_empty_from_len.rs
/Users/chrishafley/projects/rust-analyzer/crates/ide-assists/src/handlers/generate_mut_trait_impl.rs
/Users/chrishafley/projects/rust-analyzer/crates/ide-assists/src/handlers/generate_new.rs
/Users/chrishafley/projects/rust-analyzer/crates/ide-assists/src/handlers/generate_single_field_struct_from.rs
/Users/chrishafley/projects/rust-analyzer/crates/ide-assists/src/handlers/generate_trait_from_impl.rs
/Users/chrishafley/projects/rust-analyzer/crates/ide-assists/src/handlers/inline_call.rs
/Users/chrishafley/projects/rust-analyzer/crates/ide-assists/src/handlers/inline_const_as_literal.rs
/Users/chrishafley/projects/rust-analyzer/crates/ide-assists/src/handlers/inline_local_variable.rs
/Users/chrishafley/projects/rust-analyzer/crates/ide-assists/src/handlers/inline_macro.rs
/Users/chrishafley/projects/rust-analyzer/crates/ide-assists/src/handlers/inline_type_alias.rs
/Users/chrishafley/projects/rust-analyzer/crates/ide-assists/src/handlers/into_to_qualified_from.rs
/Users/chrishafley/projects/rust-analyzer/crates/ide-assists/src/handlers/introduce_named_lifetime.rs
/Users/chrishafley/projects/rust-analyzer/crates/ide-assists/src/handlers/introduce_named_type_parameter.rs
/Users/chrishafley/projects/rust-analyzer/crates/ide-assists/src/handlers/invert_if.rs
/Users/chrishafley/projects/rust-analyzer/crates/ide-assists/src/handlers/merge_imports.rs
/Users/chrishafley/projects/rust-analyzer/crates/ide-assists/src/handlers/merge_match_arms.rs
/Users/chrishafley/projects/rust-analyzer/crates/ide-assists/src/handlers/merge_nested_if.rs
/Users/chrishafley/projects/rust-analyzer/crates/ide-assists/src/handlers/move_bounds.rs
/Users/chrishafley/projects/rust-analyzer/crates/ide-assists/src/handlers/move_const_to_impl.rs
/Users/chrishafley/projects/rust-analyzer/crates/ide-assists/src/handlers/move_from_mod_rs.rs
/Users/chrishafley/projects/rust-analyzer/crates/ide-assists/src/handlers/move_guard.rs
/Users/chrishafley/projects/rust-analyzer/crates/ide-assists/src/handlers/move_module_to_file.rs
/Users/chrishafley/projects/rust-analyzer/crates/ide-assists/src/handlers/move_to_mod_rs.rs
/Users/chrishafley/projects/rust-analyzer/crates/ide-assists/src/handlers/normalize_import.rs
/Users/chrishafley/projects/rust-analyzer/crates/ide-assists/src/handlers/number_representation.rs
/Users/chrishafley/projects/rust-analyzer/crates/ide-assists/src/handlers/promote_local_to_const.rs
/Users/chrishafley/projects/rust-analyzer/crates/ide-assists/src/handlers/pull_assignment_up.rs
/Users/chrishafley/projects/rust-analyzer/crates/ide-assists/src/handlers/qualify_method_call.rs
/Users/chrishafley/projects/rust-analyzer/crates/ide-assists/src/handlers/qualify_path.rs
/Users/chrishafley/projects/rust-analyzer/crates/ide-assists/src/handlers/raw_string.rs
/Users/chrishafley/projects/rust-analyzer/crates/ide-assists/src/handlers/remove_dbg.rs
/Users/chrishafley/projects/rust-analyzer/crates/ide-assists/src/handlers/remove_else_branches.rs
/Users/chrishafley/projects/rust-analyzer/crates/ide-assists/src/handlers/remove_mut.rs
/Users/chrishafley/projects/rust-analyzer/crates/ide-assists/src/handlers/remove_parentheses.rs
/Users/chrishafley/projects/rust-analyzer/crates/ide-assists/src/handlers/remove_underscore.rs
@@
crates/ide-assists[b][b]	0	/Users/chrishafley/projects/rust-analyzer/crates/ide-assists/src/handlers/remove_unused_imports.rs
/Users/chrishafley/projects/rust-analyzer/crates/ide-assists/src/handlers/remove_unused_param.rs
/Users/chrishafley/projects/rust-analyzer/crates/ide-assists/src/handlers/reorder_fields.rs
/Users/chrishafley/projects/rust-analyzer/crates/ide-assists/src/handlers/reorder_impl_items.rs
/Users/chrishafley/projects/rust-analyzer/crates/ide-assists/src/handlers/replace_arith_op.rs
/Users/chrishafley/projects/rust-analyzer/crates/ide-assists/src/handlers/replace_derive_with_manual_impl.rs
/Users/chrishafley/projects/rust-analyzer/crates/ide-assists/src/handlers/replace_if_let_with_match.rs
/Users/chrishafley/projects/rust-analyzer/crates/ide-assists/src/handlers/replace_is_method_with_if_let_method.rs
/Users/chrishafley/projects/rust-analyzer/crates/ide-assists/src/handlers/replace_let_with_if_let.rs
/Users/chrishafley/projects/rust-analyzer/crates/ide-assists/src/handlers/replace_method_eager_lazy.rs
/Users/chrishafley/projects/rust-analyzer/crates/ide-assists/src/handlers/replace_named_generic_with_impl.rs
/Users/chrishafley/projects/rust-analyzer/crates/ide-assists/src/handlers/replace_qualified_name_with_use.rs
/Users/chrishafley/projects/rust-analyzer/crates/ide-assists/src/handlers/replace_string_with_char.rs
/Users/chrishafley/projects/rust-analyzer/crates/ide-assists/src/handlers/replace_turbofish_with_explicit_type.rs
/Users/chrishafley/projects/rust-analyzer/crates/ide-assists/src/handlers/sort_items.rs
/Users/chrishafley/projects/rust-analyzer/crates/ide-assists/src/handlers/split_import.rs
/Users/chrishafley/projects/rust-analyzer/crates/ide-assists/src/handlers/term_search.rs
/Users/chrishafley/projects/rust-analyzer/crates/ide-assists/src/handlers/toggle_async_sugar.rs
/Users/chrishafley/projects/rust-analyzer/crates/ide-assists/src/handlers/toggle_ignore.rs
/Users/chrishafley/projects/rust-analyzer/crates/ide-assists/src/handlers/toggle_macro_delimiter.rs
/Users/chrishafley/projects/rust-analyzer/crates/ide-assists/src/handlers/unmerge_imports.rs
/Users/chrishafley/projects/rust-analyzer/crates/ide-assists/src/handlers/unmerge_match_arm.rs
/Users/chrishafley/projects/rust-analyzer/crates/ide-assists/src/handlers/unnecessary_async.rs
/Users/chrishafley/projects/rust-analyzer/crates/ide-assists/src/handlers/unqualify_method_call.rs
/Users/chrishafley/projects/rust-analyzer/crates/ide-assists/src/handlers/unwrap_branch.rs
/Users/chrishafley/projects/rust-analyzer/crates/ide-assists/src/handlers/unwrap_return_type.rs
/Users/chrishafley/projects/rust-analyzer/crates/ide-assists/src/handlers/unwrap_tuple.rs
/Users/chrishafley/projects/rust-analyzer/crates/ide-assists/src/handlers/unwrap_type_to_generic_arg.rs
/Users/chrishafley/projects/rust-analyzer/crates/ide-assists/src/handlers/wrap_return_type.rs
/Users/chrishafley/projects/rust-analyzer/crates/ide-assists/src/handlers/wrap_unwrap_cfg_attr.rs
/Users/chrishafley/projects/rust-analyzer/crates/ide-assists/src/lib.rs
/Users/chrishafley/projects/rust-analyzer/crates/ide-assists/src/tests.rs
/Users/chrishafley/projects/rust-analyzer/crates/ide-assists/src/tests/generated.rs
/Users/chrishafley/projects/rust-analyzer/crates/ide-assists/src/utils.rs
/Users/chrishafley/projects/rust-analyzer/crates/ide-assists/src/utils/gen_trait_fn_body.rs
/Users/chrishafley/projects/rust-analyzer/crates/ide-assists/src/utils/ref_field_expr.rs
@@
crates/ide-completion	0	/Users/chrishafley/projects/rust-analyzer/crates/ide-completion/src/completions.rs
/Users/chrishafley/projects/rust-analyzer/crates/ide-completion/src/completions/attribute.rs
/Users/chrishafley/projects/rust-analyzer/crates/ide-completion/src/completions/attribute/cfg.rs
/Users/chrishafley/projects/rust-analyzer/crates/ide-completion/src/completions/attribute/derive.rs
/Users/chrishafley/projects/rust-analyzer/crates/ide-completion/src/completions/attribute/diagnostic.rs
/Users/chrishafley/projects/rust-analyzer/crates/ide-completion/src/completions/attribute/feature.rs
/Users/chrishafley/projects/rust-analyzer/crates/ide-completion/src/completions/attribute/lint.rs
/Users/chrishafley/projects/rust-analyzer/crates/ide-completion/src/completions/attribute/macro_use.rs
/Users/chrishafley/projects/rust-analyzer/crates/ide-completion/src/completions/attribute/repr.rs
/Users/chrishafley/projects/rust-analyzer/crates/ide-completion/src/completions/dot.rs
/Users/chrishafley/projects/rust-analyzer/crates/ide-completion/src/completions/env_vars.rs
/Users/chrishafley/projects/rust-analyzer/crates/ide-completion/src/completions/expr.rs
/Users/chrishafley/projects/rust-analyzer/crates/ide-completion/src/completions/extern_abi.rs
/Users/chrishafley/projects/rust-analyzer/crates/ide-completion/src/completions/extern_crate.rs
/Users/chrishafley/projects/rust-analyzer/crates/ide-completion/src/completions/field.rs
/Users/chrishafley/projects/rust-analyzer/crates/ide-completion/src/completions/flyimport.rs
/Users/chrishafley/projects/rust-analyzer/crates/ide-completion/src/completions/fn_param.rs
/Users/chrishafley/projects/rust-analyzer/crates/ide-completion/src/completions/format_string.rs
/Users/chrishafley/projects/rust-analyzer/crates/ide-completion/src/completions/item_list.rs
/Users/chrishafley/projects/rust-analyzer/crates/ide-completion/src/completions/item_list/trait_impl.rs
/Users/chrishafley/projects/rust-analyzer/crates/ide-completion/src/completions/keyword.rs
/Users/chrishafley/projects/rust-analyzer/crates/ide-completion/src/completions/lifetime.rs
/Users/chrishafley/projects/rust-analyzer/crates/ide-completion/src/completions/macro_def.rs
/Users/chrishafley/projects/rust-analyzer/crates/ide-completion/src/completions/mod_.rs
/Users/chrishafley/projects/rust-analyzer/crates/ide-completion/src/completions/pattern.rs
/Users/chrishafley/projects/rust-analyzer/crates/ide-completion/src/completions/postfix.rs
/Users/chrishafley/projects/rust-analyzer/crates/ide-completion/src/completions/postfix/format_like.rs
/Users/chrishafley/projects/rust-analyzer/crates/ide-completion/src/completions/ra_fixture.rs
/Users/chrishafley/projects/rust-analyzer/crates/ide-completion/src/completions/record.rs
/Users/chrishafley/projects/rust-analyzer/crates/ide-completion/src/completions/snippet.rs
/Users/chrishafley/projects/rust-analyzer/crates/ide-completion/src/completions/type.rs
/Users/chrishafley/projects/rust-analyzer/crates/ide-completion/src/completions/use_.rs
/Users/chrishafley/projects/rust-analyzer/crates/ide-completion/src/completions/vis.rs
/Users/chrishafley/projects/rust-analyzer/crates/ide-completion/src/config.rs
/Users/chrishafley/projects/rust-analyzer/crates/ide-completion/src/context.rs
/Users/chrishafley/projects/rust-analyzer/crates/ide-completion/src/context/analysis.rs
/Users/chrishafley/projects/rust-analyzer/crates/ide-completion/src/context/tests.rs
/Users/chrishafley/projects/rust-analyzer/crates/ide-completion/src/item.rs
/Users/chrishafley/projects/rust-analyzer/crates/ide-completion/src/lib.rs
/Users/chrishafley/projects/rust-analyzer/crates/ide-completion/src/render.rs
/Users/chrishafley/projects/rust-analyzer/crates/ide-completion/src/render/const_.rs
/Users/chrishafley/projects/rust-analyzer/crates/ide-completion/src/render/function.rs
/Users/chrishafley/projects/rust-analyzer/crates/ide-completion/src/render/literal.rs
/Users/chrishafley/projects/rust-analyzer/crates/ide-completion/src/render/macro_.rs
/Users/chrishafley/projects/rust-analyzer/crates/ide-completion/src/render/pattern.rs
/Users/chrishafley/projects/rust-analyzer/crates/ide-completion/src/render/type_alias.rs
/Users/chrishafley/projects/rust-analyzer/crates/ide-completion/src/render/union_literal.rs
/Users/chrishafley/projects/rust-analyzer/crates/ide-completion/src/render/variant.rs
/Users/chrishafley/projects/rust-analyzer/crates/ide-completion/src/snippet.rs
/Users/chrishafley/projects/rust-analyzer/crates/ide-completion/src/tests.rs
/Users/chrishafley/projects/rust-analyzer/crates/ide-completion/src/tests/attribute.rs
/Users/chrishafley/projects/rust-analyzer/crates/ide-completion/src/tests/expression.rs
/Users/chrishafley/projects/rust-analyzer/crates/ide-completion/src/tests/flyimport.rs
/Users/chrishafley/projects/rust-analyzer/crates/ide-completion/src/tests/fn_param.rs
/Users/chrishafley/projects/rust-analyzer/crates/ide-completion/src/tests/item.rs
/Users/chrishafley/projects/rust-analyzer/crates/ide-completion/src/tests/item_list.rs
/Users/chrishafley/projects/rust-analyzer/crates/ide-completion/src/tests/pattern.rs
/Users/chrishafley/projects/rust-analyzer/crates/ide-completion/src/tests/predicate.rs
/Users/chrishafley/projects/rust-analyzer/crates/ide-completion/src/tests/proc_macros.rs
/Users/chrishafley/projects/rust-analyzer/crates/ide-completion/src/tests/raw_identifiers.rs
/Users/chrishafley/projects/rust-analyzer/crates/ide-completion/src/tests/record.rs
/Users/chrishafley/projects/rust-analyzer/crates/ide-completion/src/tests/special.rs
/Users/chrishafley/projects/rust-analyzer/crates/ide-completion/src/tests/type_pos.rs
/Users/chrishafley/projects/rust-analyzer/crates/ide-completion/src/tests/use_tree.rs
/Users/chrishafley/projects/rust-analyzer/crates/ide-completion/src/tests/visibility.rs
@@
crates/ide-db[a]	0	/Users/chrishafley/projects/rust-analyzer/crates/ide-db/src/active_parameter.rs
/Users/chrishafley/projects/rust-analyzer/crates/ide-db/src/apply_change.rs
/Users/chrishafley/projects/rust-analyzer/crates/ide-db/src/assists.rs
/Users/chrishafley/projects/rust-analyzer/crates/ide-db/src/defs.rs
/Users/chrishafley/projects/rust-analyzer/crates/ide-db/src/documentation.rs
/Users/chrishafley/projects/rust-analyzer/crates/ide-db/src/famous_defs.rs
/Users/chrishafley/projects/rust-analyzer/crates/ide-db/src/generated/lints.rs
/Users/chrishafley/projects/rust-analyzer/crates/ide-db/src/helpers.rs
/Users/chrishafley/projects/rust-analyzer/crates/ide-db/src/imports/import_assets.rs
/Users/chrishafley/projects/rust-analyzer/crates/ide-db/src/imports/insert_use.rs
/Users/chrishafley/projects/rust-analyzer/crates/ide-db/src/imports/insert_use/tests.rs
/Users/chrishafley/projects/rust-analyzer/crates/ide-db/src/imports/merge_imports.rs
/Users/chrishafley/projects/rust-analyzer/crates/ide-db/src/items_locator.rs
/Users/chrishafley/projects/rust-analyzer/crates/ide-db/src/label.rs
/Users/chrishafley/projects/rust-analyzer/crates/ide-db/src/lib.rs
/Users/chrishafley/projects/rust-analyzer/crates/ide-db/src/path_transform.rs
@@
crates/ide-db[b]	0	/Users/chrishafley/projects/rust-analyzer/crates/ide-db/src/prime_caches.rs
/Users/chrishafley/projects/rust-analyzer/crates/ide-db/src/ra_fixture.rs
/Users/chrishafley/projects/rust-analyzer/crates/ide-db/src/range_mapper.rs
/Users/chrishafley/projects/rust-analyzer/crates/ide-db/src/rename.rs
/Users/chrishafley/projects/rust-analyzer/crates/ide-db/src/rust_doc.rs
/Users/chrishafley/projects/rust-analyzer/crates/ide-db/src/search.rs
/Users/chrishafley/projects/rust-analyzer/crates/ide-db/src/source_change.rs
/Users/chrishafley/projects/rust-analyzer/crates/ide-db/src/symbol_index.rs
/Users/chrishafley/projects/rust-analyzer/crates/ide-db/src/syntax_helpers/format_string.rs
/Users/chrishafley/projects/rust-analyzer/crates/ide-db/src/syntax_helpers/format_string_exprs.rs
/Users/chrishafley/projects/rust-analyzer/crates/ide-db/src/syntax_helpers/node_ext.rs
/Users/chrishafley/projects/rust-analyzer/crates/ide-db/src/syntax_helpers/suggest_name.rs
/Users/chrishafley/projects/rust-analyzer/crates/ide-db/src/syntax_helpers/tree_diff.rs
/Users/chrishafley/projects/rust-analyzer/crates/ide-db/src/text_edit.rs
/Users/chrishafley/projects/rust-analyzer/crates/ide-db/src/traits.rs
/Users/chrishafley/projects/rust-analyzer/crates/ide-db/src/ty_filter.rs
/Users/chrishafley/projects/rust-analyzer/crates/ide-db/src/use_trivial_constructor.rs
@@
crates/ide-diagnostics	0	/Users/chrishafley/projects/rust-analyzer/crates/ide-diagnostics/src/handlers/array_pattern_without_fixed_length.rs
/Users/chrishafley/projects/rust-analyzer/crates/ide-diagnostics/src/handlers/await_outside_of_async.rs
/Users/chrishafley/projects/rust-analyzer/crates/ide-diagnostics/src/handlers/bad_rtn.rs
/Users/chrishafley/projects/rust-analyzer/crates/ide-diagnostics/src/handlers/break_outside_of_loop.rs
/Users/chrishafley/projects/rust-analyzer/crates/ide-diagnostics/src/handlers/cannot_be_dereferenced.rs
/Users/chrishafley/projects/rust-analyzer/crates/ide-diagnostics/src/handlers/cannot_implicitly_deref_trait_object.rs
/Users/chrishafley/projects/rust-analyzer/crates/ide-diagnostics/src/handlers/cannot_index_into.rs
/Users/chrishafley/projects/rust-analyzer/crates/ide-diagnostics/src/handlers/duplicate_field.rs
/Users/chrishafley/projects/rust-analyzer/crates/ide-diagnostics/src/handlers/elided_lifetimes_in_path.rs
/Users/chrishafley/projects/rust-analyzer/crates/ide-diagnostics/src/handlers/expected_array_or_slice_pat.rs
/Users/chrishafley/projects/rust-analyzer/crates/ide-diagnostics/src/handlers/expected_function.rs
/Users/chrishafley/projects/rust-analyzer/crates/ide-diagnostics/src/handlers/explicit_drop_method_use.rs
/Users/chrishafley/projects/rust-analyzer/crates/ide-diagnostics/src/handlers/field_shorthand.rs
/Users/chrishafley/projects/rust-analyzer/crates/ide-diagnostics/src/handlers/fru_in_destructuring_assignment.rs
/Users/chrishafley/projects/rust-analyzer/crates/ide-diagnostics/src/handlers/functional_record_update_on_non_struct.rs
/Users/chrishafley/projects/rust-analyzer/crates/ide-diagnostics/src/handlers/generic_args_prohibited.rs
/Users/chrishafley/projects/rust-analyzer/crates/ide-diagnostics/src/handlers/generic_default_refers_to_self.rs
/Users/chrishafley/projects/rust-analyzer/crates/ide-diagnostics/src/handlers/inactive_code.rs
/Users/chrishafley/projects/rust-analyzer/crates/ide-diagnostics/src/handlers/incoherent_impl.rs
/Users/chrishafley/projects/rust-analyzer/crates/ide-diagnostics/src/handlers/incorrect_case.rs
/Users/chrishafley/projects/rust-analyzer/crates/ide-diagnostics/src/handlers/incorrect_generics_len.rs
/Users/chrishafley/projects/rust-analyzer/crates/ide-diagnostics/src/handlers/incorrect_generics_order.rs
/Users/chrishafley/projects/rust-analyzer/crates/ide-diagnostics/src/handlers/infer_vars_not_allowed.rs
/Users/chrishafley/projects/rust-analyzer/crates/ide-diagnostics/src/handlers/invalid_cast.rs
/Users/chrishafley/projects/rust-analyzer/crates/ide-diagnostics/src/handlers/invalid_derive_target.rs
/Users/chrishafley/projects/rust-analyzer/crates/ide-diagnostics/src/handlers/invalid_lhs_of_assignment.rs
/Users/chrishafley/projects/rust-analyzer/crates/ide-diagnostics/src/handlers/invalid_range_pat_type.rs
/Users/chrishafley/projects/rust-analyzer/crates/ide-diagnostics/src/handlers/json_is_not_rust.rs
/Users/chrishafley/projects/rust-analyzer/crates/ide-diagnostics/src/handlers/macro_error.rs
/Users/chrishafley/projects/rust-analyzer/crates/ide-diagnostics/src/handlers/malformed_derive.rs
/Users/chrishafley/projects/rust-analyzer/crates/ide-diagnostics/src/handlers/method_call_illegal_sized_bound.rs
/Users/chrishafley/projects/rust-analyzer/crates/ide-diagnostics/src/handlers/mismatched_arg_count.rs
/Users/chrishafley/projects/rust-analyzer/crates/ide-diagnostics/src/handlers/mismatched_array_pat_len.rs
/Users/chrishafley/projects/rust-analyzer/crates/ide-diagnostics/src/handlers/missing_fields.rs
/Users/chrishafley/projects/rust-analyzer/crates/ide-diagnostics/src/handlers/missing_lifetime.rs
/Users/chrishafley/projects/rust-analyzer/crates/ide-diagnostics/src/handlers/missing_match_arms.rs
/Users/chrishafley/projects/rust-analyzer/crates/ide-diagnostics/src/handlers/missing_unsafe.rs
/Users/chrishafley/projects/rust-analyzer/crates/ide-diagnostics/src/handlers/mut_ref_in_imm_ref_pat.rs
/Users/chrishafley/projects/rust-analyzer/crates/ide-diagnostics/src/handlers/mutable_ref.rs
/Users/chrishafley/projects/rust-analyzer/crates/ide-diagnostics/src/handlers/no_such_field.rs
/Users/chrishafley/projects/rust-analyzer/crates/ide-diagnostics/src/handlers/non_exhaustive_let.rs
/Users/chrishafley/projects/rust-analyzer/crates/ide-diagnostics/src/handlers/non_exhaustive_record_expr.rs
/Users/chrishafley/projects/rust-analyzer/crates/ide-diagnostics/src/handlers/non_exhaustive_record_pat.rs
/Users/chrishafley/projects/rust-analyzer/crates/ide-diagnostics/src/handlers/parenthesized_generic_args_without_fn_trait.rs
/Users/chrishafley/projects/rust-analyzer/crates/ide-diagnostics/src/handlers/pattern_arg_in_extern_fn.rs
/Users/chrishafley/projects/rust-analyzer/crates/ide-diagnostics/src/handlers/private_assoc_item.rs
/Users/chrishafley/projects/rust-analyzer/crates/ide-diagnostics/src/handlers/private_field.rs
/Users/chrishafley/projects/rust-analyzer/crates/ide-diagnostics/src/handlers/remove_trailing_return.rs
/Users/chrishafley/projects/rust-analyzer/crates/ide-diagnostics/src/handlers/remove_unnecessary_else.rs
/Users/chrishafley/projects/rust-analyzer/crates/ide-diagnostics/src/handlers/replace_filter_map_next_with_find_map.rs
/Users/chrishafley/projects/rust-analyzer/crates/ide-diagnostics/src/handlers/return_outside_function.rs
/Users/chrishafley/projects/rust-analyzer/crates/ide-diagnostics/src/handlers/trait_impl_incorrect_safety.rs
/Users/chrishafley/projects/rust-analyzer/crates/ide-diagnostics/src/handlers/trait_impl_missing_assoc_item.rs
/Users/chrishafley/projects/rust-analyzer/crates/ide-diagnostics/src/handlers/trait_impl_orphan.rs
/Users/chrishafley/projects/rust-analyzer/crates/ide-diagnostics/src/handlers/trait_impl_redundant_assoc_item.rs
/Users/chrishafley/projects/rust-analyzer/crates/ide-diagnostics/src/handlers/type_mismatch.rs
/Users/chrishafley/projects/rust-analyzer/crates/ide-diagnostics/src/handlers/type_must_be_known.rs
/Users/chrishafley/projects/rust-analyzer/crates/ide-diagnostics/src/handlers/typed_hole.rs
/Users/chrishafley/projects/rust-analyzer/crates/ide-diagnostics/src/handlers/unary_operator_cannot_be_applied.rs
/Users/chrishafley/projects/rust-analyzer/crates/ide-diagnostics/src/handlers/undeclared_label.rs
/Users/chrishafley/projects/rust-analyzer/crates/ide-diagnostics/src/handlers/unimplemented_builtin_macro.rs
/Users/chrishafley/projects/rust-analyzer/crates/ide-diagnostics/src/handlers/unimplemented_trait.rs
/Users/chrishafley/projects/rust-analyzer/crates/ide-diagnostics/src/handlers/union_expr_must_have_exactly_one_field.rs
/Users/chrishafley/projects/rust-analyzer/crates/ide-diagnostics/src/handlers/union_pat_has_rest.rs
/Users/chrishafley/projects/rust-analyzer/crates/ide-diagnostics/src/handlers/union_pat_must_have_exactly_one_field.rs
/Users/chrishafley/projects/rust-analyzer/crates/ide-diagnostics/src/handlers/unlinked_file.rs
/Users/chrishafley/projects/rust-analyzer/crates/ide-diagnostics/src/handlers/unreachable_label.rs
/Users/chrishafley/projects/rust-analyzer/crates/ide-diagnostics/src/handlers/unresolved_assoc_item.rs
/Users/chrishafley/projects/rust-analyzer/crates/ide-diagnostics/src/handlers/unresolved_extern_crate.rs
/Users/chrishafley/projects/rust-analyzer/crates/ide-diagnostics/src/handlers/unresolved_field.rs
/Users/chrishafley/projects/rust-analyzer/crates/ide-diagnostics/src/handlers/unresolved_ident.rs
/Users/chrishafley/projects/rust-analyzer/crates/ide-diagnostics/src/handlers/unresolved_import.rs
/Users/chrishafley/projects/rust-analyzer/crates/ide-diagnostics/src/handlers/unresolved_macro_call.rs
/Users/chrishafley/projects/rust-analyzer/crates/ide-diagnostics/src/handlers/unresolved_method.rs
/Users/chrishafley/projects/rust-analyzer/crates/ide-diagnostics/src/handlers/unresolved_module.rs
/Users/chrishafley/projects/rust-analyzer/crates/ide-diagnostics/src/handlers/unused_must_use.rs
/Users/chrishafley/projects/rust-analyzer/crates/ide-diagnostics/src/handlers/useless_braces.rs
/Users/chrishafley/projects/rust-analyzer/crates/ide-diagnostics/src/handlers/yield_outside_coroutine.rs
/Users/chrishafley/projects/rust-analyzer/crates/ide-diagnostics/src/lib.rs
/Users/chrishafley/projects/rust-analyzer/crates/ide-diagnostics/src/tests.rs
/Users/chrishafley/projects/rust-analyzer/crates/ide-diagnostics/src/tests/overly_long_real_world_cases.rs
@@
crates/ide-ssr	0	/Users/chrishafley/projects/rust-analyzer/crates/ide-ssr/src/errors.rs
/Users/chrishafley/projects/rust-analyzer/crates/ide-ssr/src/fragments.rs
/Users/chrishafley/projects/rust-analyzer/crates/ide-ssr/src/from_comment.rs
/Users/chrishafley/projects/rust-analyzer/crates/ide-ssr/src/lib.rs
/Users/chrishafley/projects/rust-analyzer/crates/ide-ssr/src/matching.rs
/Users/chrishafley/projects/rust-analyzer/crates/ide-ssr/src/nester.rs
/Users/chrishafley/projects/rust-analyzer/crates/ide-ssr/src/parsing.rs
/Users/chrishafley/projects/rust-analyzer/crates/ide-ssr/src/replacing.rs
/Users/chrishafley/projects/rust-analyzer/crates/ide-ssr/src/resolving.rs
/Users/chrishafley/projects/rust-analyzer/crates/ide-ssr/src/search.rs
/Users/chrishafley/projects/rust-analyzer/crates/ide-ssr/src/tests.rs
@@
crates/intern	0	/Users/chrishafley/projects/rust-analyzer/crates/intern/src/gc.rs
/Users/chrishafley/projects/rust-analyzer/crates/intern/src/intern.rs
/Users/chrishafley/projects/rust-analyzer/crates/intern/src/intern_slice.rs
/Users/chrishafley/projects/rust-analyzer/crates/intern/src/lib.rs
/Users/chrishafley/projects/rust-analyzer/crates/intern/src/symbol.rs
/Users/chrishafley/projects/rust-analyzer/crates/intern/src/symbol/symbols.rs
@@
crates/load-cargo	0	/Users/chrishafley/projects/rust-analyzer/crates/load-cargo/src/lib.rs
@@
crates/macros	0	/Users/chrishafley/projects/rust-analyzer/crates/macros/src/lib.rs
@@
crates/mbe	0	/Users/chrishafley/projects/rust-analyzer/crates/mbe/src/benchmark.rs
/Users/chrishafley/projects/rust-analyzer/crates/mbe/src/expander.rs
/Users/chrishafley/projects/rust-analyzer/crates/mbe/src/expander/matcher.rs
/Users/chrishafley/projects/rust-analyzer/crates/mbe/src/expander/transcriber.rs
/Users/chrishafley/projects/rust-analyzer/crates/mbe/src/lib.rs
/Users/chrishafley/projects/rust-analyzer/crates/mbe/src/macro_call_style.rs
/Users/chrishafley/projects/rust-analyzer/crates/mbe/src/parser.rs
/Users/chrishafley/projects/rust-analyzer/crates/mbe/src/tests.rs
@@
crates/parser	0	/Users/chrishafley/projects/rust-analyzer/crates/parser/src/event.rs
/Users/chrishafley/projects/rust-analyzer/crates/parser/src/frontmatter.rs
/Users/chrishafley/projects/rust-analyzer/crates/parser/src/grammar.rs
/Users/chrishafley/projects/rust-analyzer/crates/parser/src/grammar/attributes.rs
/Users/chrishafley/projects/rust-analyzer/crates/parser/src/grammar/expressions.rs
/Users/chrishafley/projects/rust-analyzer/crates/parser/src/grammar/expressions/atom.rs
/Users/chrishafley/projects/rust-analyzer/crates/parser/src/grammar/generic_args.rs
/Users/chrishafley/projects/rust-analyzer/crates/parser/src/grammar/generic_params.rs
/Users/chrishafley/projects/rust-analyzer/crates/parser/src/grammar/items.rs
/Users/chrishafley/projects/rust-analyzer/crates/parser/src/grammar/items/adt.rs
/Users/chrishafley/projects/rust-analyzer/crates/parser/src/grammar/items/consts.rs
/Users/chrishafley/projects/rust-analyzer/crates/parser/src/grammar/items/traits.rs
/Users/chrishafley/projects/rust-analyzer/crates/parser/src/grammar/items/use_item.rs
/Users/chrishafley/projects/rust-analyzer/crates/parser/src/grammar/params.rs
/Users/chrishafley/projects/rust-analyzer/crates/parser/src/grammar/paths.rs
/Users/chrishafley/projects/rust-analyzer/crates/parser/src/grammar/patterns.rs
/Users/chrishafley/projects/rust-analyzer/crates/parser/src/grammar/types.rs
/Users/chrishafley/projects/rust-analyzer/crates/parser/src/input.rs
/Users/chrishafley/projects/rust-analyzer/crates/parser/src/lexed_str.rs
/Users/chrishafley/projects/rust-analyzer/crates/parser/src/lib.rs
/Users/chrishafley/projects/rust-analyzer/crates/parser/src/output.rs
/Users/chrishafley/projects/rust-analyzer/crates/parser/src/parser.rs
/Users/chrishafley/projects/rust-analyzer/crates/parser/src/shortcuts.rs
/Users/chrishafley/projects/rust-analyzer/crates/parser/src/syntax_kind.rs
/Users/chrishafley/projects/rust-analyzer/crates/parser/src/syntax_kind/generated.rs
/Users/chrishafley/projects/rust-analyzer/crates/parser/src/tests.rs
/Users/chrishafley/projects/rust-analyzer/crates/parser/src/tests/prefix_entries.rs
/Users/chrishafley/projects/rust-analyzer/crates/parser/src/tests/top_entries.rs
/Users/chrishafley/projects/rust-analyzer/crates/parser/src/token_set.rs
@@
crates/paths	0	/Users/chrishafley/projects/rust-analyzer/crates/paths/src/lib.rs
@@
crates/proc-macro-api	0	/Users/chrishafley/projects/rust-analyzer/crates/proc-macro-api/src/bidirectional_protocol.rs
/Users/chrishafley/projects/rust-analyzer/crates/proc-macro-api/src/bidirectional_protocol/msg.rs
/Users/chrishafley/projects/rust-analyzer/crates/proc-macro-api/src/legacy_protocol.rs
/Users/chrishafley/projects/rust-analyzer/crates/proc-macro-api/src/legacy_protocol/msg.rs
/Users/chrishafley/projects/rust-analyzer/crates/proc-macro-api/src/legacy_protocol/msg/flat.rs
/Users/chrishafley/projects/rust-analyzer/crates/proc-macro-api/src/lib.rs
/Users/chrishafley/projects/rust-analyzer/crates/proc-macro-api/src/pool.rs
/Users/chrishafley/projects/rust-analyzer/crates/proc-macro-api/src/process.rs
/Users/chrishafley/projects/rust-analyzer/crates/proc-macro-api/src/transport.rs
/Users/chrishafley/projects/rust-analyzer/crates/proc-macro-api/src/transport/json.rs
/Users/chrishafley/projects/rust-analyzer/crates/proc-macro-api/src/transport/postcard.rs
@@
crates/proc-macro-srv	0	/Users/chrishafley/projects/rust-analyzer/crates/proc-macro-srv/src/bridge.rs
/Users/chrishafley/projects/rust-analyzer/crates/proc-macro-srv/src/dylib.rs
/Users/chrishafley/projects/rust-analyzer/crates/proc-macro-srv/src/dylib/proc_macros.rs
/Users/chrishafley/projects/rust-analyzer/crates/proc-macro-srv/src/lib.rs
/Users/chrishafley/projects/rust-analyzer/crates/proc-macro-srv/src/server_impl.rs
/Users/chrishafley/projects/rust-analyzer/crates/proc-macro-srv/src/server_impl/rust_analyzer_span.rs
/Users/chrishafley/projects/rust-analyzer/crates/proc-macro-srv/src/server_impl/token_id.rs
/Users/chrishafley/projects/rust-analyzer/crates/proc-macro-srv/src/tests/mod.rs
/Users/chrishafley/projects/rust-analyzer/crates/proc-macro-srv/src/tests/utils.rs
/Users/chrishafley/projects/rust-analyzer/crates/proc-macro-srv/src/token_stream.rs
@@
crates/proc-macro-srv-cli	0	/Users/chrishafley/projects/rust-analyzer/crates/proc-macro-srv-cli/src/lib.rs
/Users/chrishafley/projects/rust-analyzer/crates/proc-macro-srv-cli/src/main.rs
/Users/chrishafley/projects/rust-analyzer/crates/proc-macro-srv-cli/src/main_loop.rs
/Users/chrishafley/projects/rust-analyzer/crates/proc-macro-srv-cli/src/version.rs
@@
crates/proc-macro-srv-cli/build.rs	0	/Users/chrishafley/projects/rust-analyzer/crates/proc-macro-srv-cli/build.rs
@@
crates/proc-macro-srv-cli/tests/bidirectional_postcard.rs	0	/Users/chrishafley/projects/rust-analyzer/crates/proc-macro-srv-cli/tests/bidirectional_postcard.rs
@@
crates/proc-macro-srv-cli/tests/common/utils.rs	0	/Users/chrishafley/projects/rust-analyzer/crates/proc-macro-srv-cli/tests/common/utils.rs
@@
crates/proc-macro-srv-cli/tests/legacy_json.rs	0	/Users/chrishafley/projects/rust-analyzer/crates/proc-macro-srv-cli/tests/legacy_json.rs
@@
crates/proc-macro-srv/build.rs	0	/Users/chrishafley/projects/rust-analyzer/crates/proc-macro-srv/build.rs
@@
crates/proc-macro-srv/proc-macro-test	0	/Users/chrishafley/projects/rust-analyzer/crates/proc-macro-srv/proc-macro-test/src/lib.rs
@@
crates/proc-macro-srv/proc-macro-test/build.rs	0	/Users/chrishafley/projects/rust-analyzer/crates/proc-macro-srv/proc-macro-test/build.rs
@@
crates/proc-macro-srv/proc-macro-test/imp	0	/Users/chrishafley/projects/rust-analyzer/crates/proc-macro-srv/proc-macro-test/imp/src/lib.rs
@@
crates/proc-macro-srv/proc-macro-test/imp/build.rs	0	/Users/chrishafley/projects/rust-analyzer/crates/proc-macro-srv/proc-macro-test/imp/build.rs
@@
crates/profile	0	/Users/chrishafley/projects/rust-analyzer/crates/profile/src/google_cpu_profiler.rs
/Users/chrishafley/projects/rust-analyzer/crates/profile/src/lib.rs
/Users/chrishafley/projects/rust-analyzer/crates/profile/src/memory_usage.rs
/Users/chrishafley/projects/rust-analyzer/crates/profile/src/stop_watch.rs
@@
crates/project-model	0	/Users/chrishafley/projects/rust-analyzer/crates/project-model/src/build_dependencies.rs
/Users/chrishafley/projects/rust-analyzer/crates/project-model/src/cargo_config_file.rs
/Users/chrishafley/projects/rust-analyzer/crates/project-model/src/cargo_workspace.rs
/Users/chrishafley/projects/rust-analyzer/crates/project-model/src/env.rs
/Users/chrishafley/projects/rust-analyzer/crates/project-model/src/lib.rs
/Users/chrishafley/projects/rust-analyzer/crates/project-model/src/manifest_path.rs
/Users/chrishafley/projects/rust-analyzer/crates/project-model/src/project_json.rs
/Users/chrishafley/projects/rust-analyzer/crates/project-model/src/sysroot.rs
/Users/chrishafley/projects/rust-analyzer/crates/project-model/src/tests.rs
/Users/chrishafley/projects/rust-analyzer/crates/project-model/src/toolchain_info/rustc_cfg.rs
/Users/chrishafley/projects/rust-analyzer/crates/project-model/src/toolchain_info/target_data.rs
/Users/chrishafley/projects/rust-analyzer/crates/project-model/src/toolchain_info/target_tuple.rs
/Users/chrishafley/projects/rust-analyzer/crates/project-model/src/toolchain_info/version.rs
/Users/chrishafley/projects/rust-analyzer/crates/project-model/src/workspace.rs
@@
crates/rust-analyzer[a]	0	/Users/chrishafley/projects/rust-analyzer/crates/rust-analyzer/src/bin/main.rs
/Users/chrishafley/projects/rust-analyzer/crates/rust-analyzer/src/bin/rustc_wrapper.rs
/Users/chrishafley/projects/rust-analyzer/crates/rust-analyzer/src/cli.rs
/Users/chrishafley/projects/rust-analyzer/crates/rust-analyzer/src/cli/analysis_stats.rs
/Users/chrishafley/projects/rust-analyzer/crates/rust-analyzer/src/cli/diagnostics.rs
/Users/chrishafley/projects/rust-analyzer/crates/rust-analyzer/src/cli/flags.rs
/Users/chrishafley/projects/rust-analyzer/crates/rust-analyzer/src/cli/highlight.rs
/Users/chrishafley/projects/rust-analyzer/crates/rust-analyzer/src/cli/lsif.rs
/Users/chrishafley/projects/rust-analyzer/crates/rust-analyzer/src/cli/lsif/vendored.rs
/Users/chrishafley/projects/rust-analyzer/crates/rust-analyzer/src/cli/parse.rs
/Users/chrishafley/projects/rust-analyzer/crates/rust-analyzer/src/cli/prime_caches.rs
/Users/chrishafley/projects/rust-analyzer/crates/rust-analyzer/src/cli/progress_report.rs
/Users/chrishafley/projects/rust-analyzer/crates/rust-analyzer/src/cli/run_tests.rs
/Users/chrishafley/projects/rust-analyzer/crates/rust-analyzer/src/cli/rustc_tests.rs
/Users/chrishafley/projects/rust-analyzer/crates/rust-analyzer/src/cli/scip.rs
/Users/chrishafley/projects/rust-analyzer/crates/rust-analyzer/src/cli/ssr.rs
/Users/chrishafley/projects/rust-analyzer/crates/rust-analyzer/src/cli/symbols.rs
/Users/chrishafley/projects/rust-analyzer/crates/rust-analyzer/src/cli/unresolved_references.rs
/Users/chrishafley/projects/rust-analyzer/crates/rust-analyzer/src/command.rs
/Users/chrishafley/projects/rust-analyzer/crates/rust-analyzer/src/config.rs
/Users/chrishafley/projects/rust-analyzer/crates/rust-analyzer/src/config/patch_old_style.rs
/Users/chrishafley/projects/rust-analyzer/crates/rust-analyzer/src/diagnostics.rs
/Users/chrishafley/projects/rust-analyzer/crates/rust-analyzer/src/diagnostics/flycheck_to_proto.rs
/Users/chrishafley/projects/rust-analyzer/crates/rust-analyzer/src/discover.rs
/Users/chrishafley/projects/rust-analyzer/crates/rust-analyzer/src/flycheck.rs
/Users/chrishafley/projects/rust-analyzer/crates/rust-analyzer/src/global_state.rs
@@
crates/rust-analyzer[b][a]	0	/Users/chrishafley/projects/rust-analyzer/crates/rust-analyzer/src/handlers/dispatch.rs
/Users/chrishafley/projects/rust-analyzer/crates/rust-analyzer/src/handlers/notification.rs
/Users/chrishafley/projects/rust-analyzer/crates/rust-analyzer/src/handlers/request.rs
/Users/chrishafley/projects/rust-analyzer/crates/rust-analyzer/src/integrated_benchmarks.rs
/Users/chrishafley/projects/rust-analyzer/crates/rust-analyzer/src/lib.rs
/Users/chrishafley/projects/rust-analyzer/crates/rust-analyzer/src/line_index.rs
/Users/chrishafley/projects/rust-analyzer/crates/rust-analyzer/src/lsp.rs
/Users/chrishafley/projects/rust-analyzer/crates/rust-analyzer/src/lsp/capabilities.rs
/Users/chrishafley/projects/rust-analyzer/crates/rust-analyzer/src/lsp/ext.rs
/Users/chrishafley/projects/rust-analyzer/crates/rust-analyzer/src/lsp/from_proto.rs
/Users/chrishafley/projects/rust-analyzer/crates/rust-analyzer/src/lsp/semantic_tokens.rs
/Users/chrishafley/projects/rust-analyzer/crates/rust-analyzer/src/lsp/to_proto.rs
/Users/chrishafley/projects/rust-analyzer/crates/rust-analyzer/src/lsp/utils.rs
@@
crates/rust-analyzer[b][b]	0	/Users/chrishafley/projects/rust-analyzer/crates/rust-analyzer/src/main_loop.rs
/Users/chrishafley/projects/rust-analyzer/crates/rust-analyzer/src/mem_docs.rs
/Users/chrishafley/projects/rust-analyzer/crates/rust-analyzer/src/op_queue.rs
/Users/chrishafley/projects/rust-analyzer/crates/rust-analyzer/src/priming_scope.rs
/Users/chrishafley/projects/rust-analyzer/crates/rust-analyzer/src/reload.rs
/Users/chrishafley/projects/rust-analyzer/crates/rust-analyzer/src/session.rs
/Users/chrishafley/projects/rust-analyzer/crates/rust-analyzer/src/target_spec.rs
/Users/chrishafley/projects/rust-analyzer/crates/rust-analyzer/src/task_pool.rs
/Users/chrishafley/projects/rust-analyzer/crates/rust-analyzer/src/test_runner.rs
/Users/chrishafley/projects/rust-analyzer/crates/rust-analyzer/src/tracing/config.rs
/Users/chrishafley/projects/rust-analyzer/crates/rust-analyzer/src/tracing/hprof.rs
/Users/chrishafley/projects/rust-analyzer/crates/rust-analyzer/src/tracing/json.rs
/Users/chrishafley/projects/rust-analyzer/crates/rust-analyzer/src/version.rs
@@
crates/rust-analyzer/build.rs	0	/Users/chrishafley/projects/rust-analyzer/crates/rust-analyzer/build.rs
@@
crates/rust-analyzer/tests/slow-tests/cli.rs	0	/Users/chrishafley/projects/rust-analyzer/crates/rust-analyzer/tests/slow-tests/cli.rs
@@
crates/rust-analyzer/tests/slow-tests/flycheck.rs	0	/Users/chrishafley/projects/rust-analyzer/crates/rust-analyzer/tests/slow-tests/flycheck.rs
@@
crates/rust-analyzer/tests/slow-tests/main.rs	0	/Users/chrishafley/projects/rust-analyzer/crates/rust-analyzer/tests/slow-tests/main.rs
@@
crates/rust-analyzer/tests/slow-tests/ratoml.rs	0	/Users/chrishafley/projects/rust-analyzer/crates/rust-analyzer/tests/slow-tests/ratoml.rs
@@
crates/rust-analyzer/tests/slow-tests/support.rs	0	/Users/chrishafley/projects/rust-analyzer/crates/rust-analyzer/tests/slow-tests/support.rs
@@
crates/rust-analyzer/tests/slow-tests/testdir.rs	0	/Users/chrishafley/projects/rust-analyzer/crates/rust-analyzer/tests/slow-tests/testdir.rs
@@
crates/span	0	/Users/chrishafley/projects/rust-analyzer/crates/span/src/ast_id.rs
/Users/chrishafley/projects/rust-analyzer/crates/span/src/hygiene.rs
/Users/chrishafley/projects/rust-analyzer/crates/span/src/lib.rs
/Users/chrishafley/projects/rust-analyzer/crates/span/src/map.rs
@@
crates/stdx	0	/Users/chrishafley/projects/rust-analyzer/crates/stdx/src/anymap.rs
/Users/chrishafley/projects/rust-analyzer/crates/stdx/src/assert.rs
/Users/chrishafley/projects/rust-analyzer/crates/stdx/src/lib.rs
/Users/chrishafley/projects/rust-analyzer/crates/stdx/src/macros.rs
/Users/chrishafley/projects/rust-analyzer/crates/stdx/src/non_empty_vec.rs
/Users/chrishafley/projects/rust-analyzer/crates/stdx/src/panic_context.rs
/Users/chrishafley/projects/rust-analyzer/crates/stdx/src/process.rs
/Users/chrishafley/projects/rust-analyzer/crates/stdx/src/rand.rs
/Users/chrishafley/projects/rust-analyzer/crates/stdx/src/tempfile.rs
/Users/chrishafley/projects/rust-analyzer/crates/stdx/src/thread.rs
/Users/chrishafley/projects/rust-analyzer/crates/stdx/src/thread/intent.rs
/Users/chrishafley/projects/rust-analyzer/crates/stdx/src/thread/pool.rs
/Users/chrishafley/projects/rust-analyzer/crates/stdx/src/variance.rs
@@
crates/syntax[a][a][a]	0	/Users/chrishafley/projects/rust-analyzer/crates/syntax/src/algo.rs
/Users/chrishafley/projects/rust-analyzer/crates/syntax/src/ast.rs
/Users/chrishafley/projects/rust-analyzer/crates/syntax/src/ast/edit.rs
/Users/chrishafley/projects/rust-analyzer/crates/syntax/src/ast/expr_ext.rs
@@
crates/syntax[a][a][b][a][a]	0	/Users/chrishafley/projects/rust-analyzer/crates/syntax/src/ast/generated.rs
@@
crates/syntax[a][a][b][a][b]	124	/Users/chrishafley/projects/rust-analyzer/crates/syntax/src/ast/generated/nodes.rs
@@
crates/syntax[a][a][b][b]	0	/Users/chrishafley/projects/rust-analyzer/crates/syntax/src/ast/generated/tokens.rs
/Users/chrishafley/projects/rust-analyzer/crates/syntax/src/ast/make.rs
@@
crates/syntax[a][b]	0	/Users/chrishafley/projects/rust-analyzer/crates/syntax/src/ast/make/quote.rs
/Users/chrishafley/projects/rust-analyzer/crates/syntax/src/ast/node_ext.rs
/Users/chrishafley/projects/rust-analyzer/crates/syntax/src/ast/operators.rs
/Users/chrishafley/projects/rust-analyzer/crates/syntax/src/ast/prec.rs
/Users/chrishafley/projects/rust-analyzer/crates/syntax/src/ast/syntax_factory.rs
/Users/chrishafley/projects/rust-analyzer/crates/syntax/src/ast/syntax_factory/constructors.rs
/Users/chrishafley/projects/rust-analyzer/crates/syntax/src/ast/token_ext.rs
/Users/chrishafley/projects/rust-analyzer/crates/syntax/src/ast/traits.rs
@@
crates/syntax[b]	0	/Users/chrishafley/projects/rust-analyzer/crates/syntax/src/fuzz.rs
/Users/chrishafley/projects/rust-analyzer/crates/syntax/src/hacks.rs
/Users/chrishafley/projects/rust-analyzer/crates/syntax/src/lib.rs
/Users/chrishafley/projects/rust-analyzer/crates/syntax/src/parsing.rs
/Users/chrishafley/projects/rust-analyzer/crates/syntax/src/parsing/reparsing.rs
/Users/chrishafley/projects/rust-analyzer/crates/syntax/src/ptr.rs
/Users/chrishafley/projects/rust-analyzer/crates/syntax/src/syntax_editor.rs
/Users/chrishafley/projects/rust-analyzer/crates/syntax/src/syntax_editor/edit_algo.rs
/Users/chrishafley/projects/rust-analyzer/crates/syntax/src/syntax_editor/edits.rs
/Users/chrishafley/projects/rust-analyzer/crates/syntax/src/syntax_editor/mapping.rs
/Users/chrishafley/projects/rust-analyzer/crates/syntax/src/syntax_error.rs
/Users/chrishafley/projects/rust-analyzer/crates/syntax/src/syntax_node.rs
/Users/chrishafley/projects/rust-analyzer/crates/syntax/src/tests.rs
/Users/chrishafley/projects/rust-analyzer/crates/syntax/src/utils.rs
/Users/chrishafley/projects/rust-analyzer/crates/syntax/src/validation.rs
/Users/chrishafley/projects/rust-analyzer/crates/syntax/src/validation/block.rs
@@
crates/syntax-bridge	0	/Users/chrishafley/projects/rust-analyzer/crates/syntax-bridge/src/lib.rs
/Users/chrishafley/projects/rust-analyzer/crates/syntax-bridge/src/prettify_macro_expansion.rs
/Users/chrishafley/projects/rust-analyzer/crates/syntax-bridge/src/tests.rs
/Users/chrishafley/projects/rust-analyzer/crates/syntax-bridge/src/to_parser_input.rs
@@
crates/syntax/fuzz/fuzz_targets/parser.rs	0	/Users/chrishafley/projects/rust-analyzer/crates/syntax/fuzz/fuzz_targets/parser.rs
@@
crates/syntax/fuzz/fuzz_targets/reparse.rs	0	/Users/chrishafley/projects/rust-analyzer/crates/syntax/fuzz/fuzz_targets/reparse.rs
@@
crates/test-fixture	0	/Users/chrishafley/projects/rust-analyzer/crates/test-fixture/src/lib.rs
@@
crates/test-utils	0	/Users/chrishafley/projects/rust-analyzer/crates/test-utils/src/assert_linear.rs
/Users/chrishafley/projects/rust-analyzer/crates/test-utils/src/bench_fixture.rs
/Users/chrishafley/projects/rust-analyzer/crates/test-utils/src/fixture.rs
/Users/chrishafley/projects/rust-analyzer/crates/test-utils/src/lib.rs
/Users/chrishafley/projects/rust-analyzer/crates/test-utils/src/minicore.rs
@@
crates/toolchain	0	/Users/chrishafley/projects/rust-analyzer/crates/toolchain/src/lib.rs
@@
crates/tt	0	/Users/chrishafley/projects/rust-analyzer/crates/tt/src/buffer.rs
/Users/chrishafley/projects/rust-analyzer/crates/tt/src/iter.rs
/Users/chrishafley/projects/rust-analyzer/crates/tt/src/lib.rs
/Users/chrishafley/projects/rust-analyzer/crates/tt/src/storage.rs
@@
crates/vfs	0	/Users/chrishafley/projects/rust-analyzer/crates/vfs/src/anchored_path.rs
/Users/chrishafley/projects/rust-analyzer/crates/vfs/src/file_set.rs
/Users/chrishafley/projects/rust-analyzer/crates/vfs/src/file_set/tests.rs
/Users/chrishafley/projects/rust-analyzer/crates/vfs/src/lib.rs
/Users/chrishafley/projects/rust-analyzer/crates/vfs/src/loader.rs
/Users/chrishafley/projects/rust-analyzer/crates/vfs/src/path_interner.rs
/Users/chrishafley/projects/rust-analyzer/crates/vfs/src/vfs_path.rs
/Users/chrishafley/projects/rust-analyzer/crates/vfs/src/vfs_path/tests.rs
@@
crates/vfs-notify	0	/Users/chrishafley/projects/rust-analyzer/crates/vfs-notify/src/lib.rs
@@
lib/la-arena	0	/Users/chrishafley/projects/rust-analyzer/lib/la-arena/src/lib.rs
/Users/chrishafley/projects/rust-analyzer/lib/la-arena/src/map.rs
@@
lib/line-index	0	/Users/chrishafley/projects/rust-analyzer/lib/line-index/src/lib.rs
/Users/chrishafley/projects/rust-analyzer/lib/line-index/src/tests.rs
@@
lib/lsp-server	0	/Users/chrishafley/projects/rust-analyzer/lib/lsp-server/src/error.rs
/Users/chrishafley/projects/rust-analyzer/lib/lsp-server/src/lib.rs
/Users/chrishafley/projects/rust-analyzer/lib/lsp-server/src/msg.rs
/Users/chrishafley/projects/rust-analyzer/lib/lsp-server/src/req_queue.rs
/Users/chrishafley/projects/rust-analyzer/lib/lsp-server/src/socket.rs
/Users/chrishafley/projects/rust-analyzer/lib/lsp-server/src/stdio.rs
@@
lib/lsp-server/examples/minimal_lsp.rs	0	/Users/chrishafley/projects/rust-analyzer/lib/lsp-server/examples/minimal_lsp.rs
@@
lib/smol_str	0	/Users/chrishafley/projects/rust-analyzer/lib/smol_str/src/borsh.rs
/Users/chrishafley/projects/rust-analyzer/lib/smol_str/src/lib.rs
/Users/chrishafley/projects/rust-analyzer/lib/smol_str/src/serde.rs
@@
lib/smol_str/benches/bench.rs	0	/Users/chrishafley/projects/rust-analyzer/lib/smol_str/benches/bench.rs
@@
lib/smol_str/tests/test.rs	0	/Users/chrishafley/projects/rust-analyzer/lib/smol_str/tests/test.rs
@@
lib/smol_str/tests/tidy.rs	0	/Users/chrishafley/projects/rust-analyzer/lib/smol_str/tests/tidy.rs
@@
lib/text-size	0	/Users/chrishafley/projects/rust-analyzer/lib/text-size/src/lib.rs
/Users/chrishafley/projects/rust-analyzer/lib/text-size/src/range.rs
/Users/chrishafley/projects/rust-analyzer/lib/text-size/src/serde_impls.rs
/Users/chrishafley/projects/rust-analyzer/lib/text-size/src/size.rs
/Users/chrishafley/projects/rust-analyzer/lib/text-size/src/traits.rs
@@
lib/text-size/tests/auto_traits.rs	0	/Users/chrishafley/projects/rust-analyzer/lib/text-size/tests/auto_traits.rs
@@
lib/text-size/tests/constructors.rs	0	/Users/chrishafley/projects/rust-analyzer/lib/text-size/tests/constructors.rs
@@
lib/text-size/tests/indexing.rs	0	/Users/chrishafley/projects/rust-analyzer/lib/text-size/tests/indexing.rs
@@
lib/text-size/tests/main.rs	0	/Users/chrishafley/projects/rust-analyzer/lib/text-size/tests/main.rs
@@
lib/text-size/tests/serde.rs	0	/Users/chrishafley/projects/rust-analyzer/lib/text-size/tests/serde.rs
@@
lib/ungrammar	0	/Users/chrishafley/projects/rust-analyzer/lib/ungrammar/src/error.rs
/Users/chrishafley/projects/rust-analyzer/lib/ungrammar/src/lexer.rs
/Users/chrishafley/projects/rust-analyzer/lib/ungrammar/src/lib.rs
/Users/chrishafley/projects/rust-analyzer/lib/ungrammar/src/parser.rs
@@
lib/ungrammar/ungrammar2json	0	/Users/chrishafley/projects/rust-analyzer/lib/ungrammar/ungrammar2json/src/main.rs
@@
xtask	0	/Users/chrishafley/projects/rust-analyzer/xtask/src/codegen.rs
/Users/chrishafley/projects/rust-analyzer/xtask/src/codegen/assists_doc_tests.rs
/Users/chrishafley/projects/rust-analyzer/xtask/src/codegen/diagnostics_docs.rs
/Users/chrishafley/projects/rust-analyzer/xtask/src/codegen/feature_docs.rs
/Users/chrishafley/projects/rust-analyzer/xtask/src/codegen/grammar.rs
/Users/chrishafley/projects/rust-analyzer/xtask/src/codegen/grammar/ast_src.rs
/Users/chrishafley/projects/rust-analyzer/xtask/src/codegen/lints.rs
/Users/chrishafley/projects/rust-analyzer/xtask/src/codegen/parser_inline_tests.rs
/Users/chrishafley/projects/rust-analyzer/xtask/src/dist.rs
/Users/chrishafley/projects/rust-analyzer/xtask/src/flags.rs
/Users/chrishafley/projects/rust-analyzer/xtask/src/install.rs
/Users/chrishafley/projects/rust-analyzer/xtask/src/main.rs
/Users/chrishafley/projects/rust-analyzer/xtask/src/metrics.rs
/Users/chrishafley/projects/rust-analyzer/xtask/src/pgo.rs
/Users/chrishafley/projects/rust-analyzer/xtask/src/publish.rs
/Users/chrishafley/projects/rust-analyzer/xtask/src/publish/notes.rs
/Users/chrishafley/projects/rust-analyzer/xtask/src/release.rs
/Users/chrishafley/projects/rust-analyzer/xtask/src/release/changelog.rs
/Users/chrishafley/projects/rust-analyzer/xtask/src/tidy.rs
/Users/chrishafley/projects/rust-analyzer/xtask/src/util.rs
@@
