/Users/chrishafley/projects/rust-analyzer/crates/base-db/src/change.rs	0	7
/Users/chrishafley/projects/rust-analyzer/crates/base-db/src/editioned_file_id.rs	0	8
/Users/chrishafley/projects/rust-analyzer/crates/base-db/src/input.rs	0	66
/Users/chrishafley/projects/rust-analyzer/crates/base-db/src/lib.rs	0	34
/Users/chrishafley/projects/rust-analyzer/crates/base-db/src/target.rs	0	4
/Users/chrishafley/projects/rust-analyzer/crates/cfg/src/cfg_expr.rs	0	11
/Users/chrishafley/projects/rust-analyzer/crates/cfg/src/dnf.rs	0	15
/Users/chrishafley/projects/rust-analyzer/crates/cfg/src/lib.rs	0	22
/Users/chrishafley/projects/rust-analyzer/crates/cfg/src/tests.rs	0	15
/Users/chrishafley/projects/rust-analyzer/crates/edition/src/lib.rs	0	9
/Users/chrishafley/projects/rust-analyzer/crates/hir-def/src/attrs.rs	0	59
/Users/chrishafley/projects/rust-analyzer/crates/hir-def/src/attrs/docs.rs	0	30
/Users/chrishafley/projects/rust-analyzer/crates/hir-def/src/builtin_derive.rs	0	10
/Users/chrishafley/projects/rust-analyzer/crates/hir-def/src/builtin_type.rs	0	12
/Users/chrishafley/projects/rust-analyzer/crates/hir-def/src/dyn_map.rs	0	41
/Users/chrishafley/projects/rust-analyzer/crates/hir-def/src/expr_store.rs	0	90
/Users/chrishafley/projects/rust-analyzer/crates/hir-def/src/expr_store/body.rs	0	11
/Users/chrishafley/projects/rust-analyzer/crates/hir-def/src/expr_store/expander.rs	0	12
/Users/chrishafley/projects/rust-analyzer/crates/hir-def/src/expr_store/lower.rs	0	129
/Users/chrishafley/projects/rust-analyzer/crates/hir-def/src/expr_store/lower/asm.rs	0	1
/Users/chrishafley/projects/rust-analyzer/crates/hir-def/src/expr_store/lower/format_args.rs	0	5
/Users/chrishafley/projects/rust-analyzer/crates/hir-def/src/expr_store/lower/generics.rs	0	12
/Users/chrishafley/projects/rust-analyzer/crates/hir-def/src/expr_store/lower/path.rs	0	4
/Users/chrishafley/projects/rust-analyzer/crates/hir-def/src/expr_store/lower/path/tests.rs	0	15
/Users/chrishafley/projects/rust-analyzer/crates/hir-def/src/expr_store/path.rs	0	22
/Users/chrishafley/projects/rust-analyzer/crates/hir-def/src/expr_store/pretty.rs	0	30
/Users/chrishafley/projects/rust-analyzer/crates/hir-def/src/expr_store/scope.rs	0	61
/Users/chrishafley/projects/rust-analyzer/crates/hir-def/src/expr_store/tests.rs	0	0
/Users/chrishafley/projects/rust-analyzer/crates/hir-def/src/expr_store/tests/body.rs	0	25
/Users/chrishafley/projects/rust-analyzer/crates/hir-def/src/expr_store/tests/body/block.rs	0	20
/Users/chrishafley/projects/rust-analyzer/crates/hir-def/src/expr_store/tests/signatures.rs	0	7
/Users/chrishafley/projects/rust-analyzer/crates/hir-def/src/find_path.rs	0	72
/Users/chrishafley/projects/rust-analyzer/crates/hir-def/src/hir.rs	0	29
/Users/chrishafley/projects/rust-analyzer/crates/hir-def/src/hir/format_args.rs	0	11
/Users/chrishafley/projects/rust-analyzer/crates/hir-def/src/hir/generics.rs	0	33
/Users/chrishafley/projects/rust-analyzer/crates/hir-def/src/hir/type_ref.rs	0	13
/Users/chrishafley/projects/rust-analyzer/crates/hir-def/src/import_map.rs	0	38
/Users/chrishafley/projects/rust-analyzer/crates/hir-def/src/item_scope.rs	0	68
/Users/chrishafley/projects/rust-analyzer/crates/hir-def/src/item_tree.rs	0	32
/Users/chrishafley/projects/rust-analyzer/crates/hir-def/src/item_tree/attrs.rs	0	17
/Users/chrishafley/projects/rust-analyzer/crates/hir-def/src/item_tree/lower.rs	0	34
/Users/chrishafley/projects/rust-analyzer/crates/hir-def/src/item_tree/pretty.rs	0	10
/Users/chrishafley/projects/rust-analyzer/crates/hir-def/src/item_tree/tests.rs	0	11
/Users/chrishafley/projects/rust-analyzer/crates/hir-def/src/lang_item.rs	0	13
/Users/chrishafley/projects/rust-analyzer/crates/hir-def/src/lib.rs	0	114
/Users/chrishafley/projects/rust-analyzer/crates/hir-def/src/macro_expansion_tests/builtin_derive_macro.rs	0	23
/Users/chrishafley/projects/rust-analyzer/crates/hir-def/src/macro_expansion_tests/builtin_fn_macro.rs	0	22
/Users/chrishafley/projects/rust-analyzer/crates/hir-def/src/macro_expansion_tests/mbe.rs	0	74
/Users/chrishafley/projects/rust-analyzer/crates/hir-def/src/macro_expansion_tests/mbe/matching.rs	0	11
/Users/chrishafley/projects/rust-analyzer/crates/hir-def/src/macro_expansion_tests/mbe/meta_syntax.rs	0	3
/Users/chrishafley/projects/rust-analyzer/crates/hir-def/src/macro_expansion_tests/mbe/metavar_expr.rs	0	13
/Users/chrishafley/projects/rust-analyzer/crates/hir-def/src/macro_expansion_tests/mbe/regression.rs	0	23
/Users/chrishafley/projects/rust-analyzer/crates/hir-def/src/macro_expansion_tests/mbe/tt_conversion.rs	0	9
/Users/chrishafley/projects/rust-analyzer/crates/hir-def/src/macro_expansion_tests/mod.rs	0	9
/Users/chrishafley/projects/rust-analyzer/crates/hir-def/src/macro_expansion_tests/proc_macros.rs	0	11
/Users/chrishafley/projects/rust-analyzer/crates/hir-def/src/nameres.rs	0	62
/Users/chrishafley/projects/rust-analyzer/crates/hir-def/src/nameres/assoc.rs	0	14
/Users/chrishafley/projects/rust-analyzer/crates/hir-def/src/nameres/attr_resolution.rs	0	4
/Users/chrishafley/projects/rust-analyzer/crates/hir-def/src/nameres/collector.rs	0	41
/Users/chrishafley/projects/rust-analyzer/crates/hir-def/src/nameres/diagnostics.rs	0	11
/Users/chrishafley/projects/rust-analyzer/crates/hir-def/src/nameres/mod_resolution.rs	0	10
/Users/chrishafley/projects/rust-analyzer/crates/hir-def/src/nameres/path_resolution.rs	0	16
/Users/chrishafley/projects/rust-analyzer/crates/hir-def/src/nameres/proc_macro.rs	0	4
/Users/chrishafley/projects/rust-analyzer/crates/hir-def/src/nameres/tests.rs	0	38
/Users/chrishafley/projects/rust-analyzer/crates/hir-def/src/nameres/tests/globs.rs	0	15
/Users/chrishafley/projects/rust-analyzer/crates/hir-def/src/nameres/tests/imports.rs	0	3
/Users/chrishafley/projects/rust-analyzer/crates/hir-def/src/nameres/tests/incremental.rs	0	9
/Users/chrishafley/projects/rust-analyzer/crates/hir-def/src/nameres/tests/macros.rs	0	52
/Users/chrishafley/projects/rust-analyzer/crates/hir-def/src/nameres/tests/mod_resolution.rs	0	36
/Users/chrishafley/projects/rust-analyzer/crates/hir-def/src/per_ns.rs	0	20
/Users/chrishafley/projects/rust-analyzer/crates/hir-def/src/resolver.rs	0	81
/Users/chrishafley/projects/rust-analyzer/crates/hir-def/src/signatures.rs	0	52
/Users/chrishafley/projects/rust-analyzer/crates/hir-def/src/src.rs	0	10
/Users/chrishafley/projects/rust-analyzer/crates/hir-def/src/test_db.rs	0	20
/Users/chrishafley/projects/rust-analyzer/crates/hir-def/src/unstable_features.rs	0	7
/Users/chrishafley/projects/rust-analyzer/crates/hir-def/src/visibility.rs	0	13
/Users/chrishafley/projects/rust-analyzer/crates/hir-expand/src/attrs.rs	0	30
/Users/chrishafley/projects/rust-analyzer/crates/hir-expand/src/builtin.rs	0	0
/Users/chrishafley/projects/rust-analyzer/crates/hir-expand/src/builtin/attr_macro.rs	0	12
/Users/chrishafley/projects/rust-analyzer/crates/hir-expand/src/builtin/derive_macro.rs	0	44
/Users/chrishafley/projects/rust-analyzer/crates/hir-expand/src/builtin/fn_macro.rs	0	45
/Users/chrishafley/projects/rust-analyzer/crates/hir-expand/src/builtin/quote.rs	0	16
/Users/chrishafley/projects/rust-analyzer/crates/hir-expand/src/cfg_process.rs	0	2
/Users/chrishafley/projects/rust-analyzer/crates/hir-expand/src/change.rs	0	5
/Users/chrishafley/projects/rust-analyzer/crates/hir-expand/src/declarative.rs	0	3
/Users/chrishafley/projects/rust-analyzer/crates/hir-expand/src/eager.rs	0	3
/Users/chrishafley/projects/rust-analyzer/crates/hir-expand/src/files.rs	0	55
/Users/chrishafley/projects/rust-analyzer/crates/hir-expand/src/fixup.rs	0	39
/Users/chrishafley/projects/rust-analyzer/crates/hir-expand/src/hygiene.rs	0	6
/Users/chrishafley/projects/rust-analyzer/crates/hir-expand/src/inert_attr_macro.rs	0	2
/Users/chrishafley/projects/rust-analyzer/crates/hir-expand/src/lib.rs	0	96
/Users/chrishafley/projects/rust-analyzer/crates/hir-expand/src/mod_path.rs	0	24
/Users/chrishafley/projects/rust-analyzer/crates/hir-expand/src/name.rs	0	33
/Users/chrishafley/projects/rust-analyzer/crates/hir-expand/src/prettify_macro_expansion_.rs	0	1
/Users/chrishafley/projects/rust-analyzer/crates/hir-expand/src/proc_macro.rs	0	21
/Users/chrishafley/projects/rust-analyzer/crates/hir-expand/src/span_map.rs	0	5
/Users/chrishafley/projects/rust-analyzer/crates/hir-ty/src/autoderef.rs	0	32
/Users/chrishafley/projects/rust-analyzer/crates/hir-ty/src/builtin_derive.rs	0	21
/Users/chrishafley/projects/rust-analyzer/crates/hir-ty/src/consteval.rs	0	23
/Users/chrishafley/projects/rust-analyzer/crates/hir-ty/src/consteval/tests.rs	0	89
/Users/chrishafley/projects/rust-analyzer/crates/hir-ty/src/consteval/tests/intrinsics.rs	0	29
/Users/chrishafley/projects/rust-analyzer/crates/hir-ty/src/db.rs	0	52
/Users/chrishafley/projects/rust-analyzer/crates/hir-ty/src/diagnostics.rs	0	0
/Users/chrishafley/projects/rust-analyzer/crates/hir-ty/src/diagnostics/decl_check.rs	0	24
/Users/chrishafley/projects/rust-analyzer/crates/hir-ty/src/diagnostics/decl_check/case_conv.rs	0	11
/Users/chrishafley/projects/rust-analyzer/crates/hir-ty/src/diagnostics/expr.rs	0	19
/Users/chrishafley/projects/rust-analyzer/crates/hir-ty/src/diagnostics/match_check.rs	0	12
/Users/chrishafley/projects/rust-analyzer/crates/hir-ty/src/diagnostics/match_check/pat_analysis.rs	0	21
/Users/chrishafley/projects/rust-analyzer/crates/hir-ty/src/diagnostics/match_check/pat_util.rs	0	4
/Users/chrishafley/projects/rust-analyzer/crates/hir-ty/src/diagnostics/unsafe_check.rs	0	11
/Users/chrishafley/projects/rust-analyzer/crates/hir-ty/src/display.rs	0	77
/Users/chrishafley/projects/rust-analyzer/crates/hir-ty/src/drop.rs	0	3
/Users/chrishafley/projects/rust-analyzer/crates/hir-ty/src/dyn_compatibility.rs	0	14
/Users/chrishafley/projects/rust-analyzer/crates/hir-ty/src/dyn_compatibility/tests.rs	0	18
/Users/chrishafley/projects/rust-analyzer/crates/hir-ty/src/generics.rs	0	39
/Users/chrishafley/projects/rust-analyzer/crates/hir-ty/src/infer.rs	0	138
/Users/chrishafley/projects/rust-analyzer/crates/hir-ty/src/infer/autoderef.rs	0	3
/Users/chrishafley/projects/rust-analyzer/crates/hir-ty/src/infer/callee.rs	0	8
/Users/chrishafley/projects/rust-analyzer/crates/hir-ty/src/infer/cast.rs	0	11
/Users/chrishafley/projects/rust-analyzer/crates/hir-ty/src/infer/closure.rs	0	19
/Users/chrishafley/projects/rust-analyzer/crates/hir-ty/src/infer/closure/analysis.rs	0	38
/Users/chrishafley/projects/rust-analyzer/crates/hir-ty/src/infer/closure/analysis/expr_use_visitor.rs	0	65
/Users/chrishafley/projects/rust-analyzer/crates/hir-ty/src/infer/coerce.rs	0	51
/Users/chrishafley/projects/rust-analyzer/crates/hir-ty/src/infer/diagnostics.rs	0	14
/Users/chrishafley/projects/rust-analyzer/crates/hir-ty/src/infer/expr.rs	0	33
/Users/chrishafley/projects/rust-analyzer/crates/hir-ty/src/infer/fallback.rs	0	7
/Users/chrishafley/projects/rust-analyzer/crates/hir-ty/src/infer/mutability.rs	0	6
/Users/chrishafley/projects/rust-analyzer/crates/hir-ty/src/infer/op.rs	0	13
/Users/chrishafley/projects/rust-analyzer/crates/hir-ty/src/infer/opaques.rs	0	4
/Users/chrishafley/projects/rust-analyzer/crates/hir-ty/src/infer/pat.rs	0	44
/Users/chrishafley/projects/rust-analyzer/crates/hir-ty/src/infer/path.rs	0	8
/Users/chrishafley/projects/rust-analyzer/crates/hir-ty/src/infer/place_op.rs	0	8
/Users/chrishafley/projects/rust-analyzer/crates/hir-ty/src/infer/unify.rs	0	62
/Users/chrishafley/projects/rust-analyzer/crates/hir-ty/src/inhabitedness.rs	0	11
/Users/chrishafley/projects/rust-analyzer/crates/hir-ty/src/lang_items.rs	0	1
/Users/chrishafley/projects/rust-analyzer/crates/hir-ty/src/layout.rs	0	15
/Users/chrishafley/projects/rust-analyzer/crates/hir-ty/src/layout/adt.rs	0	3
/Users/chrishafley/projects/rust-analyzer/crates/hir-ty/src/layout/target.rs	0	1
/Users/chrishafley/projects/rust-analyzer/crates/hir-ty/src/layout/tests.rs	0	26
/Users/chrishafley/projects/rust-analyzer/crates/hir-ty/src/layout/tests/closure.rs	0	10
/Users/chrishafley/projects/rust-analyzer/crates/hir-ty/src/lib.rs	0	26
/Users/chrishafley/projects/rust-analyzer/crates/hir-ty/src/lower.rs	0	137
/Users/chrishafley/projects/rust-analyzer/crates/hir-ty/src/lower/diagnostics.rs	0	0
/Users/chrishafley/projects/rust-analyzer/crates/hir-ty/src/lower/path.rs	0	37
/Users/chrishafley/projects/rust-analyzer/crates/hir-ty/src/method_resolution.rs	0	33
/Users/chrishafley/projects/rust-analyzer/crates/hir-ty/src/method_resolution/confirm.rs	0	18
/Users/chrishafley/projects/rust-analyzer/crates/hir-ty/src/method_resolution/probe.rs	0	73
/Users/chrishafley/projects/rust-analyzer/crates/hir-ty/src/mir.rs	0	51
/Users/chrishafley/projects/rust-analyzer/crates/hir-ty/src/mir/eval.rs	0	95
/Users/chrishafley/projects/rust-analyzer/crates/hir-ty/src/mir/eval/shim.rs	0	12
/Users/chrishafley/projects/rust-analyzer/crates/hir-ty/src/mir/eval/shim/simd.rs	0	2
/Users/chrishafley/projects/rust-analyzer/crates/hir-ty/src/mir/eval/tests.rs	0	43
/Users/chrishafley/projects/rust-analyzer/crates/hir-ty/src/mir/lower.rs	0	62
/Users/chrishafley/projects/rust-analyzer/crates/hir-ty/src/mir/lower/as_place.rs	0	7
/Users/chrishafley/projects/rust-analyzer/crates/hir-ty/src/mir/lower/pattern_matching.rs	0	11
/Users/chrishafley/projects/rust-analyzer/crates/hir-ty/src/mir/lower/tests.rs	0	3
/Users/chrishafley/projects/rust-analyzer/crates/hir-ty/src/mir/monomorphization.rs	0	14
/Users/chrishafley/projects/rust-analyzer/crates/hir-ty/src/mir/pretty.rs	0	20
/Users/chrishafley/projects/rust-analyzer/crates/hir-ty/src/next_solver.rs	0	2
/Users/chrishafley/projects/rust-analyzer/crates/hir-ty/src/next_solver/abi.rs	0	9
/Users/chrishafley/projects/rust-analyzer/crates/hir-ty/src/next_solver/allocation.rs	0	5
/Users/chrishafley/projects/rust-analyzer/crates/hir-ty/src/next_solver/binder.rs	0	15
/Users/chrishafley/projects/rust-analyzer/crates/hir-ty/src/next_solver/consts.rs	0	43
/Users/chrishafley/projects/rust-analyzer/crates/hir-ty/src/next_solver/consts/valtree.rs	0	77
/Users/chrishafley/projects/rust-analyzer/crates/hir-ty/src/next_solver/def_id.rs	0	185
/Users/chrishafley/projects/rust-analyzer/crates/hir-ty/src/next_solver/fold.rs	0	18
/Users/chrishafley/projects/rust-analyzer/crates/hir-ty/src/next_solver/format_proof_tree.rs	0	5
/Users/chrishafley/projects/rust-analyzer/crates/hir-ty/src/next_solver/fulfill.rs	0	16
/Users/chrishafley/projects/rust-analyzer/crates/hir-ty/src/next_solver/generic_arg.rs	0	74
/Users/chrishafley/projects/rust-analyzer/crates/hir-ty/src/next_solver/generics.rs	0	5
/Users/chrishafley/projects/rust-analyzer/crates/hir-ty/src/next_solver/infer/at.rs	0	23
/Users/chrishafley/projects/rust-analyzer/crates/hir-ty/src/next_solver/infer/canonical/canonicalizer.rs	0	30
/Users/chrishafley/projects/rust-analyzer/crates/hir-ty/src/next_solver/infer/canonical/instantiate.rs	0	17
/Users/chrishafley/projects/rust-analyzer/crates/hir-ty/src/next_solver/infer/canonical/mod.rs	0	2
/Users/chrishafley/projects/rust-analyzer/crates/hir-ty/src/next_solver/infer/context.rs	0	49
/Users/chrishafley/projects/rust-analyzer/crates/hir-ty/src/next_solver/infer/errors.rs	0	20
/Users/chrishafley/projects/rust-analyzer/crates/hir-ty/src/next_solver/infer/mod.rs	0	93
/Users/chrishafley/projects/rust-analyzer/crates/hir-ty/src/next_solver/infer/opaque_types/mod.rs	0	1
/Users/chrishafley/projects/rust-analyzer/crates/hir-ty/src/next_solver/infer/opaque_types/table.rs	0	14
/Users/chrishafley/projects/rust-analyzer/crates/hir-ty/src/next_solver/infer/outlives/mod.rs	0	0
/Users/chrishafley/projects/rust-analyzer/crates/hir-ty/src/next_solver/infer/outlives/obligations.rs	0	5
/Users/chrishafley/projects/rust-analyzer/crates/hir-ty/src/next_solver/infer/region_constraints/mod.rs	0	31
/Users/chrishafley/projects/rust-analyzer/crates/hir-ty/src/next_solver/infer/relate/generalize.rs	0	13
/Users/chrishafley/projects/rust-analyzer/crates/hir-ty/src/next_solver/infer/relate/higher_ranked.rs	0	2
/Users/chrishafley/projects/rust-analyzer/crates/hir-ty/src/next_solver/infer/relate/lattice.rs	0	17
/Users/chrishafley/projects/rust-analyzer/crates/hir-ty/src/next_solver/infer/relate/mod.rs	0	0
/Users/chrishafley/projects/rust-analyzer/crates/hir-ty/src/next_solver/infer/resolve.rs	0	9
/Users/chrishafley/projects/rust-analyzer/crates/hir-ty/src/next_solver/infer/select.rs	0	13
/Users/chrishafley/projects/rust-analyzer/crates/hir-ty/src/next_solver/infer/snapshot/fudge.rs	0	10
/Users/chrishafley/projects/rust-analyzer/crates/hir-ty/src/next_solver/infer/snapshot/mod.rs	0	10
/Users/chrishafley/projects/rust-analyzer/crates/hir-ty/src/next_solver/infer/snapshot/undo_log.rs	0	21
/Users/chrishafley/projects/rust-analyzer/crates/hir-ty/src/next_solver/infer/traits.rs	0	17
/Users/chrishafley/projects/rust-analyzer/crates/hir-ty/src/next_solver/infer/type_variable.rs	0	34
/Users/chrishafley/projects/rust-analyzer/crates/hir-ty/src/next_solver/infer/unify_key.rs	0	11
/Users/chrishafley/projects/rust-analyzer/crates/hir-ty/src/next_solver/inspect.rs	0	28
/Users/chrishafley/projects/rust-analyzer/crates/hir-ty/src/next_solver/interner.rs	0	164
/Users/chrishafley/projects/rust-analyzer/crates/hir-ty/src/next_solver/ir_print.rs	0	26
/Users/chrishafley/projects/rust-analyzer/crates/hir-ty/src/next_solver/normalize.rs	0	13
/Users/chrishafley/projects/rust-analyzer/crates/hir-ty/src/next_solver/obligation_ctxt.rs	0	17
/Users/chrishafley/projects/rust-analyzer/crates/hir-ty/src/next_solver/opaques.rs	0	9
/Users/chrishafley/projects/rust-analyzer/crates/hir-ty/src/next_solver/predicate.rs	0	89
/Users/chrishafley/projects/rust-analyzer/crates/hir-ty/src/next_solver/region.rs	0	34
/Users/chrishafley/projects/rust-analyzer/crates/hir-ty/src/next_solver/solver.rs	0	15
/Users/chrishafley/projects/rust-analyzer/crates/hir-ty/src/next_solver/structural_normalize.rs	0	3
/Users/chrishafley/projects/rust-analyzer/crates/hir-ty/src/next_solver/ty.rs	0	134
/Users/chrishafley/projects/rust-analyzer/crates/hir-ty/src/next_solver/util.rs	0	51
/Users/chrishafley/projects/rust-analyzer/crates/hir-ty/src/opaques.rs	0	5
/Users/chrishafley/projects/rust-analyzer/crates/hir-ty/src/primitive.rs	0	3
/Users/chrishafley/projects/rust-analyzer/crates/hir-ty/src/representability.rs	0	7
/Users/chrishafley/projects/rust-analyzer/crates/hir-ty/src/solver_errors.rs	0	3
/Users/chrishafley/projects/rust-analyzer/crates/hir-ty/src/specialization.rs	0	3
/Users/chrishafley/projects/rust-analyzer/crates/hir-ty/src/target_feature.rs	0	4
/Users/chrishafley/projects/rust-analyzer/crates/hir-ty/src/test_db.rs	0	18
/Users/chrishafley/projects/rust-analyzer/crates/hir-ty/src/tests.rs	0	17
/Users/chrishafley/projects/rust-analyzer/crates/hir-ty/src/tests/closure_captures.rs	0	28
/Users/chrishafley/projects/rust-analyzer/crates/hir-ty/src/tests/coercion.rs	0	55
/Users/chrishafley/projects/rust-analyzer/crates/hir-ty/src/tests/diagnostics.rs	0	10
/Users/chrishafley/projects/rust-analyzer/crates/hir-ty/src/tests/display_source_code.rs	0	13
/Users/chrishafley/projects/rust-analyzer/crates/hir-ty/src/tests/incremental.rs	0	8
/Users/chrishafley/projects/rust-analyzer/crates/hir-ty/src/tests/macros.rs	0	55
/Users/chrishafley/projects/rust-analyzer/crates/hir-ty/src/tests/method_resolution.rs	0	89
/Users/chrishafley/projects/rust-analyzer/crates/hir-ty/src/tests/never_type.rs	0	41
/Users/chrishafley/projects/rust-analyzer/crates/hir-ty/src/tests/opaque_types.rs	0	7
/Users/chrishafley/projects/rust-analyzer/crates/hir-ty/src/tests/patterns.rs	0	38
/Users/chrishafley/projects/rust-analyzer/crates/hir-ty/src/tests/regression.rs	0	123
/Users/chrishafley/projects/rust-analyzer/crates/hir-ty/src/tests/regression/new_solver.rs	0	29
/Users/chrishafley/projects/rust-analyzer/crates/hir-ty/src/tests/simple.rs	0	136
/Users/chrishafley/projects/rust-analyzer/crates/hir-ty/src/tests/trait_aliases.rs	0	1
/Users/chrishafley/projects/rust-analyzer/crates/hir-ty/src/tests/traits.rs	0	180
/Users/chrishafley/projects/rust-analyzer/crates/hir-ty/src/traits.rs	0	12
/Users/chrishafley/projects/rust-analyzer/crates/hir-ty/src/upvars.rs	0	27
/Users/chrishafley/projects/rust-analyzer/crates/hir-ty/src/utils.rs	0	10
/Users/chrishafley/projects/rust-analyzer/crates/hir-ty/src/variance.rs	0	35
/Users/chrishafley/projects/rust-analyzer/crates/hir/src/attrs.rs	0	49
/Users/chrishafley/projects/rust-analyzer/crates/hir/src/db.rs	0	0
/Users/chrishafley/projects/rust-analyzer/crates/hir/src/diagnostics.rs	0	93
/Users/chrishafley/projects/rust-analyzer/crates/hir/src/display.rs	0	38
/Users/chrishafley/projects/rust-analyzer/crates/hir/src/from_id.rs	0	56
/Users/chrishafley/projects/rust-analyzer/crates/hir/src/has_source.rs	0	34
/Users/chrishafley/projects/rust-analyzer/crates/hir/src/lib.rs	0	632
/Users/chrishafley/projects/rust-analyzer/crates/hir/src/semantics.rs	0	232
/Users/chrishafley/projects/rust-analyzer/crates/hir/src/semantics/child_by_source.rs	0	15
/Users/chrishafley/projects/rust-analyzer/crates/hir/src/semantics/source_to_def.rs	0	48
/Users/chrishafley/projects/rust-analyzer/crates/hir/src/source_analyzer.rs	0	81
/Users/chrishafley/projects/rust-analyzer/crates/hir/src/symbols.rs	0	16
/Users/chrishafley/projects/rust-analyzer/crates/hir/src/term_search.rs	0	13
/Users/chrishafley/projects/rust-analyzer/crates/hir/src/term_search/expr.rs	0	8
/Users/chrishafley/projects/rust-analyzer/crates/hir/src/term_search/tactics.rs	0	9
/Users/chrishafley/projects/rust-analyzer/crates/ide-assists/src/assist_config.rs	0	3
/Users/chrishafley/projects/rust-analyzer/crates/ide-assists/src/assist_context.rs	0	23
/Users/chrishafley/projects/rust-analyzer/crates/ide-assists/src/handlers/add_braces.rs	0	11
/Users/chrishafley/projects/rust-analyzer/crates/ide-assists/src/handlers/add_explicit_dot_deref.rs	0	8
/Users/chrishafley/projects/rust-analyzer/crates/ide-assists/src/handlers/add_explicit_enum_discriminant.rs	0	9
/Users/chrishafley/projects/rust-analyzer/crates/ide-assists/src/handlers/add_explicit_type.rs	0	18
/Users/chrishafley/projects/rust-analyzer/crates/ide-assists/src/handlers/add_label_to_loop.rs	0	10
/Users/chrishafley/projects/rust-analyzer/crates/ide-assists/src/handlers/add_lifetime_to_type.rs	0	9
/Users/chrishafley/projects/rust-analyzer/crates/ide-assists/src/handlers/add_missing_impl_members.rs	0	80
/Users/chrishafley/projects/rust-analyzer/crates/ide-assists/src/handlers/add_missing_match_arms.rs	0	83
/Users/chrishafley/projects/rust-analyzer/crates/ide-assists/src/handlers/add_return_type.rs	0	24
/Users/chrishafley/projects/rust-analyzer/crates/ide-assists/src/handlers/add_turbo_fish.rs	0	17
/Users/chrishafley/projects/rust-analyzer/crates/ide-assists/src/handlers/apply_demorgan.rs	0	36
/Users/chrishafley/projects/rust-analyzer/crates/ide-assists/src/handlers/auto_import.rs	0	61
/Users/chrishafley/projects/rust-analyzer/crates/ide-assists/src/handlers/bind_unused_param.rs	0	9
/Users/chrishafley/projects/rust-analyzer/crates/ide-assists/src/handlers/change_visibility.rs	0	19
/Users/chrishafley/projects/rust-analyzer/crates/ide-assists/src/handlers/convert_bool_then.rs	0	17
/Users/chrishafley/projects/rust-analyzer/crates/ide-assists/src/handlers/convert_bool_to_enum.rs	0	60
/Users/chrishafley/projects/rust-analyzer/crates/ide-assists/src/handlers/convert_char_literal.rs	0	4
/Users/chrishafley/projects/rust-analyzer/crates/ide-assists/src/handlers/convert_closure_to_fn.rs	0	30
/Users/chrishafley/projects/rust-analyzer/crates/ide-assists/src/handlers/convert_comment_block.rs	0	17
/Users/chrishafley/projects/rust-analyzer/crates/ide-assists/src/handlers/convert_comment_from_or_to_doc.rs	0	23
/Users/chrishafley/projects/rust-analyzer/crates/ide-assists/src/handlers/convert_for_to_while_let.rs	0	14
/Users/chrishafley/projects/rust-analyzer/crates/ide-assists/src/handlers/convert_from_to_tryfrom.rs	0	6
/Users/chrishafley/projects/rust-analyzer/crates/ide-assists/src/handlers/convert_integer_literal.rs	0	17
/Users/chrishafley/projects/rust-analyzer/crates/ide-assists/src/handlers/convert_into_to_from.rs	0	8
/Users/chrishafley/projects/rust-analyzer/crates/ide-assists/src/handlers/convert_iter_for_each_to_for.rs	0	19
/Users/chrishafley/projects/rust-analyzer/crates/ide-assists/src/handlers/convert_let_else_to_match.rs	0	22
/Users/chrishafley/projects/rust-analyzer/crates/ide-assists/src/handlers/convert_match_to_let_else.rs	0	18
/Users/chrishafley/projects/rust-analyzer/crates/ide-assists/src/handlers/convert_named_struct_to_tuple_struct.rs	0	32
/Users/chrishafley/projects/rust-analyzer/crates/ide-assists/src/handlers/convert_nested_function_to_closure.rs	0	11
/Users/chrishafley/projects/rust-analyzer/crates/ide-assists/src/handlers/convert_range_for_to_while.rs	0	11
/Users/chrishafley/projects/rust-analyzer/crates/ide-assists/src/handlers/convert_to_guarded_return.rs	0	53
/Users/chrishafley/projects/rust-analyzer/crates/ide-assists/src/handlers/convert_tuple_return_type_to_struct.rs	0	26
/Users/chrishafley/projects/rust-analyzer/crates/ide-assists/src/handlers/convert_tuple_struct_to_named_struct.rs	0	39
/Users/chrishafley/projects/rust-analyzer/crates/ide-assists/src/handlers/convert_two_arm_bool_match_to_matches_macro.rs	0	13
/Users/chrishafley/projects/rust-analyzer/crates/ide-assists/src/handlers/convert_while_to_loop.rs	0	10
/Users/chrishafley/projects/rust-analyzer/crates/ide-assists/src/handlers/destructure_struct_binding.rs	0	44
/Users/chrishafley/projects/rust-analyzer/crates/ide-assists/src/handlers/destructure_tuple_binding.rs	0	91
/Users/chrishafley/projects/rust-analyzer/crates/ide-assists/src/handlers/desugar_doc_comment.rs	0	13
/Users/chrishafley/projects/rust-analyzer/crates/ide-assists/src/handlers/desugar_try_expr.rs	0	9
/Users/chrishafley/projects/rust-analyzer/crates/ide-assists/src/handlers/expand_glob_import.rs	0	32
/Users/chrishafley/projects/rust-analyzer/crates/ide-assists/src/handlers/expand_rest_pattern.rs	0	17
/Users/chrishafley/projects/rust-analyzer/crates/ide-assists/src/handlers/extract_expressions_from_format_string.rs	0	12
/Users/chrishafley/projects/rust-analyzer/crates/ide-assists/src/handlers/extract_function.rs	0	231
/Users/chrishafley/projects/rust-analyzer/crates/ide-assists/src/handlers/extract_module.rs	0	38
/Users/chrishafley/projects/rust-analyzer/crates/ide-assists/src/handlers/extract_struct_from_enum_variant.rs	0	47
/Users/chrishafley/projects/rust-analyzer/crates/ide-assists/src/handlers/extract_type_alias.rs	0	15
/Users/chrishafley/projects/rust-analyzer/crates/ide-assists/src/handlers/extract_variable.rs	0	90
/Users/chrishafley/projects/rust-analyzer/crates/ide-assists/src/handlers/fix_visibility.rs	0	18
/Users/chrishafley/projects/rust-analyzer/crates/ide-assists/src/handlers/flip_binexpr.rs	0	12
/Users/chrishafley/projects/rust-analyzer/crates/ide-assists/src/handlers/flip_comma.rs	0	9
/Users/chrishafley/projects/rust-analyzer/crates/ide-assists/src/handlers/flip_or_pattern.rs	0	5
/Users/chrishafley/projects/rust-analyzer/crates/ide-assists/src/handlers/flip_trait_bound.rs	0	11
/Users/chrishafley/projects/rust-analyzer/crates/ide-assists/src/handlers/generate_blanket_trait_impl.rs	0	53
/Users/chrishafley/projects/rust-analyzer/crates/ide-assists/src/handlers/generate_constant.rs	0	10
/Users/chrishafley/projects/rust-analyzer/crates/ide-assists/src/handlers/generate_default_from_enum_variant.rs	0	11
/Users/chrishafley/projects/rust-analyzer/crates/ide-assists/src/handlers/generate_default_from_new.rs	0	21
/Users/chrishafley/projects/rust-analyzer/crates/ide-assists/src/handlers/generate_delegate_methods.rs	0	16
/Users/chrishafley/projects/rust-analyzer/crates/ide-assists/src/handlers/generate_delegate_trait.rs	0	46
/Users/chrishafley/projects/rust-analyzer/crates/ide-assists/src/handlers/generate_deref.rs	0	14
/Users/chrishafley/projects/rust-analyzer/crates/ide-assists/src/handlers/generate_derive.rs	0	7
/Users/chrishafley/projects/rust-analyzer/crates/ide-assists/src/handlers/generate_documentation_template.rs	0	61
/Users/chrishafley/projects/rust-analyzer/crates/ide-assists/src/handlers/generate_enum_is_method.rs	0	12
/Users/chrishafley/projects/rust-analyzer/crates/ide-assists/src/handlers/generate_enum_projection_method.rs	0	15
/Users/chrishafley/projects/rust-analyzer/crates/ide-assists/src/handlers/generate_enum_variant.rs	0	24
/Users/chrishafley/projects/rust-analyzer/crates/ide-assists/src/handlers/generate_fn_type_alias.rs	0	21
/Users/chrishafley/projects/rust-analyzer/crates/ide-assists/src/handlers/generate_from_impl_for_enum.rs	0	16
/Users/chrishafley/projects/rust-analyzer/crates/ide-assists/src/handlers/generate_function.rs	0	127
/Users/chrishafley/projects/rust-analyzer/crates/ide-assists/src/handlers/generate_getter_or_setter.rs	0	28
/Users/chrishafley/projects/rust-analyzer/crates/ide-assists/src/handlers/generate_impl.rs	0	32
/Users/chrishafley/projects/rust-analyzer/crates/ide-assists/src/handlers/generate_is_empty_from_len.rs	0	9
/Users/chrishafley/projects/rust-analyzer/crates/ide-assists/src/handlers/generate_mut_trait_impl.rs	0	11
/Users/chrishafley/projects/rust-analyzer/crates/ide-assists/src/handlers/generate_new.rs	0	16
/Users/chrishafley/projects/rust-analyzer/crates/ide-assists/src/handlers/generate_single_field_struct_from.rs	0	16
/Users/chrishafley/projects/rust-analyzer/crates/ide-assists/src/handlers/generate_trait_from_impl.rs	0	18
/Users/chrishafley/projects/rust-analyzer/crates/ide-assists/src/handlers/inline_call.rs	0	49
/Users/chrishafley/projects/rust-analyzer/crates/ide-assists/src/handlers/inline_const_as_literal.rs	0	33
/Users/chrishafley/projects/rust-analyzer/crates/ide-assists/src/handlers/inline_local_variable.rs	0	44
/Users/chrishafley/projects/rust-analyzer/crates/ide-assists/src/handlers/inline_macro.rs	0	20
/Users/chrishafley/projects/rust-analyzer/crates/ide-assists/src/handlers/inline_type_alias.rs	0	42
/Users/chrishafley/projects/rust-analyzer/crates/ide-assists/src/handlers/into_to_qualified_from.rs	0	6
/Users/chrishafley/projects/rust-analyzer/crates/ide-assists/src/handlers/introduce_named_lifetime.rs	0	26
/Users/chrishafley/projects/rust-analyzer/crates/ide-assists/src/handlers/introduce_named_type_parameter.rs	0	15
/Users/chrishafley/projects/rust-analyzer/crates/ide-assists/src/handlers/invert_if.rs	0	13
/Users/chrishafley/projects/rust-analyzer/crates/ide-assists/src/handlers/merge_imports.rs	0	38
/Users/chrishafley/projects/rust-analyzer/crates/ide-assists/src/handlers/merge_match_arms.rs	0	35
/Users/chrishafley/projects/rust-analyzer/crates/ide-assists/src/handlers/merge_nested_if.rs	0	18
/Users/chrishafley/projects/rust-analyzer/crates/ide-assists/src/handlers/move_bounds.rs	0	7
/Users/chrishafley/projects/rust-analyzer/crates/ide-assists/src/handlers/move_const_to_impl.rs	0	13
/Users/chrishafley/projects/rust-analyzer/crates/ide-assists/src/handlers/move_from_mod_rs.rs	0	5
/Users/chrishafley/projects/rust-analyzer/crates/ide-assists/src/handlers/move_guard.rs	0	36
/Users/chrishafley/projects/rust-analyzer/crates/ide-assists/src/handlers/move_module_to_file.rs	0	14
/Users/chrishafley/projects/rust-analyzer/crates/ide-assists/src/handlers/move_to_mod_rs.rs	0	6
/Users/chrishafley/projects/rust-analyzer/crates/ide-assists/src/handlers/normalize_import.rs	0	11
/Users/chrishafley/projects/rust-analyzer/crates/ide-assists/src/handlers/number_representation.rs	0	7
/Users/chrishafley/projects/rust-analyzer/crates/ide-assists/src/handlers/promote_local_to_const.rs	0	11
/Users/chrishafley/projects/rust-analyzer/crates/ide-assists/src/handlers/pull_assignment_up.rs	0	20
/Users/chrishafley/projects/rust-analyzer/crates/ide-assists/src/handlers/qualify_method_call.rs	0	17
/Users/chrishafley/projects/rust-analyzer/crates/ide-assists/src/handlers/qualify_path.rs	0	50
/Users/chrishafley/projects/rust-analyzer/crates/ide-assists/src/handlers/raw_string.rs	0	40
/Users/chrishafley/projects/rust-analyzer/crates/ide-assists/src/handlers/remove_dbg.rs	0	20
/Users/chrishafley/projects/rust-analyzer/crates/ide-assists/src/handlers/remove_else_branches.rs	0	2
/Users/chrishafley/projects/rust-analyzer/crates/ide-assists/src/handlers/remove_mut.rs	0	1
/Users/chrishafley/projects/rust-analyzer/crates/ide-assists/src/handlers/remove_parentheses.rs	0	24
/Users/chrishafley/projects/rust-analyzer/crates/ide-assists/src/handlers/remove_underscore.rs	0	10
/Users/chrishafley/projects/rust-analyzer/crates/ide-assists/src/handlers/remove_unused_imports.rs	0	33
/Users/chrishafley/projects/rust-analyzer/crates/ide-assists/src/handlers/remove_unused_param.rs	0	17
/Users/chrishafley/projects/rust-analyzer/crates/ide-assists/src/handlers/reorder_fields.rs	0	8
/Users/chrishafley/projects/rust-analyzer/crates/ide-assists/src/handlers/reorder_impl_items.rs	0	9
/Users/chrishafley/projects/rust-analyzer/crates/ide-assists/src/handlers/replace_arith_op.rs	0	21
/Users/chrishafley/projects/rust-analyzer/crates/ide-assists/src/handlers/replace_derive_with_manual_impl.rs	0	50
/Users/chrishafley/projects/rust-analyzer/crates/ide-assists/src/handlers/replace_if_let_with_match.rs	0	64
/Users/chrishafley/projects/rust-analyzer/crates/ide-assists/src/handlers/replace_is_method_with_if_let_method.rs	0	10
/Users/chrishafley/projects/rust-analyzer/crates/ide-assists/src/handlers/replace_let_with_if_let.rs	0	8
/Users/chrishafley/projects/rust-analyzer/crates/ide-assists/src/handlers/replace_method_eager_lazy.rs	0	20
/Users/chrishafley/projects/rust-analyzer/crates/ide-assists/src/handlers/replace_named_generic_with_impl.rs	0	21
/Users/chrishafley/projects/rust-analyzer/crates/ide-assists/src/handlers/replace_qualified_name_with_use.rs	0	22
/Users/chrishafley/projects/rust-analyzer/crates/ide-assists/src/handlers/replace_string_with_char.rs	0	23
/Users/chrishafley/projects/rust-analyzer/crates/ide-assists/src/handlers/replace_turbofish_with_explicit_type.rs	0	14
/Users/chrishafley/projects/rust-analyzer/crates/ide-assists/src/handlers/sort_items.rs	0	33
/Users/chrishafley/projects/rust-analyzer/crates/ide-assists/src/handlers/split_import.rs	0	6
/Users/chrishafley/projects/rust-analyzer/crates/ide-assists/src/handlers/term_search.rs	0	22
/Users/chrishafley/projects/rust-analyzer/crates/ide-assists/src/handlers/toggle_async_sugar.rs	0	13
/Users/chrishafley/projects/rust-analyzer/crates/ide-assists/src/handlers/toggle_ignore.rs	0	4
/Users/chrishafley/projects/rust-analyzer/crates/ide-assists/src/handlers/toggle_macro_delimiter.rs	0	11
/Users/chrishafley/projects/rust-analyzer/crates/ide-assists/src/handlers/unmerge_imports.rs	0	12
/Users/chrishafley/projects/rust-analyzer/crates/ide-assists/src/handlers/unmerge_match_arm.rs	0	8
/Users/chrishafley/projects/rust-analyzer/crates/ide-assists/src/handlers/unnecessary_async.rs	0	15
/Users/chrishafley/projects/rust-analyzer/crates/ide-assists/src/handlers/unqualify_method_call.rs	0	11
/Users/chrishafley/projects/rust-analyzer/crates/ide-assists/src/handlers/unwrap_branch.rs	0	42
/Users/chrishafley/projects/rust-analyzer/crates/ide-assists/src/handlers/unwrap_return_type.rs	0	71
/Users/chrishafley/projects/rust-analyzer/crates/ide-assists/src/handlers/unwrap_tuple.rs	0	4
/Users/chrishafley/projects/rust-analyzer/crates/ide-assists/src/handlers/unwrap_type_to_generic_arg.rs	0	6
/Users/chrishafley/projects/rust-analyzer/crates/ide-assists/src/handlers/wrap_return_type.rs	0	74
/Users/chrishafley/projects/rust-analyzer/crates/ide-assists/src/handlers/wrap_unwrap_cfg_attr.rs	0	12
/Users/chrishafley/projects/rust-analyzer/crates/ide-assists/src/lib.rs	0	2
/Users/chrishafley/projects/rust-analyzer/crates/ide-assists/src/tests.rs	0	27
/Users/chrishafley/projects/rust-analyzer/crates/ide-assists/src/tests/generated.rs	0	176
/Users/chrishafley/projects/rust-analyzer/crates/ide-assists/src/utils.rs	0	62
/Users/chrishafley/projects/rust-analyzer/crates/ide-assists/src/utils/gen_trait_fn_body.rs	0	8
/Users/chrishafley/projects/rust-analyzer/crates/ide-assists/src/utils/ref_field_expr.rs	0	5
/Users/chrishafley/projects/rust-analyzer/crates/ide-completion/src/completions.rs	0	42
/Users/chrishafley/projects/rust-analyzer/crates/ide-completion/src/completions/attribute.rs	0	10
/Users/chrishafley/projects/rust-analyzer/crates/ide-completion/src/completions/attribute/cfg.rs	0	1
/Users/chrishafley/projects/rust-analyzer/crates/ide-completion/src/completions/attribute/derive.rs	0	2
/Users/chrishafley/projects/rust-analyzer/crates/ide-completion/src/completions/attribute/diagnostic.rs	0	2
/Users/chrishafley/projects/rust-analyzer/crates/ide-completion/src/completions/attribute/feature.rs	0	1
/Users/chrishafley/projects/rust-analyzer/crates/ide-completion/src/completions/attribute/lint.rs	0	1
/Users/chrishafley/projects/rust-analyzer/crates/ide-completion/src/completions/attribute/macro_use.rs	0	1
/Users/chrishafley/projects/rust-analyzer/crates/ide-completion/src/completions/attribute/repr.rs	0	3
/Users/chrishafley/projects/rust-analyzer/crates/ide-completion/src/completions/dot.rs	0	55
/Users/chrishafley/projects/rust-analyzer/crates/ide-completion/src/completions/env_vars.rs	0	7
/Users/chrishafley/projects/rust-analyzer/crates/ide-completion/src/completions/expr.rs	0	4
/Users/chrishafley/projects/rust-analyzer/crates/ide-completion/src/completions/extern_abi.rs	0	4
/Users/chrishafley/projects/rust-analyzer/crates/ide-completion/src/completions/extern_crate.rs	0	3
/Users/chrishafley/projects/rust-analyzer/crates/ide-completion/src/completions/field.rs	0	2
/Users/chrishafley/projects/rust-analyzer/crates/ide-completion/src/completions/flyimport.rs	0	10
/Users/chrishafley/projects/rust-analyzer/crates/ide-completion/src/completions/fn_param.rs	0	8
/Users/chrishafley/projects/rust-analyzer/crates/ide-completion/src/completions/format_string.rs	0	9
/Users/chrishafley/projects/rust-analyzer/crates/ide-completion/src/completions/item_list.rs	0	3
/Users/chrishafley/projects/rust-analyzer/crates/ide-completion/src/completions/item_list/trait_impl.rs	0	43
/Users/chrishafley/projects/rust-analyzer/crates/ide-completion/src/completions/keyword.rs	0	18
/Users/chrishafley/projects/rust-analyzer/crates/ide-completion/src/completions/lifetime.rs	0	17
/Users/chrishafley/projects/rust-analyzer/crates/ide-completion/src/completions/macro_def.rs	0	1
/Users/chrishafley/projects/rust-analyzer/crates/ide-completion/src/completions/mod_.rs	0	12
/Users/chrishafley/projects/rust-analyzer/crates/ide-completion/src/completions/pattern.rs	0	2
/Users/chrishafley/projects/rust-analyzer/crates/ide-completion/src/completions/postfix.rs	0	43
/Users/chrishafley/projects/rust-analyzer/crates/ide-completion/src/completions/postfix/format_like.rs	0	3
/Users/chrishafley/projects/rust-analyzer/crates/ide-completion/src/completions/ra_fixture.rs	0	2
/Users/chrishafley/projects/rust-analyzer/crates/ide-completion/src/completions/record.rs	0	12
/Users/chrishafley/projects/rust-analyzer/crates/ide-completion/src/completions/snippet.rs	0	5
/Users/chrishafley/projects/rust-analyzer/crates/ide-completion/src/completions/type.rs	0	2
/Users/chrishafley/projects/rust-analyzer/crates/ide-completion/src/completions/use_.rs	0	1
/Users/chrishafley/projects/rust-analyzer/crates/ide-completion/src/completions/vis.rs	0	1
/Users/chrishafley/projects/rust-analyzer/crates/ide-completion/src/config.rs	0	4
/Users/chrishafley/projects/rust-analyzer/crates/ide-completion/src/context.rs	0	29
/Users/chrishafley/projects/rust-analyzer/crates/ide-completion/src/context/analysis.rs	0	27
/Users/chrishafley/projects/rust-analyzer/crates/ide-completion/src/context/tests.rs	0	42
/Users/chrishafley/projects/rust-analyzer/crates/ide-completion/src/item.rs	0	31
/Users/chrishafley/projects/rust-analyzer/crates/ide-completion/src/lib.rs	0	4
/Users/chrishafley/projects/rust-analyzer/crates/ide-completion/src/render.rs	0	116
/Users/chrishafley/projects/rust-analyzer/crates/ide-completion/src/render/const_.rs	0	2
/Users/chrishafley/projects/rust-analyzer/crates/ide-completion/src/render/function.rs	0	28
/Users/chrishafley/projects/rust-analyzer/crates/ide-completion/src/render/literal.rs	0	9
/Users/chrishafley/projects/rust-analyzer/crates/ide-completion/src/render/macro_.rs	0	12
/Users/chrishafley/projects/rust-analyzer/crates/ide-completion/src/render/pattern.rs	0	6
/Users/chrishafley/projects/rust-analyzer/crates/ide-completion/src/render/type_alias.rs	0	3
/Users/chrishafley/projects/rust-analyzer/crates/ide-completion/src/render/union_literal.rs	0	1
/Users/chrishafley/projects/rust-analyzer/crates/ide-completion/src/render/variant.rs	0	5
/Users/chrishafley/projects/rust-analyzer/crates/ide-completion/src/snippet.rs	0	6
/Users/chrishafley/projects/rust-analyzer/crates/ide-completion/src/tests.rs	0	23
/Users/chrishafley/projects/rust-analyzer/crates/ide-completion/src/tests/attribute.rs	0	62
/Users/chrishafley/projects/rust-analyzer/crates/ide-completion/src/tests/expression.rs	0	72
/Users/chrishafley/projects/rust-analyzer/crates/ide-completion/src/tests/flyimport.rs	0	60
/Users/chrishafley/projects/rust-analyzer/crates/ide-completion/src/tests/fn_param.rs	0	18
/Users/chrishafley/projects/rust-analyzer/crates/ide-completion/src/tests/item.rs	0	15
/Users/chrishafley/projects/rust-analyzer/crates/ide-completion/src/tests/item_list.rs	0	24
/Users/chrishafley/projects/rust-analyzer/crates/ide-completion/src/tests/pattern.rs	0	33
/Users/chrishafley/projects/rust-analyzer/crates/ide-completion/src/tests/predicate.rs	0	8
/Users/chrishafley/projects/rust-analyzer/crates/ide-completion/src/tests/proc_macros.rs	0	6
/Users/chrishafley/projects/rust-analyzer/crates/ide-completion/src/tests/raw_identifiers.rs	0	3
/Users/chrishafley/projects/rust-analyzer/crates/ide-completion/src/tests/record.rs	0	17
/Users/chrishafley/projects/rust-analyzer/crates/ide-completion/src/tests/special.rs	0	55
/Users/chrishafley/projects/rust-analyzer/crates/ide-completion/src/tests/type_pos.rs	0	29
/Users/chrishafley/projects/rust-analyzer/crates/ide-completion/src/tests/use_tree.rs	0	20
/Users/chrishafley/projects/rust-analyzer/crates/ide-completion/src/tests/visibility.rs	0	7
/Users/chrishafley/projects/rust-analyzer/crates/ide-db/src/active_parameter.rs	0	10
/Users/chrishafley/projects/rust-analyzer/crates/ide-db/src/apply_change.rs	0	2
/Users/chrishafley/projects/rust-analyzer/crates/ide-db/src/assists.rs	0	10
/Users/chrishafley/projects/rust-analyzer/crates/ide-db/src/defs.rs	0	44
/Users/chrishafley/projects/rust-analyzer/crates/ide-db/src/documentation.rs	0	9
/Users/chrishafley/projects/rust-analyzer/crates/ide-db/src/famous_defs.rs	0	43
/Users/chrishafley/projects/rust-analyzer/crates/ide-db/src/generated/lints.rs	0	7
/Users/chrishafley/projects/rust-analyzer/crates/ide-db/src/helpers.rs	0	9
/Users/chrishafley/projects/rust-analyzer/crates/ide-db/src/imports/import_assets.rs	0	33
/Users/chrishafley/projects/rust-analyzer/crates/ide-db/src/imports/insert_use.rs	0	12
/Users/chrishafley/projects/rust-analyzer/crates/ide-db/src/imports/insert_use/tests.rs	0	100
/Users/chrishafley/projects/rust-analyzer/crates/ide-db/src/imports/merge_imports.rs	0	35
/Users/chrishafley/projects/rust-analyzer/crates/ide-db/src/items_locator.rs	0	3
/Users/chrishafley/projects/rust-analyzer/crates/ide-db/src/label.rs	0	6
/Users/chrishafley/projects/rust-analyzer/crates/ide-db/src/lib.rs	0	29
/Users/chrishafley/projects/rust-analyzer/crates/ide-db/src/path_transform.rs	0	22
/Users/chrishafley/projects/rust-analyzer/crates/ide-db/src/prime_caches.rs	0	2
/Users/chrishafley/projects/rust-analyzer/crates/ide-db/src/ra_fixture.rs	0	25
/Users/chrishafley/projects/rust-analyzer/crates/ide-db/src/range_mapper.rs	0	6
/Users/chrishafley/projects/rust-analyzer/crates/ide-db/src/rename.rs	0	12
/Users/chrishafley/projects/rust-analyzer/crates/ide-db/src/rust_doc.rs	0	18
/Users/chrishafley/projects/rust-analyzer/crates/ide-db/src/search.rs	0	53
/Users/chrishafley/projects/rust-analyzer/crates/ide-db/src/source_change.rs	0	34
/Users/chrishafley/projects/rust-analyzer/crates/ide-db/src/symbol_index.rs	0	46
/Users/chrishafley/projects/rust-analyzer/crates/ide-db/src/syntax_helpers/format_string.rs	0	6
/Users/chrishafley/projects/rust-analyzer/crates/ide-db/src/syntax_helpers/format_string_exprs.rs	0	5
/Users/chrishafley/projects/rust-analyzer/crates/ide-db/src/syntax_helpers/node_ext.rs	0	23
/Users/chrishafley/projects/rust-analyzer/crates/ide-db/src/syntax_helpers/suggest_name.rs	0	78
/Users/chrishafley/projects/rust-analyzer/crates/ide-db/src/syntax_helpers/tree_diff.rs	0	17
/Users/chrishafley/projects/rust-analyzer/crates/ide-db/src/text_edit.rs	0	38
/Users/chrishafley/projects/rust-analyzer/crates/ide-db/src/traits.rs	0	12
/Users/chrishafley/projects/rust-analyzer/crates/ide-db/src/ty_filter.rs	0	7
/Users/chrishafley/projects/rust-analyzer/crates/ide-db/src/use_trivial_constructor.rs	0	2
/Users/chrishafley/projects/rust-analyzer/crates/ide-diagnostics/src/handlers/array_pattern_without_fixed_length.rs	0	4
/Users/chrishafley/projects/rust-analyzer/crates/ide-diagnostics/src/handlers/await_outside_of_async.rs	0	6
/Users/chrishafley/projects/rust-analyzer/crates/ide-diagnostics/src/handlers/bad_rtn.rs	0	3
/Users/chrishafley/projects/rust-analyzer/crates/ide-diagnostics/src/handlers/break_outside_of_loop.rs	0	9
/Users/chrishafley/projects/rust-analyzer/crates/ide-diagnostics/src/handlers/cannot_be_dereferenced.rs	0	4
/Users/chrishafley/projects/rust-analyzer/crates/ide-diagnostics/src/handlers/cannot_implicitly_deref_trait_object.rs	0	3
/Users/chrishafley/projects/rust-analyzer/crates/ide-diagnostics/src/handlers/cannot_index_into.rs	0	4
/Users/chrishafley/projects/rust-analyzer/crates/ide-diagnostics/src/handlers/duplicate_field.rs	0	7
/Users/chrishafley/projects/rust-analyzer/crates/ide-diagnostics/src/handlers/elided_lifetimes_in_path.rs	0	5
/Users/chrishafley/projects/rust-analyzer/crates/ide-diagnostics/src/handlers/expected_array_or_slice_pat.rs	0	3
/Users/chrishafley/projects/rust-analyzer/crates/ide-diagnostics/src/handlers/expected_function.rs	0	3
/Users/chrishafley/projects/rust-analyzer/crates/ide-diagnostics/src/handlers/explicit_drop_method_use.rs	0	17
/Users/chrishafley/projects/rust-analyzer/crates/ide-diagnostics/src/handlers/field_shorthand.rs	0	6
/Users/chrishafley/projects/rust-analyzer/crates/ide-diagnostics/src/handlers/fru_in_destructuring_assignment.rs	0	4
/Users/chrishafley/projects/rust-analyzer/crates/ide-diagnostics/src/handlers/functional_record_update_on_non_struct.rs	0	3
/Users/chrishafley/projects/rust-analyzer/crates/ide-diagnostics/src/handlers/generic_args_prohibited.rs	0	29
/Users/chrishafley/projects/rust-analyzer/crates/ide-diagnostics/src/handlers/generic_default_refers_to_self.rs	0	3
/Users/chrishafley/projects/rust-analyzer/crates/ide-diagnostics/src/handlers/inactive_code.rs	0	13
/Users/chrishafley/projects/rust-analyzer/crates/ide-diagnostics/src/handlers/incoherent_impl.rs	0	4
/Users/chrishafley/projects/rust-analyzer/crates/ide-diagnostics/src/handlers/incorrect_case.rs	0	54
/Users/chrishafley/projects/rust-analyzer/crates/ide-diagnostics/src/handlers/incorrect_generics_len.rs	0	14
/Users/chrishafley/projects/rust-analyzer/crates/ide-diagnostics/src/handlers/incorrect_generics_order.rs	0	4
/Users/chrishafley/projects/rust-analyzer/crates/ide-diagnostics/src/handlers/infer_vars_not_allowed.rs	0	4
/Users/chrishafley/projects/rust-analyzer/crates/ide-diagnostics/src/handlers/invalid_cast.rs	0	34
/Users/chrishafley/projects/rust-analyzer/crates/ide-diagnostics/src/handlers/invalid_derive_target.rs	0	2
/Users/chrishafley/projects/rust-analyzer/crates/ide-diagnostics/src/handlers/invalid_lhs_of_assignment.rs	0	6
/Users/chrishafley/projects/rust-analyzer/crates/ide-diagnostics/src/handlers/invalid_range_pat_type.rs	0	3
/Users/chrishafley/projects/rust-analyzer/crates/ide-diagnostics/src/handlers/json_is_not_rust.rs	0	11
/Users/chrishafley/projects/rust-analyzer/crates/ide-diagnostics/src/handlers/macro_error.rs	0	17
/Users/chrishafley/projects/rust-analyzer/crates/ide-diagnostics/src/handlers/malformed_derive.rs	0	2
/Users/chrishafley/projects/rust-analyzer/crates/ide-diagnostics/src/handlers/method_call_illegal_sized_bound.rs	0	4
/Users/chrishafley/projects/rust-analyzer/crates/ide-diagnostics/src/handlers/mismatched_arg_count.rs	0	23
/Users/chrishafley/projects/rust-analyzer/crates/ide-diagnostics/src/handlers/mismatched_array_pat_len.rs	0	8
/Users/chrishafley/projects/rust-analyzer/crates/ide-diagnostics/src/handlers/missing_fields.rs	0	33
/Users/chrishafley/projects/rust-analyzer/crates/ide-diagnostics/src/handlers/missing_lifetime.rs	0	9
/Users/chrishafley/projects/rust-analyzer/crates/ide-diagnostics/src/handlers/missing_match_arms.rs	0	55
/Users/chrishafley/projects/rust-analyzer/crates/ide-diagnostics/src/handlers/missing_unsafe.rs	0	49
/Users/chrishafley/projects/rust-analyzer/crates/ide-diagnostics/src/handlers/mut_ref_in_imm_ref_pat.rs	0	2
/Users/chrishafley/projects/rust-analyzer/crates/ide-diagnostics/src/handlers/mutable_ref.rs	0	3
/Users/chrishafley/projects/rust-analyzer/crates/ide-diagnostics/src/handlers/no_such_field.rs	0	22
/Users/chrishafley/projects/rust-analyzer/crates/ide-diagnostics/src/handlers/non_exhaustive_let.rs	0	17
/Users/chrishafley/projects/rust-analyzer/crates/ide-diagnostics/src/handlers/non_exhaustive_record_expr.rs	0	2
/Users/chrishafley/projects/rust-analyzer/crates/ide-diagnostics/src/handlers/non_exhaustive_record_pat.rs	0	3
/Users/chrishafley/projects/rust-analyzer/crates/ide-diagnostics/src/handlers/parenthesized_generic_args_without_fn_trait.rs	0	3
/Users/chrishafley/projects/rust-analyzer/crates/ide-diagnostics/src/handlers/pattern_arg_in_extern_fn.rs	0	7
/Users/chrishafley/projects/rust-analyzer/crates/ide-diagnostics/src/handlers/private_assoc_item.rs	0	6
/Users/chrishafley/projects/rust-analyzer/crates/ide-diagnostics/src/handlers/private_field.rs	0	14
/Users/chrishafley/projects/rust-analyzer/crates/ide-diagnostics/src/handlers/remove_trailing_return.rs	0	19
/Users/chrishafley/projects/rust-analyzer/crates/ide-diagnostics/src/handlers/remove_unnecessary_else.rs	0	14
/Users/chrishafley/projects/rust-analyzer/crates/ide-diagnostics/src/handlers/replace_filter_map_next_with_find_map.rs	0	10
/Users/chrishafley/projects/rust-analyzer/crates/ide-diagnostics/src/handlers/return_outside_function.rs	0	7
/Users/chrishafley/projects/rust-analyzer/crates/ide-diagnostics/src/handlers/trait_impl_incorrect_safety.rs	0	6
/Users/chrishafley/projects/rust-analyzer/crates/ide-diagnostics/src/handlers/trait_impl_missing_assoc_item.rs	0	7
/Users/chrishafley/projects/rust-analyzer/crates/ide-diagnostics/src/handlers/trait_impl_orphan.rs	0	8
/Users/chrishafley/projects/rust-analyzer/crates/ide-diagnostics/src/handlers/trait_impl_redundant_assoc_item.rs	0	12
/Users/chrishafley/projects/rust-analyzer/crates/ide-diagnostics/src/handlers/type_mismatch.rs	0	81
/Users/chrishafley/projects/rust-analyzer/crates/ide-diagnostics/src/handlers/type_must_be_known.rs	0	8
/Users/chrishafley/projects/rust-analyzer/crates/ide-diagnostics/src/handlers/typed_hole.rs	0	15
/Users/chrishafley/projects/rust-analyzer/crates/ide-diagnostics/src/handlers/unary_operator_cannot_be_applied.rs	0	9
/Users/chrishafley/projects/rust-analyzer/crates/ide-diagnostics/src/handlers/undeclared_label.rs	0	6
/Users/chrishafley/projects/rust-analyzer/crates/ide-diagnostics/src/handlers/unimplemented_builtin_macro.rs	0	1
/Users/chrishafley/projects/rust-analyzer/crates/ide-diagnostics/src/handlers/unimplemented_trait.rs	0	5
/Users/chrishafley/projects/rust-analyzer/crates/ide-diagnostics/src/handlers/union_expr_must_have_exactly_one_field.rs	0	2
/Users/chrishafley/projects/rust-analyzer/crates/ide-diagnostics/src/handlers/union_pat_has_rest.rs	0	2
/Users/chrishafley/projects/rust-analyzer/crates/ide-diagnostics/src/handlers/union_pat_must_have_exactly_one_field.rs	0	2
/Users/chrishafley/projects/rust-analyzer/crates/ide-diagnostics/src/handlers/unlinked_file.rs	0	23
/Users/chrishafley/projects/rust-analyzer/crates/ide-diagnostics/src/handlers/unreachable_label.rs	0	5
/Users/chrishafley/projects/rust-analyzer/crates/ide-diagnostics/src/handlers/unresolved_assoc_item.rs	0	4
/Users/chrishafley/projects/rust-analyzer/crates/ide-diagnostics/src/handlers/unresolved_extern_crate.rs	0	3
/Users/chrishafley/projects/rust-analyzer/crates/ide-diagnostics/src/handlers/unresolved_field.rs	0	21
/Users/chrishafley/projects/rust-analyzer/crates/ide-diagnostics/src/handlers/unresolved_ident.rs	0	5
/Users/chrishafley/projects/rust-analyzer/crates/ide-diagnostics/src/handlers/unresolved_import.rs	0	4
/Users/chrishafley/projects/rust-analyzer/crates/ide-diagnostics/src/handlers/unresolved_macro_call.rs	0	7
/Users/chrishafley/projects/rust-analyzer/crates/ide-diagnostics/src/handlers/unresolved_method.rs	0	13
/Users/chrishafley/projects/rust-analyzer/crates/ide-diagnostics/src/handlers/unresolved_module.rs	0	4
/Users/chrishafley/projects/rust-analyzer/crates/ide-diagnostics/src/handlers/unused_must_use.rs	0	16
/Users/chrishafley/projects/rust-analyzer/crates/ide-diagnostics/src/handlers/useless_braces.rs	0	3
/Users/chrishafley/projects/rust-analyzer/crates/ide-diagnostics/src/handlers/yield_outside_coroutine.rs	0	2
/Users/chrishafley/projects/rust-analyzer/crates/ide-diagnostics/src/lib.rs	0	30
/Users/chrishafley/projects/rust-analyzer/crates/ide-diagnostics/src/tests.rs	0	14
/Users/chrishafley/projects/rust-analyzer/crates/ide-diagnostics/src/tests/overly_long_real_world_cases.rs	0	1
/Users/chrishafley/projects/rust-analyzer/crates/ide-ssr/src/errors.rs	0	2
/Users/chrishafley/projects/rust-analyzer/crates/ide-ssr/src/fragments.rs	0	6
/Users/chrishafley/projects/rust-analyzer/crates/ide-ssr/src/from_comment.rs	0	1
/Users/chrishafley/projects/rust-analyzer/crates/ide-ssr/src/lib.rs	0	13
/Users/chrishafley/projects/rust-analyzer/crates/ide-ssr/src/matching.rs	0	29
/Users/chrishafley/projects/rust-analyzer/crates/ide-ssr/src/nester.rs	0	4
/Users/chrishafley/projects/rust-analyzer/crates/ide-ssr/src/parsing.rs	0	21
/Users/chrishafley/projects/rust-analyzer/crates/ide-ssr/src/replacing.rs	0	11
/Users/chrishafley/projects/rust-analyzer/crates/ide-ssr/src/resolving.rs	0	13
/Users/chrishafley/projects/rust-analyzer/crates/ide-ssr/src/search.rs	0	14
/Users/chrishafley/projects/rust-analyzer/crates/ide-ssr/src/tests.rs	0	83
/Users/chrishafley/projects/rust-analyzer/crates/ide/src/annotations.rs	0	18
/Users/chrishafley/projects/rust-analyzer/crates/ide/src/annotations/fn_references.rs	0	6
/Users/chrishafley/projects/rust-analyzer/crates/ide/src/call_hierarchy.rs	0	23
/Users/chrishafley/projects/rust-analyzer/crates/ide/src/child_modules.rs	0	6
/Users/chrishafley/projects/rust-analyzer/crates/ide/src/doc_links.rs	0	19
/Users/chrishafley/projects/rust-analyzer/crates/ide/src/doc_links/intra_doc_links.rs	0	4
/Users/chrishafley/projects/rust-analyzer/crates/ide/src/doc_links/tests.rs	0	36
/Users/chrishafley/projects/rust-analyzer/crates/ide/src/expand_macro.rs	0	33
/Users/chrishafley/projects/rust-analyzer/crates/ide/src/extend_selection.rs	0	33
/Users/chrishafley/projects/rust-analyzer/crates/ide/src/fetch_crates.rs	0	3
/Users/chrishafley/projects/rust-analyzer/crates/ide/src/file_structure.rs	0	13
/Users/chrishafley/projects/rust-analyzer/crates/ide/src/fixture.rs	0	6
/Users/chrishafley/projects/rust-analyzer/crates/ide/src/folding_ranges.rs	0	38
/Users/chrishafley/projects/rust-analyzer/crates/ide/src/goto_declaration.rs	0	12
/Users/chrishafley/projects/rust-analyzer/crates/ide/src/goto_definition.rs	0	183
/Users/chrishafley/projects/rust-analyzer/crates/ide/src/goto_implementation.rs	0	23
/Users/chrishafley/projects/rust-analyzer/crates/ide/src/goto_type_definition.rs	0	16
/Users/chrishafley/projects/rust-analyzer/crates/ide/src/highlight_related.rs	0	95
/Users/chrishafley/projects/rust-analyzer/crates/ide/src/hover.rs	0	14
/Users/chrishafley/projects/rust-analyzer/crates/ide/src/hover/render.rs	0	28
/Users/chrishafley/projects/rust-analyzer/crates/ide/src/hover/tests.rs	0	288
/Users/chrishafley/projects/rust-analyzer/crates/ide/src/inlay_hints.rs	0	47
/Users/chrishafley/projects/rust-analyzer/crates/ide/src/inlay_hints/adjustment.rs	0	13
/Users/chrishafley/projects/rust-analyzer/crates/ide/src/inlay_hints/bind_pat.rs	0	46
/Users/chrishafley/projects/rust-analyzer/crates/ide/src/inlay_hints/binding_mode.rs	0	4
/Users/chrishafley/projects/rust-analyzer/crates/ide/src/inlay_hints/bounds.rs	0	6
/Users/chrishafley/projects/rust-analyzer/crates/ide/src/inlay_hints/chaining.rs	0	11
/Users/chrishafley/projects/rust-analyzer/crates/ide/src/inlay_hints/closing_brace.rs	0	11
/Users/chrishafley/projects/rust-analyzer/crates/ide/src/inlay_hints/closure_captures.rs	0	8
/Users/chrishafley/projects/rust-analyzer/crates/ide/src/inlay_hints/closure_ret.rs	0	2
/Users/chrishafley/projects/rust-analyzer/crates/ide/src/inlay_hints/discriminant.rs	0	8
/Users/chrishafley/projects/rust-analyzer/crates/ide/src/inlay_hints/extern_block.rs	0	6
/Users/chrishafley/projects/rust-analyzer/crates/ide/src/inlay_hints/generic_param.rs	0	14
/Users/chrishafley/projects/rust-analyzer/crates/ide/src/inlay_hints/implicit_drop.rs	0	8
/Users/chrishafley/projects/rust-analyzer/crates/ide/src/inlay_hints/implicit_static.rs	0	2
/Users/chrishafley/projects/rust-analyzer/crates/ide/src/inlay_hints/implied_dyn_trait.rs	0	7
/Users/chrishafley/projects/rust-analyzer/crates/ide/src/inlay_hints/lifetime.rs	0	11
/Users/chrishafley/projects/rust-analyzer/crates/ide/src/inlay_hints/param_name.rs	0	31
/Users/chrishafley/projects/rust-analyzer/crates/ide/src/inlay_hints/placeholders.rs	0	4
/Users/chrishafley/projects/rust-analyzer/crates/ide/src/inlay_hints/ra_fixture.rs	0	1
/Users/chrishafley/projects/rust-analyzer/crates/ide/src/inlay_hints/range_exclusive.rs	0	8
/Users/chrishafley/projects/rust-analyzer/crates/ide/src/interpret.rs	0	3
/Users/chrishafley/projects/rust-analyzer/crates/ide/src/join_lines.rs	0	38
/Users/chrishafley/projects/rust-analyzer/crates/ide/src/lib.rs	0	94
/Users/chrishafley/projects/rust-analyzer/crates/ide/src/markdown_remove.rs	0	3
/Users/chrishafley/projects/rust-analyzer/crates/ide/src/markup.rs	0	6
/Users/chrishafley/projects/rust-analyzer/crates/ide/src/matching_brace.rs	0	3
/Users/chrishafley/projects/rust-analyzer/crates/ide/src/moniker.rs	0	19
/Users/chrishafley/projects/rust-analyzer/crates/ide/src/move_item.rs	0	29
/Users/chrishafley/projects/rust-analyzer/crates/ide/src/navigation_target.rs	0	54
/Users/chrishafley/projects/rust-analyzer/crates/ide/src/parent_module.rs	0	9
/Users/chrishafley/projects/rust-analyzer/crates/ide/src/predicate_eval.rs	0	12
/Users/chrishafley/projects/rust-analyzer/crates/ide/src/references.rs	0	116
/Users/chrishafley/projects/rust-analyzer/crates/ide/src/rename.rs	0	140
/Users/chrishafley/projects/rust-analyzer/crates/ide/src/runnables.rs	0	56
/Users/chrishafley/projects/rust-analyzer/crates/ide/src/signature_help.rs	0	84
/Users/chrishafley/projects/rust-analyzer/crates/ide/src/ssr.rs	0	5
/Users/chrishafley/projects/rust-analyzer/crates/ide/src/static_index.rs	0	22
/Users/chrishafley/projects/rust-analyzer/crates/ide/src/status.rs	0	1
/Users/chrishafley/projects/rust-analyzer/crates/ide/src/syntax_highlighting.rs	0	5
/Users/chrishafley/projects/rust-analyzer/crates/ide/src/syntax_highlighting/escape.rs	0	3
/Users/chrishafley/projects/rust-analyzer/crates/ide/src/syntax_highlighting/format.rs	0	2
/Users/chrishafley/projects/rust-analyzer/crates/ide/src/syntax_highlighting/highlight.rs	0	14
/Users/chrishafley/projects/rust-analyzer/crates/ide/src/syntax_highlighting/highlights.rs	0	7
/Users/chrishafley/projects/rust-analyzer/crates/ide/src/syntax_highlighting/html.rs	0	4
/Users/chrishafley/projects/rust-analyzer/crates/ide/src/syntax_highlighting/inject.rs	0	3
/Users/chrishafley/projects/rust-analyzer/crates/ide/src/syntax_highlighting/tags.rs	0	19
/Users/chrishafley/projects/rust-analyzer/crates/ide/src/syntax_highlighting/tests.rs	0	41
/Users/chrishafley/projects/rust-analyzer/crates/ide/src/test_explorer.rs	0	7
/Users/chrishafley/projects/rust-analyzer/crates/ide/src/typing.rs	0	50
/Users/chrishafley/projects/rust-analyzer/crates/ide/src/typing/on_enter.rs	0	32
/Users/chrishafley/projects/rust-analyzer/crates/ide/src/view_crate_graph.rs	0	9
/Users/chrishafley/projects/rust-analyzer/crates/ide/src/view_hir.rs	0	1
/Users/chrishafley/projects/rust-analyzer/crates/ide/src/view_item_tree.rs	0	1
/Users/chrishafley/projects/rust-analyzer/crates/ide/src/view_memory_layout.rs	0	15
/Users/chrishafley/projects/rust-analyzer/crates/ide/src/view_mir.rs	0	2
/Users/chrishafley/projects/rust-analyzer/crates/ide/src/view_syntax_tree.rs	0	8
/Users/chrishafley/projects/rust-analyzer/crates/intern/src/gc.rs	0	22
/Users/chrishafley/projects/rust-analyzer/crates/intern/src/intern.rs	0	31
/Users/chrishafley/projects/rust-analyzer/crates/intern/src/intern_slice.rs	0	25
/Users/chrishafley/projects/rust-analyzer/crates/intern/src/lib.rs	0	0
/Users/chrishafley/projects/rust-analyzer/crates/intern/src/symbol.rs	0	21
/Users/chrishafley/projects/rust-analyzer/crates/intern/src/symbol/symbols.rs	0	541
/Users/chrishafley/projects/rust-analyzer/crates/load-cargo/src/lib.rs	0	26
/Users/chrishafley/projects/rust-analyzer/crates/macros/src/lib.rs	0	5
/Users/chrishafley/projects/rust-analyzer/crates/mbe/src/benchmark.rs	0	11
/Users/chrishafley/projects/rust-analyzer/crates/mbe/src/expander.rs	0	2
/Users/chrishafley/projects/rust-analyzer/crates/mbe/src/expander/matcher.rs	0	36
/Users/chrishafley/projects/rust-analyzer/crates/mbe/src/expander/transcriber.rs	0	9
/Users/chrishafley/projects/rust-analyzer/crates/mbe/src/lib.rs	0	28
/Users/chrishafley/projects/rust-analyzer/crates/mbe/src/macro_call_style.rs	0	1
/Users/chrishafley/projects/rust-analyzer/crates/mbe/src/parser.rs	0	14
/Users/chrishafley/projects/rust-analyzer/crates/mbe/src/tests.rs	0	7
/Users/chrishafley/projects/rust-analyzer/crates/parser/src/event.rs	0	2
/Users/chrishafley/projects/rust-analyzer/crates/parser/src/frontmatter.rs	0	22
/Users/chrishafley/projects/rust-analyzer/crates/parser/src/grammar.rs	0	41
/Users/chrishafley/projects/rust-analyzer/crates/parser/src/grammar/attributes.rs	0	9
/Users/chrishafley/projects/rust-analyzer/crates/parser/src/grammar/expressions.rs	0	22
/Users/chrishafley/projects/rust-analyzer/crates/parser/src/grammar/expressions/atom.rs	0	32
/Users/chrishafley/projects/rust-analyzer/crates/parser/src/grammar/generic_args.rs	0	8
/Users/chrishafley/projects/rust-analyzer/crates/parser/src/grammar/generic_params.rs	0	16
/Users/chrishafley/projects/rust-analyzer/crates/parser/src/grammar/items.rs	0	16
/Users/chrishafley/projects/rust-analyzer/crates/parser/src/grammar/items/adt.rs	0	10
/Users/chrishafley/projects/rust-analyzer/crates/parser/src/grammar/items/consts.rs	0	3
/Users/chrishafley/projects/rust-analyzer/crates/parser/src/grammar/items/traits.rs	0	5
/Users/chrishafley/projects/rust-analyzer/crates/parser/src/grammar/items/use_item.rs	0	5
/Users/chrishafley/projects/rust-analyzer/crates/parser/src/grammar/params.rs	0	9
/Users/chrishafley/projects/rust-analyzer/crates/parser/src/grammar/paths.rs	0	15
/Users/chrishafley/projects/rust-analyzer/crates/parser/src/grammar/patterns.rs	0	26
/Users/chrishafley/projects/rust-analyzer/crates/parser/src/grammar/types.rs	0	24
/Users/chrishafley/projects/rust-analyzer/crates/parser/src/input.rs	0	11
/Users/chrishafley/projects/rust-analyzer/crates/parser/src/lexed_str.rs	0	21
/Users/chrishafley/projects/rust-analyzer/crates/parser/src/lib.rs	0	5
/Users/chrishafley/projects/rust-analyzer/crates/parser/src/output.rs	0	7
/Users/chrishafley/projects/rust-analyzer/crates/parser/src/parser.rs	0	35
/Users/chrishafley/projects/rust-analyzer/crates/parser/src/shortcuts.rs	0	13
/Users/chrishafley/projects/rust-analyzer/crates/parser/src/syntax_kind.rs	0	4
/Users/chrishafley/projects/rust-analyzer/crates/parser/src/syntax_kind/generated.rs	0	14
/Users/chrishafley/projects/rust-analyzer/crates/parser/src/tests.rs	0	12
/Users/chrishafley/projects/rust-analyzer/crates/parser/src/tests/prefix_entries.rs	0	10
/Users/chrishafley/projects/rust-analyzer/crates/parser/src/tests/top_entries.rs	0	7
/Users/chrishafley/projects/rust-analyzer/crates/parser/src/token_set.rs	0	4
/Users/chrishafley/projects/rust-analyzer/crates/paths/src/lib.rs	0	58
/Users/chrishafley/projects/rust-analyzer/crates/proc-macro-api/src/bidirectional_protocol.rs	0	10
/Users/chrishafley/projects/rust-analyzer/crates/proc-macro-api/src/bidirectional_protocol/msg.rs	0	2
/Users/chrishafley/projects/rust-analyzer/crates/proc-macro-api/src/legacy_protocol.rs	0	7
/Users/chrishafley/projects/rust-analyzer/crates/proc-macro-api/src/legacy_protocol/msg.rs	0	13
/Users/chrishafley/projects/rust-analyzer/crates/proc-macro-api/src/legacy_protocol/msg/flat.rs	0	41
/Users/chrishafley/projects/rust-analyzer/crates/proc-macro-api/src/lib.rs	0	14
/Users/chrishafley/projects/rust-analyzer/crates/proc-macro-api/src/pool.rs	0	5
/Users/chrishafley/projects/rust-analyzer/crates/proc-macro-api/src/process.rs	0	19
/Users/chrishafley/projects/rust-analyzer/crates/proc-macro-api/src/transport.rs	0	0
/Users/chrishafley/projects/rust-analyzer/crates/proc-macro-api/src/transport/json.rs	0	4
/Users/chrishafley/projects/rust-analyzer/crates/proc-macro-api/src/transport/postcard.rs	0	4
/Users/chrishafley/projects/rust-analyzer/crates/proc-macro-srv-cli/build.rs	0	3
/Users/chrishafley/projects/rust-analyzer/crates/proc-macro-srv-cli/src/lib.rs	0	0
/Users/chrishafley/projects/rust-analyzer/crates/proc-macro-srv-cli/src/main.rs	0	6
/Users/chrishafley/projects/rust-analyzer/crates/proc-macro-srv-cli/src/main_loop.rs	0	21
/Users/chrishafley/projects/rust-analyzer/crates/proc-macro-srv-cli/src/version.rs	0	2
/Users/chrishafley/projects/rust-analyzer/crates/proc-macro-srv-cli/tests/bidirectional_postcard.rs	0	8
/Users/chrishafley/projects/rust-analyzer/crates/proc-macro-srv-cli/tests/common/utils.rs	0	19
/Users/chrishafley/projects/rust-analyzer/crates/proc-macro-srv-cli/tests/legacy_json.rs	0	8
/Users/chrishafley/projects/rust-analyzer/crates/proc-macro-srv/build.rs	0	1
/Users/chrishafley/projects/rust-analyzer/crates/proc-macro-srv/proc-macro-test/build.rs	0	1
/Users/chrishafley/projects/rust-analyzer/crates/proc-macro-srv/proc-macro-test/imp/build.rs	0	1
/Users/chrishafley/projects/rust-analyzer/crates/proc-macro-srv/proc-macro-test/imp/src/lib.rs	0	18
/Users/chrishafley/projects/rust-analyzer/crates/proc-macro-srv/proc-macro-test/src/lib.rs	0	0
/Users/chrishafley/projects/rust-analyzer/crates/proc-macro-srv/src/bridge.rs	0	0
/Users/chrishafley/projects/rust-analyzer/crates/proc-macro-srv/src/dylib.rs	0	7
/Users/chrishafley/projects/rust-analyzer/crates/proc-macro-srv/src/dylib/proc_macros.rs	0	4
/Users/chrishafley/projects/rust-analyzer/crates/proc-macro-srv/src/lib.rs	0	24
/Users/chrishafley/projects/rust-analyzer/crates/proc-macro-srv/src/server_impl.rs	0	1
/Users/chrishafley/projects/rust-analyzer/crates/proc-macro-srv/src/server_impl/rust_analyzer_span.rs	0	35
/Users/chrishafley/projects/rust-analyzer/crates/proc-macro-srv/src/server_impl/token_id.rs	0	36
/Users/chrishafley/projects/rust-analyzer/crates/proc-macro-srv/src/tests/mod.rs	0	19
/Users/chrishafley/projects/rust-analyzer/crates/proc-macro-srv/src/tests/utils.rs	0	16
/Users/chrishafley/projects/rust-analyzer/crates/proc-macro-srv/src/token_stream.rs	0	26
/Users/chrishafley/projects/rust-analyzer/crates/profile/src/google_cpu_profiler.rs	0	3
/Users/chrishafley/projects/rust-analyzer/crates/profile/src/lib.rs	0	3
/Users/chrishafley/projects/rust-analyzer/crates/profile/src/memory_usage.rs	0	9
/Users/chrishafley/projects/rust-analyzer/crates/profile/src/stop_watch.rs	0	3
/Users/chrishafley/projects/rust-analyzer/crates/project-model/src/build_dependencies.rs	0	10
/Users/chrishafley/projects/rust-analyzer/crates/project-model/src/cargo_config_file.rs	0	9
/Users/chrishafley/projects/rust-analyzer/crates/project-model/src/cargo_workspace.rs	0	27
/Users/chrishafley/projects/rust-analyzer/crates/project-model/src/env.rs	0	6
/Users/chrishafley/projects/rust-analyzer/crates/project-model/src/lib.rs	0	15
/Users/chrishafley/projects/rust-analyzer/crates/project-model/src/manifest_path.rs	0	12
/Users/chrishafley/projects/rust-analyzer/crates/project-model/src/project_json.rs	0	22
/Users/chrishafley/projects/rust-analyzer/crates/project-model/src/sysroot.rs	0	31
/Users/chrishafley/projects/rust-analyzer/crates/project-model/src/tests.rs	0	22
/Users/chrishafley/projects/rust-analyzer/crates/project-model/src/toolchain_info/rustc_cfg.rs	0	4
/Users/chrishafley/projects/rust-analyzer/crates/project-model/src/toolchain_info/target_data.rs	0	4
/Users/chrishafley/projects/rust-analyzer/crates/project-model/src/toolchain_info/target_tuple.rs	0	6
/Users/chrishafley/projects/rust-analyzer/crates/project-model/src/toolchain_info/version.rs	0	3
/Users/chrishafley/projects/rust-analyzer/crates/project-model/src/workspace.rs	0	33
/Users/chrishafley/projects/rust-analyzer/crates/rust-analyzer/build.rs	0	3
/Users/chrishafley/projects/rust-analyzer/crates/rust-analyzer/src/bin/main.rs	0	6
/Users/chrishafley/projects/rust-analyzer/crates/rust-analyzer/src/bin/rustc_wrapper.rs	0	3
/Users/chrishafley/projects/rust-analyzer/crates/rust-analyzer/src/cli.rs	0	7
/Users/chrishafley/projects/rust-analyzer/crates/rust-analyzer/src/cli/analysis_stats.rs	0	25
/Users/chrishafley/projects/rust-analyzer/crates/rust-analyzer/src/cli/diagnostics.rs	0	3
/Users/chrishafley/projects/rust-analyzer/crates/rust-analyzer/src/cli/flags.rs	0	6
/Users/chrishafley/projects/rust-analyzer/crates/rust-analyzer/src/cli/highlight.rs	0	1
/Users/chrishafley/projects/rust-analyzer/crates/rust-analyzer/src/cli/lsif.rs	0	13
/Users/chrishafley/projects/rust-analyzer/crates/rust-analyzer/src/cli/lsif/vendored.rs	0	0
/Users/chrishafley/projects/rust-analyzer/crates/rust-analyzer/src/cli/parse.rs	0	4
/Users/chrishafley/projects/rust-analyzer/crates/rust-analyzer/src/cli/prime_caches.rs	0	1
/Users/chrishafley/projects/rust-analyzer/crates/rust-analyzer/src/cli/progress_report.rs	0	14
/Users/chrishafley/projects/rust-analyzer/crates/rust-analyzer/src/cli/run_tests.rs	0	2
/Users/chrishafley/projects/rust-analyzer/crates/rust-analyzer/src/cli/rustc_tests.rs	0	7
/Users/chrishafley/projects/rust-analyzer/crates/rust-analyzer/src/cli/scip.rs	0	36
/Users/chrishafley/projects/rust-analyzer/crates/rust-analyzer/src/cli/ssr.rs	0	2
/Users/chrishafley/projects/rust-analyzer/crates/rust-analyzer/src/cli/symbols.rs	0	1
/Users/chrishafley/projects/rust-analyzer/crates/rust-analyzer/src/cli/unresolved_references.rs	0	5
/Users/chrishafley/projects/rust-analyzer/crates/rust-analyzer/src/command.rs	0	11
/Users/chrishafley/projects/rust-analyzer/crates/rust-analyzer/src/config.rs	0	140
/Users/chrishafley/projects/rust-analyzer/crates/rust-analyzer/src/config/patch_old_style.rs	0	4
/Users/chrishafley/projects/rust-analyzer/crates/rust-analyzer/src/diagnostics.rs	0	14
/Users/chrishafley/projects/rust-analyzer/crates/rust-analyzer/src/diagnostics/flycheck_to_proto.rs	0	25
/Users/chrishafley/projects/rust-analyzer/crates/rust-analyzer/src/discover.rs	0	8
/Users/chrishafley/projects/rust-analyzer/crates/rust-analyzer/src/flycheck.rs	0	29
/Users/chrishafley/projects/rust-analyzer/crates/rust-analyzer/src/global_state.rs	0	34
/Users/chrishafley/projects/rust-analyzer/crates/rust-analyzer/src/handlers/dispatch.rs	0	17
/Users/chrishafley/projects/rust-analyzer/crates/rust-analyzer/src/handlers/notification.rs	0	14
/Users/chrishafley/projects/rust-analyzer/crates/rust-analyzer/src/handlers/request.rs	0	84
/Users/chrishafley/projects/rust-analyzer/crates/rust-analyzer/src/integrated_benchmarks.rs	0	6
/Users/chrishafley/projects/rust-analyzer/crates/rust-analyzer/src/lib.rs	0	3
/Users/chrishafley/projects/rust-analyzer/crates/rust-analyzer/src/line_index.rs	0	5
/Users/chrishafley/projects/rust-analyzer/crates/rust-analyzer/src/lsp.rs	0	4
/Users/chrishafley/projects/rust-analyzer/crates/rust-analyzer/src/lsp/capabilities.rs	0	46
/Users/chrishafley/projects/rust-analyzer/crates/rust-analyzer/src/lsp/ext.rs	0	4
/Users/chrishafley/projects/rust-analyzer/crates/rust-analyzer/src/lsp/from_proto.rs	0	10
/Users/chrishafley/projects/rust-analyzer/crates/rust-analyzer/src/lsp/semantic_tokens.rs	0	20
/Users/chrishafley/projects/rust-analyzer/crates/rust-analyzer/src/lsp/to_proto.rs	0	83
/Users/chrishafley/projects/rust-analyzer/crates/rust-analyzer/src/lsp/utils.rs	0	13
/Users/chrishafley/projects/rust-analyzer/crates/rust-analyzer/src/main_loop.rs	0	21
/Users/chrishafley/projects/rust-analyzer/crates/rust-analyzer/src/mem_docs.rs	0	8
/Users/chrishafley/projects/rust-analyzer/crates/rust-analyzer/src/op_queue.rs	0	7
/Users/chrishafley/projects/rust-analyzer/crates/rust-analyzer/src/priming_scope.rs	0	11
/Users/chrishafley/projects/rust-analyzer/crates/rust-analyzer/src/reload.rs	0	16
/Users/chrishafley/projects/rust-analyzer/crates/rust-analyzer/src/session.rs	0	4
/Users/chrishafley/projects/rust-analyzer/crates/rust-analyzer/src/target_spec.rs	0	11
/Users/chrishafley/projects/rust-analyzer/crates/rust-analyzer/src/task_pool.rs	0	4
/Users/chrishafley/projects/rust-analyzer/crates/rust-analyzer/src/test_runner.rs	0	5
/Users/chrishafley/projects/rust-analyzer/crates/rust-analyzer/src/tracing/config.rs	0	1
/Users/chrishafley/projects/rust-analyzer/crates/rust-analyzer/src/tracing/hprof.rs	0	13
/Users/chrishafley/projects/rust-analyzer/crates/rust-analyzer/src/tracing/json.rs	0	6
/Users/chrishafley/projects/rust-analyzer/crates/rust-analyzer/src/version.rs	0	2
/Users/chrishafley/projects/rust-analyzer/crates/rust-analyzer/tests/slow-tests/cli.rs	0	1
/Users/chrishafley/projects/rust-analyzer/crates/rust-analyzer/tests/slow-tests/flycheck.rs	0	6
/Users/chrishafley/projects/rust-analyzer/crates/rust-analyzer/tests/slow-tests/main.rs	0	22
/Users/chrishafley/projects/rust-analyzer/crates/rust-analyzer/tests/slow-tests/ratoml.rs	0	22
/Users/chrishafley/projects/rust-analyzer/crates/rust-analyzer/tests/slow-tests/support.rs	0	30
/Users/chrishafley/projects/rust-analyzer/crates/rust-analyzer/tests/slow-tests/testdir.rs	0	8
/Users/chrishafley/projects/rust-analyzer/crates/span/src/ast_id.rs	0	49
/Users/chrishafley/projects/rust-analyzer/crates/span/src/hygiene.rs	0	46
/Users/chrishafley/projects/rust-analyzer/crates/span/src/lib.rs	0	15
/Users/chrishafley/projects/rust-analyzer/crates/span/src/map.rs	0	14
/Users/chrishafley/projects/rust-analyzer/crates/stdx/src/anymap.rs	0	30
/Users/chrishafley/projects/rust-analyzer/crates/stdx/src/assert.rs	0	0
/Users/chrishafley/projects/rust-analyzer/crates/stdx/src/lib.rs	0	37
/Users/chrishafley/projects/rust-analyzer/crates/stdx/src/macros.rs	0	0
/Users/chrishafley/projects/rust-analyzer/crates/stdx/src/non_empty_vec.rs	0	6
/Users/chrishafley/projects/rust-analyzer/crates/stdx/src/panic_context.rs	0	4
/Users/chrishafley/projects/rust-analyzer/crates/stdx/src/process.rs	0	9
/Users/chrishafley/projects/rust-analyzer/crates/stdx/src/rand.rs	0	2
/Users/chrishafley/projects/rust-analyzer/crates/stdx/src/tempfile.rs	0	12
/Users/chrishafley/projects/rust-analyzer/crates/stdx/src/thread.rs	0	8
/Users/chrishafley/projects/rust-analyzer/crates/stdx/src/thread/intent.rs	0	11
/Users/chrishafley/projects/rust-analyzer/crates/stdx/src/thread/pool.rs	0	6
/Users/chrishafley/projects/rust-analyzer/crates/stdx/src/variance.rs	0	28
/Users/chrishafley/projects/rust-analyzer/crates/syntax-bridge/src/lib.rs	0	60
/Users/chrishafley/projects/rust-analyzer/crates/syntax-bridge/src/prettify_macro_expansion.rs	0	11
/Users/chrishafley/projects/rust-analyzer/crates/syntax-bridge/src/tests.rs	0	3
/Users/chrishafley/projects/rust-analyzer/crates/syntax-bridge/src/to_parser_input.rs	0	1
/Users/chrishafley/projects/rust-analyzer/crates/syntax/fuzz/fuzz_targets/parser.rs	0	0
/Users/chrishafley/projects/rust-analyzer/crates/syntax/fuzz/fuzz_targets/reparse.rs	0	0
/Users/chrishafley/projects/rust-analyzer/crates/syntax/src/algo.rs	0	13
/Users/chrishafley/projects/rust-analyzer/crates/syntax/src/ast.rs	0	36
/Users/chrishafley/projects/rust-analyzer/crates/syntax/src/ast/edit.rs	0	30
/Users/chrishafley/projects/rust-analyzer/crates/syntax/src/ast/expr_ext.rs	0	47
/Users/chrishafley/projects/rust-analyzer/crates/syntax/src/ast/generated.rs	0	3
/Users/chrishafley/projects/rust-analyzer/crates/syntax/src/ast/generated/nodes.rs	0	2508
/Users/chrishafley/projects/rust-analyzer/crates/syntax/src/ast/generated/tokens.rs	0	80
/Users/chrishafley/projects/rust-analyzer/crates/syntax/src/ast/make.rs	0	195
/Users/chrishafley/projects/rust-analyzer/crates/syntax/src/ast/make/quote.rs	0	5
/Users/chrishafley/projects/rust-analyzer/crates/syntax/src/ast/node_ext.rs	0	130
/Users/chrishafley/projects/rust-analyzer/crates/syntax/src/ast/operators.rs	0	4
/Users/chrishafley/projects/rust-analyzer/crates/syntax/src/ast/prec.rs	0	23
/Users/chrishafley/projects/rust-analyzer/crates/syntax/src/ast/syntax_factory.rs	0	5
/Users/chrishafley/projects/rust-analyzer/crates/syntax/src/ast/syntax_factory/constructors.rs	0	155
/Users/chrishafley/projects/rust-analyzer/crates/syntax/src/ast/token_ext.rs	0	61
/Users/chrishafley/projects/rust-analyzer/crates/syntax/src/ast/traits.rs	0	20
/Users/chrishafley/projects/rust-analyzer/crates/syntax/src/fuzz.rs	0	4
/Users/chrishafley/projects/rust-analyzer/crates/syntax/src/hacks.rs	0	1
/Users/chrishafley/projects/rust-analyzer/crates/syntax/src/lib.rs	0	16
/Users/chrishafley/projects/rust-analyzer/crates/syntax/src/parsing.rs	0	3
/Users/chrishafley/projects/rust-analyzer/crates/syntax/src/parsing/reparsing.rs	0	15
/Users/chrishafley/projects/rust-analyzer/crates/syntax/src/ptr.rs	0	16
/Users/chrishafley/projects/rust-analyzer/crates/syntax/src/syntax_editor.rs	0	52
/Users/chrishafley/projects/rust-analyzer/crates/syntax/src/syntax_editor/edit_algo.rs	0	25
/Users/chrishafley/projects/rust-analyzer/crates/syntax/src/syntax_editor/edits.rs	0	29
/Users/chrishafley/projects/rust-analyzer/crates/syntax/src/syntax_editor/mapping.rs	0	11
/Users/chrishafley/projects/rust-analyzer/crates/syntax/src/syntax_error.rs	0	5
/Users/chrishafley/projects/rust-analyzer/crates/syntax/src/syntax_node.rs	0	8
/Users/chrishafley/projects/rust-analyzer/crates/syntax/src/tests.rs	0	12
/Users/chrishafley/projects/rust-analyzer/crates/syntax/src/utils.rs	0	2
/Users/chrishafley/projects/rust-analyzer/crates/syntax/src/validation.rs	0	21
/Users/chrishafley/projects/rust-analyzer/crates/syntax/src/validation/block.rs	0	1
/Users/chrishafley/projects/rust-analyzer/crates/test-fixture/src/lib.rs	0	38
/Users/chrishafley/projects/rust-analyzer/crates/test-utils/src/assert_linear.rs	0	6
/Users/chrishafley/projects/rust-analyzer/crates/test-utils/src/bench_fixture.rs	0	4
/Users/chrishafley/projects/rust-analyzer/crates/test-utils/src/fixture.rs	0	11
/Users/chrishafley/projects/rust-analyzer/crates/test-utils/src/lib.rs	0	24
/Users/chrishafley/projects/rust-analyzer/crates/test-utils/src/minicore.rs	0	0
/Users/chrishafley/projects/rust-analyzer/crates/toolchain/src/lib.rs	0	14
/Users/chrishafley/projects/rust-analyzer/crates/tt/src/buffer.rs	0	12
/Users/chrishafley/projects/rust-analyzer/crates/tt/src/iter.rs	0	26
/Users/chrishafley/projects/rust-analyzer/crates/tt/src/lib.rs	0	56
/Users/chrishafley/projects/rust-analyzer/crates/tt/src/storage.rs	0	80
/Users/chrishafley/projects/rust-analyzer/crates/vfs-notify/src/lib.rs	0	13
/Users/chrishafley/projects/rust-analyzer/crates/vfs/src/anchored_path.rs	0	0
/Users/chrishafley/projects/rust-analyzer/crates/vfs/src/file_set.rs	0	22
/Users/chrishafley/projects/rust-analyzer/crates/vfs/src/file_set/tests.rs	0	5
/Users/chrishafley/projects/rust-analyzer/crates/vfs/src/lib.rs	0	17
/Users/chrishafley/projects/rust-analyzer/crates/vfs/src/loader.rs	0	16
/Users/chrishafley/projects/rust-analyzer/crates/vfs/src/path_interner.rs	0	3
/Users/chrishafley/projects/rust-analyzer/crates/vfs/src/vfs_path.rs	0	31
/Users/chrishafley/projects/rust-analyzer/crates/vfs/src/vfs_path/tests.rs	0	2
/Users/chrishafley/projects/rust-analyzer/lib/la-arena/src/lib.rs	0	51
/Users/chrishafley/projects/rust-analyzer/lib/la-arena/src/map.rs	0	37
/Users/chrishafley/projects/rust-analyzer/lib/line-index/src/lib.rs	0	21
/Users/chrishafley/projects/rust-analyzer/lib/line-index/src/tests.rs	0	16
/Users/chrishafley/projects/rust-analyzer/lib/lsp-server/examples/minimal_lsp.rs	0	9
/Users/chrishafley/projects/rust-analyzer/lib/lsp-server/src/error.rs	0	6
/Users/chrishafley/projects/rust-analyzer/lib/lsp-server/src/lib.rs	0	14
/Users/chrishafley/projects/rust-analyzer/lib/lsp-server/src/msg.rs	0	31
/Users/chrishafley/projects/rust-analyzer/lib/lsp-server/src/req_queue.rs	0	10
/Users/chrishafley/projects/rust-analyzer/lib/lsp-server/src/socket.rs	0	3
/Users/chrishafley/projects/rust-analyzer/lib/lsp-server/src/stdio.rs	0	3
/Users/chrishafley/projects/rust-analyzer/lib/smol_str/benches/bench.rs	0	7
/Users/chrishafley/projects/rust-analyzer/lib/smol_str/src/borsh.rs	0	2
/Users/chrishafley/projects/rust-analyzer/lib/smol_str/src/lib.rs	0	96
/Users/chrishafley/projects/rust-analyzer/lib/smol_str/src/serde.rs	0	3
/Users/chrishafley/projects/rust-analyzer/lib/smol_str/tests/test.rs	0	33
/Users/chrishafley/projects/rust-analyzer/lib/smol_str/tests/tidy.rs	0	3
/Users/chrishafley/projects/rust-analyzer/lib/text-size/src/lib.rs	0	0
/Users/chrishafley/projects/rust-analyzer/lib/text-size/src/range.rs	0	33
/Users/chrishafley/projects/rust-analyzer/lib/text-size/src/serde_impls.rs	0	4
/Users/chrishafley/projects/rust-analyzer/lib/text-size/src/size.rs	0	18
/Users/chrishafley/projects/rust-analyzer/lib/text-size/src/traits.rs	0	4
/Users/chrishafley/projects/rust-analyzer/lib/text-size/tests/auto_traits.rs	0	0
/Users/chrishafley/projects/rust-analyzer/lib/text-size/tests/constructors.rs	0	2
/Users/chrishafley/projects/rust-analyzer/lib/text-size/tests/indexing.rs	0	1
/Users/chrishafley/projects/rust-analyzer/lib/text-size/tests/main.rs	0	10
/Users/chrishafley/projects/rust-analyzer/lib/text-size/tests/serde.rs	0	5
/Users/chrishafley/projects/rust-analyzer/lib/ungrammar/src/error.rs	0	2
/Users/chrishafley/projects/rust-analyzer/lib/ungrammar/src/lexer.rs	0	8
/Users/chrishafley/projects/rust-analyzer/lib/ungrammar/src/lib.rs	0	6
/Users/chrishafley/projects/rust-analyzer/lib/ungrammar/src/parser.rs	0	16
/Users/chrishafley/projects/rust-analyzer/lib/ungrammar/ungrammar2json/src/main.rs	0	5
/Users/chrishafley/projects/rust-analyzer/xtask/src/codegen.rs	0	8
/Users/chrishafley/projects/rust-analyzer/xtask/src/codegen/assists_doc_tests.rs	0	8
/Users/chrishafley/projects/rust-analyzer/xtask/src/codegen/diagnostics_docs.rs	0	5
/Users/chrishafley/projects/rust-analyzer/xtask/src/codegen/feature_docs.rs	0	5
/Users/chrishafley/projects/rust-analyzer/xtask/src/codegen/grammar.rs	0	25
/Users/chrishafley/projects/rust-analyzer/xtask/src/codegen/grammar/ast_src.rs	0	2
/Users/chrishafley/projects/rust-analyzer/xtask/src/codegen/lints.rs	0	13
/Users/chrishafley/projects/rust-analyzer/xtask/src/codegen/parser_inline_tests.rs	0	7
/Users/chrishafley/projects/rust-analyzer/xtask/src/dist.rs	0	11
/Users/chrishafley/projects/rust-analyzer/xtask/src/flags.rs	0	13
/Users/chrishafley/projects/rust-analyzer/xtask/src/install.rs	0	6
/Users/chrishafley/projects/rust-analyzer/xtask/src/main.rs	0	5
/Users/chrishafley/projects/rust-analyzer/xtask/src/metrics.rs	0	15
/Users/chrishafley/projects/rust-analyzer/xtask/src/pgo.rs	0	3
/Users/chrishafley/projects/rust-analyzer/xtask/src/publish.rs	0	5
/Users/chrishafley/projects/rust-analyzer/xtask/src/publish/notes.rs	0	40
/Users/chrishafley/projects/rust-analyzer/xtask/src/release.rs	0	1
/Users/chrishafley/projects/rust-analyzer/xtask/src/release/changelog.rs	0	5
/Users/chrishafley/projects/rust-analyzer/xtask/src/tidy.rs	0	17
/Users/chrishafley/projects/rust-analyzer/xtask/src/util.rs	0	3
