case	category	status	pycg_edges	trace_edges	trace_and_pycg	ours_edges	ours_and_trace	recall_of_covered_pct	matched	contradicted	unjudged
args/assigned_call	args	ok	2	2	2	2	2	100.00	2	0	0
args/call	args	ok	2	2	2	2	2	100.00	2	0	0
args/imported_assigned_call	args	ok	2	2	2	1	1	50.00	1	0	0
args/imported_call	args	ok	2	2	2	1	1	50.00	1	0	0
args/nested_call	args	ok	3	3	3	3	3	100.00	3	0	0
args/param_call	args	ok	3	3	3	2	2	66.67	2	0	0
assignments/chained	assignments	ok	2	2	2	2	2	100.00	2	0	0
assignments/recursive_tuple	assignments	ok	6	6	6	6	6	100.00	6	0	0
assignments/starred	assignments	ok	4	4	4	4	4	100.00	4	0	0
assignments/tuple	assignments	ok	3	3	3	3	3	100.00	3	0	0
builtins/functions	builtins	ok	0	0	0	0	0	0.00	0	0	0
builtins/map	builtins	error	4	0	0	4	0	0.00	0	0	4
builtins/types	builtins	ok	0	0	0	0	0	0.00	0	0	0
classes/assigned_call	classes	ok	1	1	1	1	1	100.00	1	0	0
classes/assigned_self_call	classes	ok	2	2	2	2	2	100.00	2	0	0
classes/base_class_attr	classes	ok	2	2	2	2	2	100.00	2	0	0
classes/base_class_calls_child	classes	ok	3	3	3	3	3	100.00	3	0	0
classes/call	classes	ok	1	1	1	1	1	100.00	1	0	0
classes/direct_call	classes	ok	2	2	2	2	2	100.00	2	0	0
classes/imported_attr_access	classes	ok	1	1	1	1	1	100.00	1	0	0
classes/imported_call	classes	ok	2	2	2	2	2	100.00	2	0	0
classes/imported_call_without_init	classes	ok	1	1	1	1	1	100.00	1	0	0
classes/imported_nested_attr_access	classes	ok	1	1	1	1	1	100.00	1	0	0
classes/instance	classes	ok	2	2	2	2	2	100.00	2	0	0
classes/nested_call	classes	ok	2	2	2	2	2	100.00	2	0	0
classes/nested_class_calls	classes	ok	4	4	4	4	4	100.00	4	0	0
classes/parameter_call	classes	ok	3	3	3	3	3	100.00	3	0	0
classes/return_call	classes	ok	2	2	2	2	2	100.00	2	0	0
classes/return_call_direct	classes	ok	2	2	2	2	2	100.00	2	0	0
classes/self_assign_func	classes	ok	3	3	3	3	3	100.00	3	0	0
classes/self_assignment	classes	ok	3	3	3	3	3	100.00	3	0	0
classes/self_call	classes	ok	4	4	4	4	4	100.00	4	0	0
classes/static_method_call	classes	ok	1	1	1	1	1	100.00	1	0	0
classes/super_class_return	classes	ok	2	2	2	2	2	100.00	2	0	0
classes/tuple_assignment	classes	ok	4	4	4	4	4	100.00	4	0	0
decorators/assigned	decorators	ok	2	2	2	2	2	100.00	2	0	0
decorators/call	decorators	ok	2	2	2	2	2	100.00	2	0	0
decorators/nested	decorators	ok	2	2	2	2	2	100.00	2	0	0
decorators/nested_decorators	decorators	ok	6	5	5	4	4	80.00	4	0	0
decorators/param_call	decorators	ok	3	3	3	3	3	100.00	3	0	0
decorators/return	decorators	ok	3	3	3	3	3	100.00	3	0	0
decorators/return_different_func	decorators	ok	4	4	4	4	4	100.00	4	0	0
dicts/add_key	dicts	ok	1	1	1	1	1	100.00	1	0	0
dicts/assign	dicts	ok	1	1	1	1	1	100.00	1	0	0
dicts/call	dicts	ok	2	2	2	2	2	100.00	2	0	0
dicts/ext_key	dicts	ok	1	1	1	0	0	0.00	0	0	0
dicts/nested	dicts	ok	1	1	1	1	1	100.00	1	0	0
dicts/new_key_param	dicts	ok	2	2	2	1	1	50.00	1	0	0
dicts/param	dicts	ok	2	2	2	2	2	100.00	2	0	0
dicts/param_key	dicts	ok	3	3	3	1	1	33.33	1	0	0
dicts/return	dicts	ok	2	2	2	2	2	100.00	2	0	0
dicts/return_assign	dicts	ok	2	2	2	1	1	50.00	1	0	0
dicts/type_coercion	dicts	ok	1	1	1	1	1	100.00	1	0	0
dicts/update	dicts	ok	1	1	1	1	1	100.00	1	0	0
direct_calls/assigned_call	direct_calls	ok	2	2	2	2	2	100.00	2	0	0
direct_calls/imported_return_call	direct_calls	ok	2	2	2	1	1	50.00	1	0	0
direct_calls/return_call	direct_calls	ok	3	3	3	3	3	100.00	3	0	0
direct_calls/with_parameters	direct_calls	ok	3	3	3	3	3	100.00	3	0	0
dynamic/eval	dynamic	ok	1	1	1	0	0	0.00	0	0	0
exceptions/raise	exceptions	error	1	1	1	1	1	100.00	1	0	0
exceptions/raise_assigned	exceptions	error	1	1	1	1	1	100.00	1	0	0
exceptions/raise_attr	exceptions	error	1	1	1	1	1	100.00	1	0	0
external/attribute	external	error	0	0	0	0	0	0.00	0	0	0
external/attribute_assigned	external	error	1	0	0	1	0	0.00	0	0	1
external/cls_parent	external	error	1	0	0	1	0	0.00	0	0	1
external/function	external	error	0	0	0	0	0	0.00	0	0	0
external/function_asname	external	error	0	0	0	0	0	0.00	0	0	0
external/function_assigned	external	error	0	0	0	0	0	0.00	0	0	0
functions/assigned_call	functions	ok	1	1	1	1	1	100.00	1	0	0
functions/assigned_call_lit_param	functions	ok	1	1	1	1	1	100.00	1	0	0
functions/call	functions	ok	1	1	1	1	1	100.00	1	0	0
functions/imported_call	functions	ok	1	1	1	1	1	100.00	1	0	0
generators/iter_param	generators	ok	4	4	4	2	2	50.00	2	0	0
generators/iter_return	generators	ok	4	4	4	1	1	25.00	1	0	0
generators/iterable	generators	ok	3	3	3	1	1	33.33	1	0	0
generators/iterable_assigned	generators	ok	3	3	3	1	1	33.33	1	0	0
generators/no_iter	generators	ok	1	1	1	1	1	100.00	1	0	0
generators/yield	generators	ok	2	2	2	1	1	50.00	1	0	0
imports/chained_import	imports	ok	2	2	2	2	2	100.00	2	0	0
imports/import_all	imports	ok	2	2	2	2	2	100.00	2	0	0
imports/import_as	imports	ok	0	0	0	0	0	0.00	0	0	0
imports/import_from	imports	ok	1	1	1	1	1	100.00	1	0	0
imports/init_func_import	imports	ok	2	2	2	2	2	100.00	2	0	0
imports/init_import	imports	ok	1	1	1	1	1	100.00	1	0	0
imports/parent_import	imports	ok	0	0	0	0	0	0.00	0	0	0
imports/relative_import	imports	ok	0	0	0	0	0	0.00	0	0	0
imports/relative_import_with_name	imports	ok	2	2	2	2	2	100.00	2	0	0
imports/simple_import	imports	ok	0	0	0	0	0	0.00	0	0	0
imports/submodule_import	imports	ok	0	0	0	0	0	0.00	0	0	0
imports/submodule_import_all	imports	ok	2	2	2	2	2	100.00	2	0	0
imports/submodule_import_as	imports	ok	0	0	0	0	0	0.00	0	0	0
imports/submodule_import_from	imports	ok	2	2	2	2	2	100.00	2	0	0
kwargs/assigned_call	kwargs	ok	2	2	2	2	2	100.00	2	0	0
kwargs/call	kwargs	ok	4	4	4	4	4	100.00	4	0	0
kwargs/chained_call	kwargs	ok	4	3	3	3	3	100.00	3	0	0
lambdas/call	lambdas	ok	1	1	1	1	1	100.00	1	0	0
lambdas/calls_parameter	lambdas	ok	3	3	3	1	1	33.33	1	0	0
lambdas/chained_calls	lambdas	error	6	2	2	6	2	100.00	2	1	3
lambdas/parameter_call	lambdas	error	2	2	2	2	2	100.00	2	0	0
lambdas/return_call	lambdas	error	2	2	2	2	2	100.00	2	0	0
lists/comprehension_if	lists	ok	1	1	1	1	1	100.00	1	0	0
lists/comprehension_val	lists	ok	1	1	1	1	1	100.00	1	0	0
lists/ext_index	lists	ok	1	1	1	0	0	0.00	0	0	0
lists/nested	lists	ok	1	1	1	1	1	100.00	1	0	0
lists/nested_comprehension	lists	ok	2	2	2	2	2	100.00	2	0	0
lists/param_index	lists	ok	2	2	2	1	1	50.00	1	0	0
lists/simple	lists	ok	4	4	4	4	4	100.00	4	0	0
lists/slice	lists	ok	1	1	1	0	0	0.00	0	0	0
mro/basic	mro	ok	1	1	1	1	1	100.00	1	0	0
mro/basic_init	mro	ok	2	2	2	2	2	100.00	2	0	0
mro/parents_same_superclass	mro	ok	2	2	2	2	2	100.00	2	0	0
mro/self_assignment	mro	ok	3	3	3	3	3	100.00	3	0	0
mro/super_call	mro	ok	2	2	2	2	2	100.00	2	0	0
mro/two_parents	mro	ok	2	2	2	2	2	100.00	2	0	0
mro/two_parents_method_defined	mro	ok	2	2	2	2	2	100.00	2	0	0
returns/call	returns	ok	2	2	2	2	2	100.00	2	0	0
returns/imported_call	returns	ok	2	2	2	1	1	50.00	1	0	0
returns/nested_import_call	returns	ok	2	2	2	1	1	50.00	1	0	0
returns/return_complex	returns	error	6	2	2	5	2	100.00	2	1	2
CATEGORY:args	args	6/6	14	14	14	11	11	78.57	11	0	0
CATEGORY:assignments	assignments	4/4	15	15	15	15	15	100.00	15	0	0
CATEGORY:builtins	builtins	2/3	4	0	0	4	0	0.00	0	0	4
CATEGORY:classes	classes	22/22	48	48	48	48	48	100.00	48	0	0
CATEGORY:decorators	decorators	7/7	22	21	21	20	20	95.24	20	0	0
CATEGORY:dicts	dicts	12/12	19	19	19	14	14	73.68	14	0	0
CATEGORY:direct_calls	direct_calls	4/4	10	10	10	9	9	90.00	9	0	0
CATEGORY:dynamic	dynamic	1/1	1	1	1	0	0	0.00	0	0	0
CATEGORY:exceptions	exceptions	0/3	3	3	3	3	3	100.00	3	0	0
CATEGORY:external	external	0/6	2	0	0	2	0	0.00	0	0	2
CATEGORY:functions	functions	4/4	4	4	4	4	4	100.00	4	0	0
CATEGORY:generators	generators	6/6	17	17	17	7	7	41.18	7	0	0
CATEGORY:imports	imports	14/14	14	14	14	14	14	100.00	14	0	0
CATEGORY:kwargs	kwargs	3/3	10	9	9	9	9	100.00	9	0	0
CATEGORY:lambdas	lambdas	2/5	14	10	10	12	8	80.00	8	1	3
CATEGORY:lists	lists	8/8	13	13	13	10	10	76.92	10	0	0
CATEGORY:mro	mro	7/7	14	14	14	14	14	100.00	14	0	0
CATEGORY:returns	returns	3/4	12	8	8	9	6	75.00	6	1	2
TOTAL		105/119	236	220	220	205	192	87.27	192	2	11
