alacritty/src/cli.rs	MessageOptions	alacritty/src/cli.rs	SocketMessage
alacritty/src/cli.rs	Options	alacritty/src/cli.rs	ParsedOptions
alacritty/src/cli.rs	Options	alacritty/src/cli.rs	Subcommands
alacritty/src/cli.rs	Options	alacritty/src/cli.rs	WindowOptions
alacritty/src/cli.rs	WindowIdentity	alacritty/src/config/window.rs	Class
alacritty/src/cli.rs	WindowOptions	alacritty/src/cli.rs	TerminalOptions
alacritty/src/cli.rs	WindowOptions	alacritty/src/cli.rs	WindowIdentity
alacritty/src/config/bell.rs	BellConfig	alacritty/src/config/bell.rs	BellAnimation
alacritty/src/config/bell.rs	BellConfig	alacritty/src/config/ui_config.rs	Program
alacritty/src/config/bell.rs	BellConfig	alacritty/src/display/color.rs	Rgb
alacritty/src/config/bindings.rs	Action	alacritty/src/display/mod.rs	Display
alacritty/src/config/bindings.rs	Binding	alacritty/src/config/bindings.rs	Action
alacritty/src/config/bindings.rs	RawBinding	alacritty/src/config/bindings.rs	Action
alacritty/src/config/bindings.rs	RawBinding	alacritty/src/config/bindings.rs	BindingKey
alacritty/src/config/bindings.rs	RawBinding	alacritty/src/config/bindings.rs	MouseEvent
alacritty/src/config/bindings.rs	SerdeViMotion	alacritty_terminal/src/vi_mode.rs	ViMotion
alacritty/src/config/color.rs	BarColors	alacritty/src/display/color.rs	Rgb
alacritty/src/config/color.rs	BrightColors	alacritty/src/display/color.rs	Rgb
alacritty/src/config/color.rs	Colors	alacritty/src/config/color.rs	BarColors
alacritty/src/config/color.rs	Colors	alacritty/src/config/color.rs	BrightColors
alacritty/src/config/color.rs	Colors	alacritty/src/config/color.rs	DimColors
alacritty/src/config/color.rs	Colors	alacritty/src/config/color.rs	HintColors
alacritty/src/config/color.rs	Colors	alacritty/src/config/color.rs	IndexedColor
alacritty/src/config/color.rs	Colors	alacritty/src/config/color.rs	InvertedCellColors
alacritty/src/config/color.rs	Colors	alacritty/src/config/color.rs	LineIndicatorColors
alacritty/src/config/color.rs	Colors	alacritty/src/config/color.rs	NormalColors
alacritty/src/config/color.rs	Colors	alacritty/src/config/color.rs	PrimaryColors
alacritty/src/config/color.rs	Colors	alacritty/src/config/color.rs	SearchColors
alacritty/src/config/color.rs	DimColors	alacritty/src/display/color.rs	Rgb
alacritty/src/config/color.rs	FocusedMatchColors	alacritty/src/display/color.rs	CellRgb
alacritty/src/config/color.rs	HintColors	alacritty/src/config/color.rs	HintEndColors
alacritty/src/config/color.rs	HintColors	alacritty/src/config/color.rs	HintStartColors
alacritty/src/config/color.rs	HintEndColors	alacritty/src/display/color.rs	CellRgb
alacritty/src/config/color.rs	HintStartColors	alacritty/src/display/color.rs	CellRgb
alacritty/src/config/color.rs	IndexedColor	alacritty/src/config/color.rs	ColorIndex
alacritty/src/config/color.rs	IndexedColor	alacritty/src/display/color.rs	Rgb
alacritty/src/config/color.rs	InvertedCellColors	alacritty/src/display/color.rs	CellRgb
alacritty/src/config/color.rs	LineIndicatorColors	alacritty/src/display/color.rs	Rgb
alacritty/src/config/color.rs	MatchColors	alacritty/src/display/color.rs	CellRgb
alacritty/src/config/color.rs	NormalColors	alacritty/src/display/color.rs	Rgb
alacritty/src/config/color.rs	PrimaryColors	alacritty/src/display/color.rs	Rgb
alacritty/src/config/color.rs	SearchColors	alacritty/src/config/color.rs	FocusedMatchColors
alacritty/src/config/color.rs	SearchColors	alacritty/src/config/color.rs	MatchColors
alacritty/src/config/cursor.rs	Cursor	alacritty/src/config/cursor.rs	ConfigCursorStyle
alacritty/src/config/cursor.rs	Cursor	alacritty/src/config/ui_config.rs	Percentage
alacritty/src/config/debug.rs	Debug	alacritty/src/config/debug.rs	RendererPreference
alacritty/src/config/font.rs	Font	alacritty/src/config/font.rs	FontDescription
alacritty/src/config/font.rs	Font	alacritty/src/config/font.rs	SecondaryFontDescription
alacritty/src/config/font.rs	Font	alacritty/src/config/font.rs	Size
alacritty/src/config/font.rs	Font	alacritty/src/config/ui_config.rs	Delta
alacritty/src/config/mod.rs	Error	alacritty/src/display/mod.rs	Display
alacritty/src/config/mouse.rs	Mouse	alacritty/src/config/mouse.rs	MouseBindings
alacritty/src/config/scrolling.rs	Scrolling	alacritty/src/config/scrolling.rs	ScrollingHistory
alacritty/src/config/terminal.rs	SerdeOsc52	alacritty_terminal/src/term/mod.rs	Osc52
alacritty/src/config/terminal.rs	Terminal	alacritty/src/config/terminal.rs	SerdeOsc52
alacritty/src/config/terminal.rs	Terminal	alacritty/src/config/ui_config.rs	Program
alacritty/src/config/ui_config.rs	Hint	alacritty/src/config/ui_config.rs	HintAction
alacritty/src/config/ui_config.rs	Hint	alacritty/src/config/ui_config.rs	HintBinding
alacritty/src/config/ui_config.rs	Hint	alacritty/src/config/ui_config.rs	HintContent
alacritty/src/config/ui_config.rs	Hint	alacritty/src/config/ui_config.rs	HintMouse
alacritty/src/config/ui_config.rs	HintBinding	alacritty/src/config/bindings.rs	BindingKey
alacritty/src/config/ui_config.rs	HintBinding	alacritty/src/config/bindings.rs	ModeWrapper
alacritty/src/config/ui_config.rs	HintBinding	alacritty/src/config/bindings.rs	ModsWrapper
alacritty/src/config/ui_config.rs	HintContent	alacritty/src/config/ui_config.rs	LazyRegex
alacritty/src/config/ui_config.rs	HintMouse	alacritty/src/config/bindings.rs	ModsWrapper
alacritty/src/config/ui_config.rs	Hints	alacritty/src/config/ui_config.rs	Hint
alacritty/src/config/ui_config.rs	Hints	alacritty/src/config/ui_config.rs	HintsAlphabet
alacritty/src/config/ui_config.rs	Keyboard	alacritty/src/config/ui_config.rs	KeyBindings
alacritty/src/config/ui_config.rs	LazyRegex	alacritty/src/config/ui_config.rs	LazyRegexVariant
alacritty/src/config/ui_config.rs	Program	alacritty_config/src/lib.rs	SerdeReplace
alacritty/src/config/ui_config.rs	UiConfig	alacritty/src/config/bell.rs	BellConfig
alacritty/src/config/ui_config.rs	UiConfig	alacritty/src/config/color.rs	Colors
alacritty/src/config/ui_config.rs	UiConfig	alacritty/src/config/cursor.rs	Cursor
alacritty/src/config/ui_config.rs	UiConfig	alacritty/src/config/debug.rs	Debug
alacritty/src/config/ui_config.rs	UiConfig	alacritty/src/config/font.rs	Font
alacritty/src/config/ui_config.rs	UiConfig	alacritty/src/config/general.rs	General
alacritty/src/config/ui_config.rs	UiConfig	alacritty/src/config/mouse.rs	Mouse
alacritty/src/config/ui_config.rs	UiConfig	alacritty/src/config/scrolling.rs	Scrolling
alacritty/src/config/ui_config.rs	UiConfig	alacritty/src/config/selection.rs	Selection
alacritty/src/config/ui_config.rs	UiConfig	alacritty/src/config/terminal.rs	Terminal
alacritty/src/config/ui_config.rs	UiConfig	alacritty/src/config/ui_config.rs	Hints
alacritty/src/config/ui_config.rs	UiConfig	alacritty/src/config/ui_config.rs	Keyboard
alacritty/src/config/ui_config.rs	UiConfig	alacritty/src/config/ui_config.rs	Program
alacritty/src/config/ui_config.rs	UiConfig	alacritty/src/config/window.rs	WindowConfig
alacritty/src/config/window.rs	Identity	alacritty/src/config/window.rs	Class
alacritty/src/config/window.rs	WindowConfig	alacritty/src/config/ui_config.rs	Delta
alacritty/src/config/window.rs	WindowConfig	alacritty/src/config/ui_config.rs	Percentage
alacritty/src/config/window.rs	WindowConfig	alacritty/src/config/window.rs	Decorations
alacritty/src/config/window.rs	WindowConfig	alacritty/src/config/window.rs	Dimensions
alacritty/src/config/window.rs	WindowConfig	alacritty/src/config/window.rs	Identity
alacritty/src/config/window.rs	WindowConfig	alacritty/src/config/window.rs	OptionAsAlt
alacritty/src/config/window.rs	WindowConfig	alacritty/src/config/window.rs	StartupMode
alacritty/src/config/window.rs	WindowConfig	alacritty/src/config/window.rs	Theme
alacritty/src/config/window.rs	WindowConfig	alacritty/src/config/window.rs	WindowLevel
alacritty/src/display/bell.rs	VisualBell	alacritty/src/config/bell.rs	BellAnimation
alacritty/src/display/color.rs	List	alacritty/src/display/color.rs	Rgb
alacritty/src/display/color.rs	Rgb	alacritty/src/display/mod.rs	Display
alacritty/src/display/content.rs	Hint	alacritty/src/display/content.rs	HintMatches
alacritty/src/display/content.rs	RenderableCell	alacritty/src/display/color.rs	Rgb
alacritty/src/display/content.rs	RenderableCell	alacritty/src/display/content.rs	RenderableCellExtra
alacritty/src/display/content.rs	RenderableCell	alacritty_terminal/src/index.rs	Point
alacritty/src/display/content.rs	RenderableCellExtra	alacritty_terminal/src/term/cell.rs	Hyperlink
alacritty/src/display/content.rs	RenderableContent	alacritty/src/config/ui_config.rs	UiConfig
alacritty/src/display/content.rs	RenderableContent	alacritty/src/display/color.rs	List
alacritty/src/display/content.rs	RenderableContent	alacritty/src/display/content.rs	Hint
alacritty/src/display/content.rs	RenderableContent	alacritty/src/display/content.rs	HintMatches
alacritty/src/display/content.rs	RenderableContent	alacritty/src/display/content.rs	RenderableCursor
alacritty/src/display/content.rs	RenderableContent	alacritty/src/display/mod.rs	SizeInfo
alacritty/src/display/content.rs	RenderableContent	alacritty_terminal/src/index.rs	Point
alacritty/src/display/content.rs	RenderableContent	alacritty_terminal/src/term/mod.rs	RenderableContent
alacritty/src/display/content.rs	RenderableCursor	alacritty/src/display/color.rs	Rgb
alacritty/src/display/content.rs	RenderableCursor	alacritty_terminal/src/index.rs	Point
alacritty/src/display/cursor.rs	CursorRects	alacritty/src/renderer/rects.rs	RenderRect
alacritty/src/display/damage.rs	DamageTracker	alacritty/src/display/damage.rs	FrameDamage
alacritty/src/display/damage.rs	DamageTracker	alacritty_terminal/src/index.rs	Point
alacritty/src/display/damage.rs	DamageTracker	alacritty_terminal/src/selection.rs	SelectionRange
alacritty/src/display/damage.rs	FrameDamage	alacritty_terminal/src/term/mod.rs	LineDamageBounds
alacritty/src/display/damage.rs	RenderDamageIterator	alacritty/src/display/mod.rs	SizeInfo
alacritty/src/display/damage.rs	RenderDamageIterator	alacritty_terminal/src/term/mod.rs	TermDamageIterator
alacritty/src/display/hint.rs	HintMatch	alacritty/src/config/ui_config.rs	Hint
alacritty/src/display/hint.rs	HintMatch	alacritty_terminal/src/term/cell.rs	Hyperlink
alacritty/src/display/hint.rs	HintPostProcessor	alacritty_terminal/src/index.rs	Point
alacritty/src/display/hint.rs	HintPostProcessor	alacritty_terminal/src/term/mod.rs	Term
alacritty/src/display/hint.rs	HintPostProcessor	alacritty_terminal/src/term/search.rs	RegexSearch
alacritty/src/display/hint.rs	HintState	alacritty/src/config/ui_config.rs	Hint
alacritty/src/display/meter.rs	Sampler	alacritty/src/display/meter.rs	Meter
alacritty/src/display/mod.rs	Display	alacritty/src/config/debug.rs	RendererPreference
alacritty/src/display/mod.rs	Display	alacritty/src/display/bell.rs	VisualBell
alacritty/src/display/mod.rs	Display	alacritty/src/display/color.rs	List
alacritty/src/display/mod.rs	Display	alacritty/src/display/damage.rs	DamageTracker
alacritty/src/display/mod.rs	Display	alacritty/src/display/hint.rs	HintMatch
alacritty/src/display/mod.rs	Display	alacritty/src/display/hint.rs	HintState
alacritty/src/display/mod.rs	Display	alacritty/src/display/meter.rs	Meter
alacritty/src/display/mod.rs	Display	alacritty/src/display/mod.rs	DisplayUpdate
alacritty/src/display/mod.rs	Display	alacritty/src/display/mod.rs	FrameTimer
alacritty/src/display/mod.rs	Display	alacritty/src/display/mod.rs	Ime
alacritty/src/display/mod.rs	Display	alacritty/src/display/mod.rs	RendererUpdate
alacritty/src/display/mod.rs	Display	alacritty/src/display/mod.rs	SizeInfo
alacritty/src/display/mod.rs	Display	alacritty/src/display/window.rs	Window
alacritty/src/display/mod.rs	Display	alacritty/src/renderer/mod.rs	Renderer
alacritty/src/display/mod.rs	Display	alacritty/src/renderer/text/glyph_cache.rs	GlyphCache
alacritty/src/display/mod.rs	Display	alacritty_terminal/src/index.rs	Point
alacritty/src/display/mod.rs	DisplayUpdate	alacritty/src/config/font.rs	Font
alacritty/src/display/mod.rs	Ime	alacritty/src/display/mod.rs	Preedit
alacritty/src/display/mod.rs	SizeInfo	alacritty_terminal/src/grid/mod.rs	Dimensions
alacritty/src/display/window.rs	Error	alacritty/src/display/mod.rs	Display
alacritty/src/event.rs	ActionContext	alacritty/src/clipboard.rs	Clipboard
alacritty/src/event.rs	ActionContext	alacritty/src/config/ui_config.rs	UiConfig
alacritty/src/event.rs	ActionContext	alacritty/src/display/mod.rs	Display
alacritty/src/event.rs	ActionContext	alacritty/src/event.rs	Event
alacritty/src/event.rs	ActionContext	alacritty/src/event.rs	InlineSearchState
alacritty/src/event.rs	ActionContext	alacritty/src/event.rs	Mouse
alacritty/src/event.rs	ActionContext	alacritty/src/event.rs	SearchState
alacritty/src/event.rs	ActionContext	alacritty/src/event.rs	TouchPurpose
alacritty/src/event.rs	ActionContext	alacritty/src/message_bar.rs	MessageBuffer
alacritty/src/event.rs	ActionContext	alacritty/src/scheduler.rs	Scheduler
alacritty/src/event.rs	ActionContext	alacritty_terminal/src/event.rs	EventListener
alacritty/src/event.rs	ActionContext	alacritty_terminal/src/event.rs	Notify
alacritty/src/event.rs	ActionContext	alacritty_terminal/src/term/mod.rs	Term
alacritty/src/event.rs	Event	alacritty/src/event.rs	EventType
alacritty/src/event.rs	EventProxy	alacritty/src/event.rs	Event
alacritty/src/event.rs	EventProxy	alacritty_terminal/src/event.rs	EventListener
alacritty/src/event.rs	InlineSearchState	alacritty_terminal/src/index.rs	Direction
alacritty/src/event.rs	Mouse	alacritty/src/event.rs	AccumulatedScroll
alacritty/src/event.rs	Mouse	alacritty/src/event.rs	ClickState
alacritty/src/event.rs	Processor	alacritty/src/cli.rs	Options
alacritty/src/event.rs	Processor	alacritty/src/cli.rs	ParsedOptions
alacritty/src/event.rs	Processor	alacritty/src/cli.rs	WindowOptions
alacritty/src/event.rs	Processor	alacritty/src/clipboard.rs	Clipboard
alacritty/src/event.rs	Processor	alacritty/src/config/monitor.rs	ConfigMonitor
alacritty/src/event.rs	Processor	alacritty/src/config/ui_config.rs	UiConfig
alacritty/src/event.rs	Processor	alacritty/src/event.rs	Event
alacritty/src/event.rs	Processor	alacritty/src/scheduler.rs	Scheduler
alacritty/src/event.rs	Processor	alacritty/src/window_context.rs	WindowContext
alacritty/src/event.rs	SearchState	alacritty_terminal/src/index.rs	Direction
alacritty/src/event.rs	SearchState	alacritty_terminal/src/index.rs	Point
alacritty/src/event.rs	SearchState	alacritty_terminal/src/term/search.rs	RegexSearch
alacritty/src/input/keyboard.rs	SequenceBase	alacritty/src/input/keyboard.rs	SequenceTerminator
alacritty/src/input/mod.rs	ActionContext	alacritty/src/clipboard.rs	Clipboard
alacritty/src/input/mod.rs	ActionContext	alacritty/src/config/ui_config.rs	UiConfig
alacritty/src/input/mod.rs	ActionContext	alacritty/src/display/mod.rs	SizeInfo
alacritty/src/input/mod.rs	ActionContext	alacritty/src/event.rs	InlineSearchState
alacritty/src/input/mod.rs	ActionContext	alacritty/src/event.rs	Mouse
alacritty/src/input/mod.rs	ActionContext	alacritty/src/message_bar.rs	MessageBuffer
alacritty/src/input/mod.rs	ActionContext	alacritty_terminal/src/event.rs	EventListener
alacritty/src/input/mod.rs	ActionContext	alacritty_terminal/src/term/mod.rs	Term
alacritty/src/input/mod.rs	Execute	alacritty_terminal/src/event.rs	EventListener
alacritty/src/input/mod.rs	MockEventProxy	alacritty_terminal/src/event.rs	EventListener
alacritty/src/input/mod.rs	Processor	alacritty/src/input/mod.rs	ActionContext
alacritty/src/input/mod.rs	Processor	alacritty_terminal/src/event.rs	EventListener
alacritty/src/logging.rs	Logger	alacritty/src/event.rs	Event
alacritty/src/logging.rs	Logger	alacritty/src/logging.rs	OnDemandLogFile
alacritty/src/macos/proc.rs	Error	alacritty/src/display/mod.rs	Display
alacritty/src/macos/proc.rs	proc_vnodepathinfo	alacritty/src/macos/proc.rs	vnode_info_path
alacritty/src/macos/proc.rs	vnode_info	alacritty/src/macos/proc.rs	vinfo_stat
alacritty/src/macos/proc.rs	vnode_info_path	alacritty/src/macos/proc.rs	vnode_info
alacritty/src/message_bar.rs	Message	alacritty/src/message_bar.rs	MessageType
alacritty/src/message_bar.rs	MessageBuffer	alacritty/src/message_bar.rs	Message
alacritty/src/polling/ipc.rs	IpcListener	alacritty/src/event.rs	Event
alacritty/src/polling/mod.rs	IoListener	alacritty/src/polling/ipc.rs	IpcListener
alacritty/src/polling/mod.rs	IoListener	alacritty/src/polling/signal.rs	SignalListener
alacritty/src/polling/signal.rs	SignalListener	alacritty/src/event.rs	Event
alacritty/src/renderer/mod.rs	Renderer	alacritty/src/renderer/mod.rs	TextRendererProvider
alacritty/src/renderer/mod.rs	Renderer	alacritty/src/renderer/rects.rs	RectRenderer
alacritty/src/renderer/rects.rs	RectRenderer	alacritty/src/renderer/rects.rs	RectShaderProgram
alacritty/src/renderer/rects.rs	RectRenderer	alacritty/src/renderer/rects.rs	Vertex
alacritty/src/renderer/rects.rs	RectShaderProgram	alacritty/src/renderer/shader.rs	ShaderProgram
alacritty/src/renderer/rects.rs	RenderLine	alacritty/src/display/color.rs	Rgb
alacritty/src/renderer/rects.rs	RenderLine	alacritty_terminal/src/index.rs	Point
alacritty/src/renderer/rects.rs	RenderLines	alacritty/src/renderer/rects.rs	RenderLine
alacritty/src/renderer/rects.rs	RenderRect	alacritty/src/display/color.rs	Rgb
alacritty/src/renderer/rects.rs	RenderRect	alacritty/src/renderer/rects.rs	RectKind
alacritty/src/renderer/text/builtin_font.rs	Canvas	alacritty/src/renderer/text/builtin_font.rs	Pixel
alacritty/src/renderer/text/gles2.rs	Batch	alacritty/src/renderer/text/gles2.rs	TextVertex
alacritty/src/renderer/text/gles2.rs	Batch	alacritty/src/renderer/text/mod.rs	TextRenderBatch
alacritty/src/renderer/text/gles2.rs	Gles2Renderer	alacritty/src/renderer/text/atlas.rs	Atlas
alacritty/src/renderer/text/gles2.rs	Gles2Renderer	alacritty/src/renderer/text/gles2.rs	Batch
alacritty/src/renderer/text/gles2.rs	Gles2Renderer	alacritty/src/renderer/text/gles2.rs	TextShaderProgram
alacritty/src/renderer/text/gles2.rs	Gles2Renderer	alacritty/src/renderer/text/mod.rs	TextRenderer
alacritty/src/renderer/text/gles2.rs	RenderApi	alacritty/src/renderer/text/atlas.rs	Atlas
alacritty/src/renderer/text/gles2.rs	RenderApi	alacritty/src/renderer/text/gles2.rs	Batch
alacritty/src/renderer/text/gles2.rs	RenderApi	alacritty/src/renderer/text/gles2.rs	TextShaderProgram
alacritty/src/renderer/text/gles2.rs	RenderApi	alacritty/src/renderer/text/glyph_cache.rs	LoadGlyph
alacritty/src/renderer/text/gles2.rs	RenderApi	alacritty/src/renderer/text/mod.rs	TextRenderApi
alacritty/src/renderer/text/gles2.rs	TextShaderProgram	alacritty/src/renderer/shader.rs	ShaderProgram
alacritty/src/renderer/text/gles2.rs	TextShaderProgram	alacritty/src/renderer/text/mod.rs	TextShader
alacritty/src/renderer/text/glsl3.rs	Batch	alacritty/src/renderer/text/glsl3.rs	InstanceData
alacritty/src/renderer/text/glsl3.rs	Batch	alacritty/src/renderer/text/mod.rs	TextRenderBatch
alacritty/src/renderer/text/glsl3.rs	Glsl3Renderer	alacritty/src/renderer/text/atlas.rs	Atlas
alacritty/src/renderer/text/glsl3.rs	Glsl3Renderer	alacritty/src/renderer/text/glsl3.rs	Batch
alacritty/src/renderer/text/glsl3.rs	Glsl3Renderer	alacritty/src/renderer/text/glsl3.rs	TextShaderProgram
alacritty/src/renderer/text/glsl3.rs	Glsl3Renderer	alacritty/src/renderer/text/mod.rs	TextRenderer
alacritty/src/renderer/text/glsl3.rs	RenderApi	alacritty/src/renderer/text/atlas.rs	Atlas
alacritty/src/renderer/text/glsl3.rs	RenderApi	alacritty/src/renderer/text/glsl3.rs	Batch
alacritty/src/renderer/text/glsl3.rs	RenderApi	alacritty/src/renderer/text/glsl3.rs	TextShaderProgram
alacritty/src/renderer/text/glsl3.rs	RenderApi	alacritty/src/renderer/text/glyph_cache.rs	LoadGlyph
alacritty/src/renderer/text/glsl3.rs	RenderApi	alacritty/src/renderer/text/mod.rs	TextRenderApi
alacritty/src/renderer/text/glsl3.rs	TextShaderProgram	alacritty/src/renderer/shader.rs	ShaderProgram
alacritty/src/renderer/text/glsl3.rs	TextShaderProgram	alacritty/src/renderer/text/mod.rs	TextShader
alacritty/src/renderer/text/glyph_cache.rs	GlyphCache	alacritty/src/config/ui_config.rs	Delta
alacritty/src/renderer/text/glyph_cache.rs	GlyphCache	alacritty/src/renderer/text/glyph_cache.rs	Glyph
alacritty/src/renderer/text/mod.rs	LoaderApi	alacritty/src/renderer/text/atlas.rs	Atlas
alacritty/src/renderer/text/mod.rs	LoaderApi	alacritty/src/renderer/text/glyph_cache.rs	LoadGlyph
alacritty/src/renderer/text/mod.rs	TextRenderApi	alacritty/src/renderer/text/glyph_cache.rs	LoadGlyph
alacritty/src/renderer/text/mod.rs	TextRenderApi	alacritty/src/renderer/text/mod.rs	TextRenderBatch
alacritty/src/scheduler.rs	Scheduler	alacritty/src/event.rs	Event
alacritty/src/scheduler.rs	Scheduler	alacritty/src/scheduler.rs	Timer
alacritty/src/scheduler.rs	Timer	alacritty/src/event.rs	Event
alacritty/src/scheduler.rs	Timer	alacritty/src/scheduler.rs	TimerId
alacritty/src/scheduler.rs	TimerId	alacritty/src/scheduler.rs	Topic
alacritty/src/string.rs	StrShortener	alacritty/src/string.rs	ShortenDirection
alacritty/src/string.rs	StrShortener	alacritty/src/string.rs	TextAction
alacritty/src/window_context.rs	WindowContext	alacritty/src/cli.rs	ParsedOptions
alacritty/src/window_context.rs	WindowContext	alacritty/src/config/ui_config.rs	UiConfig
alacritty/src/window_context.rs	WindowContext	alacritty/src/display/mod.rs	Display
alacritty/src/window_context.rs	WindowContext	alacritty/src/event.rs	Event
alacritty/src/window_context.rs	WindowContext	alacritty/src/event.rs	EventProxy
alacritty/src/window_context.rs	WindowContext	alacritty/src/event.rs	InlineSearchState
alacritty/src/window_context.rs	WindowContext	alacritty/src/event.rs	Mouse
alacritty/src/window_context.rs	WindowContext	alacritty/src/event.rs	SearchState
alacritty/src/window_context.rs	WindowContext	alacritty/src/event.rs	TouchPurpose
alacritty/src/window_context.rs	WindowContext	alacritty/src/message_bar.rs	MessageBuffer
alacritty/src/window_context.rs	WindowContext	alacritty_terminal/src/event_loop.rs	Notifier
alacritty/src/window_context.rs	WindowContext	alacritty_terminal/src/sync.rs	FairMutex
alacritty/src/window_context.rs	WindowContext	alacritty_terminal/src/term/mod.rs	Term
alacritty_terminal/src/event.rs	Event	alacritty/src/config/debug.rs	Debug
alacritty_terminal/src/event.rs	VoidListener	alacritty_terminal/src/event.rs	EventListener
alacritty_terminal/src/event_loop.rs	EventLoop	alacritty_terminal/src/event.rs	EventListener
alacritty_terminal/src/event_loop.rs	EventLoop	alacritty_terminal/src/event_loop.rs	
alacritty_terminal/src/event_loop.rs	EventLoop	alacritty_terminal/src/event_loop.rs	Msg
alacritty_terminal/src/event_loop.rs	EventLoop	alacritty_terminal/src/event_loop.rs	PeekableReceiver
alacritty_terminal/src/event_loop.rs	EventLoop	alacritty_terminal/src/sync.rs	FairMutex
alacritty_terminal/src/event_loop.rs	EventLoop	alacritty_terminal/src/term/mod.rs	Term
alacritty_terminal/src/event_loop.rs	EventLoopSendError	alacritty/src/display/mod.rs	Display
alacritty_terminal/src/event_loop.rs	EventLoopSender	alacritty_terminal/src/event_loop.rs	Msg
alacritty_terminal/src/event_loop.rs	Notifier	alacritty_terminal/src/event_loop.rs	EventLoopSender
alacritty_terminal/src/event_loop.rs	State	alacritty_terminal/src/event_loop.rs	Writing
alacritty_terminal/src/grid/mod.rs	Cursor	alacritty_terminal/src/grid/mod.rs	Charsets
alacritty_terminal/src/grid/mod.rs	Cursor	alacritty_terminal/src/index.rs	Point
alacritty_terminal/src/grid/mod.rs	Grid	alacritty_terminal/src/grid/mod.rs	Cursor
alacritty_terminal/src/grid/mod.rs	Grid	alacritty_terminal/src/grid/mod.rs	Dimensions
alacritty_terminal/src/grid/mod.rs	Grid	alacritty_terminal/src/grid/mod.rs	GridCell
alacritty_terminal/src/grid/mod.rs	Grid	alacritty_terminal/src/grid/storage.rs	Storage
alacritty_terminal/src/grid/mod.rs	GridIterator	alacritty_terminal/src/grid/mod.rs	BidirectionalIterator
alacritty_terminal/src/grid/mod.rs	GridIterator	alacritty_terminal/src/grid/mod.rs	Grid
alacritty_terminal/src/grid/mod.rs	GridIterator	alacritty_terminal/src/index.rs	Point
alacritty_terminal/src/grid/mod.rs	Indexed	alacritty_terminal/src/index.rs	Point
alacritty_terminal/src/grid/storage.rs	Storage	alacritty_terminal/src/grid/row.rs	Row
alacritty_terminal/src/selection.rs	Anchor	alacritty_terminal/src/index.rs	Point
alacritty_terminal/src/selection.rs	Selection	alacritty_terminal/src/selection.rs	Anchor
alacritty_terminal/src/selection.rs	Selection	alacritty_terminal/src/selection.rs	SelectionType
alacritty_terminal/src/selection.rs	SelectionRange	alacritty_terminal/src/index.rs	Point
alacritty_terminal/src/term/cell.rs	Cell	alacritty_terminal/src/grid/mod.rs	GridCell
alacritty_terminal/src/term/cell.rs	Cell	alacritty_terminal/src/term/cell.rs	CellExtra
alacritty_terminal/src/term/cell.rs	Cell	alacritty_terminal/src/term/cell.rs	ResetDiscriminant
alacritty_terminal/src/term/cell.rs	CellExtra	alacritty_terminal/src/term/cell.rs	Hyperlink
alacritty_terminal/src/term/cell.rs	Hyperlink	alacritty_terminal/src/term/cell.rs	HyperlinkInner
alacritty_terminal/src/term/mod.rs	Config	alacritty_terminal/src/term/mod.rs	Osc52
alacritty_terminal/src/term/mod.rs	RenderableContent	alacritty_terminal/src/grid/mod.rs	GridIterator
alacritty_terminal/src/term/mod.rs	RenderableContent	alacritty_terminal/src/selection.rs	SelectionRange
alacritty_terminal/src/term/mod.rs	RenderableContent	alacritty_terminal/src/term/cell.rs	Cell
alacritty_terminal/src/term/mod.rs	RenderableContent	alacritty_terminal/src/term/mod.rs	RenderableCursor
alacritty_terminal/src/term/mod.rs	RenderableCursor	alacritty_terminal/src/index.rs	Point
alacritty_terminal/src/term/mod.rs	Term	alacritty_terminal/src/event.rs	EventListener
alacritty_terminal/src/term/mod.rs	Term	alacritty_terminal/src/grid/mod.rs	Dimensions
alacritty_terminal/src/term/mod.rs	Term	alacritty_terminal/src/grid/mod.rs	Grid
alacritty_terminal/src/term/mod.rs	Term	alacritty_terminal/src/index.rs	Line
alacritty_terminal/src/term/mod.rs	Term	alacritty_terminal/src/selection.rs	Selection
alacritty_terminal/src/term/mod.rs	Term	alacritty_terminal/src/term/cell.rs	Cell
alacritty_terminal/src/term/mod.rs	Term	alacritty_terminal/src/term/color.rs	Colors
alacritty_terminal/src/term/mod.rs	Term	alacritty_terminal/src/term/mod.rs	Config
alacritty_terminal/src/term/mod.rs	Term	alacritty_terminal/src/term/mod.rs	TabStops
alacritty_terminal/src/term/mod.rs	Term	alacritty_terminal/src/term/mod.rs	TermDamageState
alacritty_terminal/src/term/mod.rs	Term	alacritty_terminal/src/vi_mode.rs	ViModeCursor
alacritty_terminal/src/term/mod.rs	TermDamageIterator	alacritty_terminal/src/term/mod.rs	LineDamageBounds
alacritty_terminal/src/term/mod.rs	TermDamageState	alacritty_terminal/src/index.rs	Point
alacritty_terminal/src/term/mod.rs	TermDamageState	alacritty_terminal/src/term/mod.rs	LineDamageBounds
alacritty_terminal/src/term/mod.rs	TermSize	alacritty_terminal/src/grid/mod.rs	Dimensions
alacritty_terminal/src/term/search.rs	LazyDfa	alacritty_terminal/src/index.rs	Direction
alacritty_terminal/src/term/search.rs	RegexIter	alacritty_terminal/src/index.rs	Direction
alacritty_terminal/src/term/search.rs	RegexIter	alacritty_terminal/src/index.rs	Point
alacritty_terminal/src/term/search.rs	RegexIter	alacritty_terminal/src/term/mod.rs	Term
alacritty_terminal/src/term/search.rs	RegexIter	alacritty_terminal/src/term/search.rs	RegexSearch
alacritty_terminal/src/term/search.rs	RegexSearch	alacritty_terminal/src/term/search.rs	LazyDfa
alacritty_terminal/src/tty/mod.rs	EventedPty	alacritty_terminal/src/tty/mod.rs	EventedReadWrite
alacritty_terminal/src/tty/mod.rs	Options	alacritty_terminal/src/tty/mod.rs	Shell
alacritty_terminal/src/tty/unix.rs	Pty	alacritty_terminal/src/event.rs	OnResize
alacritty_terminal/src/tty/unix.rs	Pty	alacritty_terminal/src/tty/mod.rs	EventedPty
alacritty_terminal/src/tty/unix.rs	Pty	alacritty_terminal/src/tty/mod.rs	EventedReadWrite
alacritty_terminal/src/tty/windows/blocking.rs	Registration	alacritty_terminal/src/tty/windows/blocking.rs	Interest
alacritty_terminal/src/tty/windows/blocking.rs	Registration	alacritty_terminal/src/tty/windows/blocking.rs	PipeEnd
alacritty_terminal/src/tty/windows/blocking.rs	UnblockedReader	alacritty_terminal/src/tty/windows/blocking.rs	
alacritty_terminal/src/tty/windows/blocking.rs	UnblockedReader	alacritty_terminal/src/tty/windows/blocking.rs	Registration
alacritty_terminal/src/tty/windows/blocking.rs	UnblockedWriter	alacritty_terminal/src/tty/windows/blocking.rs	
alacritty_terminal/src/tty/windows/blocking.rs	UnblockedWriter	alacritty_terminal/src/tty/windows/blocking.rs	Registration
alacritty_terminal/src/tty/windows/child.rs	ChildExitSender	alacritty_terminal/src/tty/mod.rs	ChildEvent
alacritty_terminal/src/tty/windows/child.rs	ChildExitSender	alacritty_terminal/src/tty/windows/child.rs	Interest
alacritty_terminal/src/tty/windows/child.rs	ChildExitWatcher	alacritty_terminal/src/tty/mod.rs	ChildEvent
alacritty_terminal/src/tty/windows/child.rs	ChildExitWatcher	alacritty_terminal/src/tty/windows/child.rs	Interest
alacritty_terminal/src/tty/windows/conpty.rs	Conpty	alacritty_terminal/src/event.rs	OnResize
alacritty_terminal/src/tty/windows/conpty.rs	Conpty	alacritty_terminal/src/tty/windows/conpty.rs	ConptyApi
alacritty_terminal/src/tty/windows/mod.rs	Pty	alacritty_terminal/src/event.rs	OnResize
alacritty_terminal/src/tty/windows/mod.rs	Pty	alacritty_terminal/src/tty/mod.rs	EventedPty
alacritty_terminal/src/tty/windows/mod.rs	Pty	alacritty_terminal/src/tty/mod.rs	EventedReadWrite
alacritty_terminal/src/tty/windows/mod.rs	Pty	alacritty_terminal/src/tty/windows/child.rs	ChildExitWatcher
alacritty_terminal/src/tty/windows/mod.rs	Pty	alacritty_terminal/src/tty/windows/conpty.rs	Conpty
alacritty_terminal/src/vi_mode.rs	ViModeCursor	alacritty_terminal/src/index.rs	Point
