crates/cli/src/decompress.rs	DecompressionMatcher	crates/cli/src/decompress.rs	DecompressionCommand
crates/cli/src/decompress.rs	DecompressionMatcher	crates/globset/src/lib.rs	GlobSet
crates/cli/src/decompress.rs	DecompressionMatcherBuilder	crates/cli/src/decompress.rs	DecompressionCommand
crates/cli/src/decompress.rs	DecompressionReader	crates/cli/src/process.rs	CommandReader
crates/cli/src/decompress.rs	DecompressionReaderBuilder	crates/cli/src/decompress.rs	DecompressionMatcher
crates/cli/src/decompress.rs	DecompressionReaderBuilder	crates/cli/src/process.rs	CommandReaderBuilder
crates/cli/src/human.rs	ParseSizeError	crates/cli/src/human.rs	ParseSizeErrorKind
crates/cli/src/process.rs	CommandError	crates/cli/src/process.rs	CommandErrorKind
crates/cli/src/process.rs	CommandReader	crates/cli/src/process.rs	StderrReader
crates/cli/src/wtr.rs	StandardStream	crates/cli/src/wtr.rs	StandardStreamKind
crates/globset/src/glob.rs	Glob	crates/globset/src/glob.rs	GlobOptions
crates/globset/src/glob.rs	Glob	crates/globset/src/glob.rs	Tokens
crates/globset/src/glob.rs	GlobBuilder	crates/globset/src/glob.rs	GlobOptions
crates/globset/src/glob.rs	GlobMatcher	crates/globset/src/glob.rs	Glob
crates/globset/src/glob.rs	GlobStrategic	crates/globset/src/glob.rs	MatchStrategy
crates/globset/src/glob.rs	Parser	crates/globset/src/glob.rs	GlobOptions
crates/globset/src/glob.rs	Parser	crates/globset/src/glob.rs	Tokens
crates/globset/src/glob.rs	Tokens	crates/globset/src/glob.rs	Token
crates/globset/src/lib.rs	Error	crates/globset/src/lib.rs	ErrorKind
crates/globset/src/lib.rs	GlobSet	crates/globset/src/lib.rs	GlobSetMatchStrategy
crates/globset/src/lib.rs	GlobSetBuilder	crates/globset/src/glob.rs	Glob
crates/ignore/src/dir.rs	Ignore	crates/ignore/src/dir.rs	IgnoreInner
crates/ignore/src/dir.rs	IgnoreBuilder	crates/ignore/src/dir.rs	IgnoreOptions
crates/ignore/src/dir.rs	IgnoreBuilder	crates/ignore/src/gitignore.rs	Gitignore
crates/ignore/src/dir.rs	IgnoreBuilder	crates/ignore/src/overrides.rs	Override
crates/ignore/src/dir.rs	IgnoreBuilder	crates/ignore/src/types.rs	Types
crates/ignore/src/dir.rs	IgnoreInner	crates/ignore/src/dir.rs	IgnoreInner
crates/ignore/src/dir.rs	IgnoreInner	crates/ignore/src/dir.rs	IgnoreOptions
crates/ignore/src/dir.rs	IgnoreInner	crates/ignore/src/gitignore.rs	Gitignore
crates/ignore/src/dir.rs	IgnoreInner	crates/ignore/src/overrides.rs	Override
crates/ignore/src/dir.rs	IgnoreInner	crates/ignore/src/types.rs	Types
crates/ignore/src/dir.rs	IgnoreMatch	crates/ignore/src/dir.rs	IgnoreMatchInner
crates/ignore/src/dir.rs	IgnoreRef	crates/ignore/src/dir.rs	IgnoreInner
crates/ignore/src/dir.rs	Parents	crates/ignore/src/dir.rs	IgnoreRef
crates/ignore/src/gitignore.rs	Gitignore	crates/globset/src/lib.rs	GlobSet
crates/ignore/src/gitignore.rs	Gitignore	crates/ignore/src/gitignore.rs	Glob
crates/ignore/src/gitignore.rs	GitignoreBuilder	crates/globset/src/lib.rs	GlobSetBuilder
crates/ignore/src/gitignore.rs	GitignoreBuilder	crates/ignore/src/gitignore.rs	Glob
crates/ignore/src/incremental.rs	IncrementalIgnore	crates/ignore/src/incremental.rs	CachedDir
crates/ignore/src/incremental.rs	IncrementalIgnore	crates/ignore/src/incremental.rs	IncrementalIgnoreOptions
crates/ignore/src/incremental.rs	IncrementalIgnore	crates/ignore/src/incremental.rs	RootIgnore
crates/ignore/src/incremental.rs	IncrementalMatch	crates/ignore/src/lib.rs	Match
crates/ignore/src/lib.rs	PartialErrorBuilder	crates/ignore/src/lib.rs	Error
crates/ignore/src/overrides.rs	Glob	crates/ignore/src/overrides.rs	GlobInner
crates/ignore/src/overrides.rs	Override	crates/ignore/src/gitignore.rs	Gitignore
crates/ignore/src/overrides.rs	OverrideBuilder	crates/ignore/src/gitignore.rs	GitignoreBuilder
crates/ignore/src/types.rs	Glob	crates/ignore/src/types.rs	GlobInner
crates/ignore/src/types.rs	Types	crates/globset/src/lib.rs	GlobSet
crates/ignore/src/types.rs	Types	crates/ignore/src/types.rs	FileTypeDef
crates/ignore/src/types.rs	Types	crates/ignore/src/types.rs	Selection
crates/ignore/src/types.rs	TypesBuilder	crates/ignore/src/types.rs	FileTypeDef
crates/ignore/src/types.rs	TypesBuilder	crates/ignore/src/types.rs	Selection
crates/ignore/src/walk.rs	DirEntry	crates/ignore/src/walk.rs	DirEntryInner
crates/ignore/src/walk.rs	Filter	crates/ignore/src/walk.rs	DirEntry
crates/ignore/src/walk.rs	FnBuilder	crates/ignore/src/walk.rs	ParallelVisitorBuilder
crates/ignore/src/walk.rs	FnVisitorImp	crates/ignore/src/walk.rs	ParallelVisitor
crates/ignore/src/walk.rs	Stack	crates/ignore/src/walk.rs	Message
crates/ignore/src/walk.rs	Walk	crates/ignore/src/dir.rs	Ignore
crates/ignore/src/walk.rs	Walk	crates/ignore/src/walk.rs	Filter
crates/ignore/src/walk.rs	Walk	crates/ignore/src/walk.rs	WalkEventIter
crates/ignore/src/walk.rs	WalkBuilder	crates/ignore/src/dir.rs	IgnoreBuilder
crates/ignore/src/walk.rs	WalkBuilder	crates/ignore/src/walk.rs	Filter
crates/ignore/src/walk.rs	WalkBuilder	crates/ignore/src/walk.rs	Sorter
crates/ignore/src/walk.rs	WalkParallel	crates/ignore/src/dir.rs	Ignore
crates/ignore/src/walk.rs	WalkParallel	crates/ignore/src/walk.rs	Filter
crates/ignore/src/walk.rs	Work	crates/ignore/src/dir.rs	Ignore
crates/ignore/src/walk.rs	Work	crates/ignore/src/walk.rs	DirEntry
crates/ignore/src/walk.rs	Worker	crates/ignore/src/walk.rs	Filter
crates/ignore/src/walk.rs	Worker	crates/ignore/src/walk.rs	ParallelVisitor
crates/ignore/src/walk.rs	Worker	crates/ignore/src/walk.rs	Stack
crates/index/src/index.rs	Index	crates/index/src/index.rs	Handle
crates/index/src/index.rs	IndexDiscovery	crates/index/src/index.rs	IndexBuilder
crates/index/src/literal.rs	Analysis	crates/index/src/literal.rs	GramQuery
crates/index/src/literal.rs	Analysis	crates/index/src/literal.rs	LiteralSet
crates/matcher/src/interpolate.rs	CaptureRef	crates/matcher/src/interpolate.rs	Ref
crates/matcher/src/lib.rs	ByteSet	crates/matcher/src/lib.rs	BitSet
crates/matcher/src/lib.rs	LineTerminator	crates/matcher/src/lib.rs	LineTerminatorImp
crates/matcher/src/lib.rs	NoCaptures	crates/matcher/src/lib.rs	Captures
crates/pcre2/src/error.rs	Error	crates/pcre2/src/error.rs	ErrorKind
crates/pcre2/src/matcher.rs	RegexCaptures	crates/matcher/src/lib.rs	Captures
crates/pcre2/src/matcher.rs	RegexMatcher	crates/matcher/src/lib.rs	Matcher
crates/printer/src/color.rs	UserColorSpec	crates/printer/src/color.rs	OutType
crates/printer/src/color.rs	UserColorSpec	crates/printer/src/color.rs	SpecValue
crates/printer/src/hyperlink/mod.rs	FormatBuilder	crates/printer/src/hyperlink/mod.rs	Part
crates/printer/src/hyperlink/mod.rs	HyperlinkConfig	crates/printer/src/hyperlink/mod.rs	HyperlinkConfigInner
crates/printer/src/hyperlink/mod.rs	HyperlinkConfigInner	crates/printer/src/hyperlink/mod.rs	HyperlinkEnvironment
crates/printer/src/hyperlink/mod.rs	HyperlinkConfigInner	crates/printer/src/hyperlink/mod.rs	HyperlinkFormat
crates/printer/src/hyperlink/mod.rs	HyperlinkFormat	crates/printer/src/hyperlink/mod.rs	Part
crates/printer/src/hyperlink/mod.rs	HyperlinkFormatError	crates/printer/src/hyperlink/mod.rs	HyperlinkFormatErrorKind
crates/printer/src/hyperlink/mod.rs	Interpolator	crates/printer/src/hyperlink/mod.rs	HyperlinkConfig
crates/printer/src/hyperlink/mod.rs	Values	crates/printer/src/hyperlink/mod.rs	HyperlinkPath
crates/printer/src/json.rs	JSON	crates/printer/src/counter.rs	CounterWriter
crates/printer/src/json.rs	JSON	crates/printer/src/json.rs	Config
crates/printer/src/json.rs	JSONBuilder	crates/printer/src/json.rs	Config
crates/printer/src/json.rs	JSONSink	crates/matcher/src/lib.rs	Matcher
crates/printer/src/json.rs	JSONSink	crates/printer/src/json.rs	JSON
crates/printer/src/json.rs	JSONSink	crates/printer/src/stats.rs	Stats
crates/printer/src/json.rs	JSONSink	crates/printer/src/util.rs	Replacer
crates/printer/src/json.rs	JSONSink	crates/searcher/src/sink.rs	Sink
crates/printer/src/jsont.rs	Context	crates/printer/src/jsont.rs	SubMatch
crates/printer/src/jsont.rs	Match	crates/printer/src/jsont.rs	SubMatch
crates/printer/src/path.rs	Config	crates/printer/src/color.rs	ColorSpecs
crates/printer/src/path.rs	Config	crates/printer/src/hyperlink/mod.rs	HyperlinkConfig
crates/printer/src/path.rs	PathPrinter	crates/printer/src/path.rs	Config
crates/printer/src/path.rs	PathPrinterBuilder	crates/printer/src/path.rs	Config
crates/printer/src/standard.rs	Config	crates/printer/src/color.rs	ColorSpecs
crates/printer/src/standard.rs	Config	crates/printer/src/hyperlink/mod.rs	HyperlinkConfig
crates/printer/src/standard.rs	PreludeWriter	crates/matcher/src/lib.rs	Matcher
crates/printer/src/standard.rs	PreludeWriter	crates/printer/src/standard.rs	PreludeSeparator
crates/printer/src/standard.rs	PreludeWriter	crates/printer/src/standard.rs	StandardImpl
crates/printer/src/standard.rs	Standard	crates/matcher/src/lib.rs	Match
crates/printer/src/standard.rs	Standard	crates/printer/src/counter.rs	CounterWriter
crates/printer/src/standard.rs	Standard	crates/printer/src/standard.rs	Config
crates/printer/src/standard.rs	StandardBuilder	crates/printer/src/standard.rs	Config
crates/printer/src/standard.rs	StandardImpl	crates/matcher/src/lib.rs	Matcher
crates/printer/src/standard.rs	StandardImpl	crates/printer/src/standard.rs	StandardSink
crates/printer/src/standard.rs	StandardImpl	crates/printer/src/util.rs	Sunk
crates/printer/src/standard.rs	StandardImpl	crates/searcher/src/searcher/mod.rs	Searcher
crates/printer/src/standard.rs	StandardSink	crates/matcher/src/lib.rs	Matcher
crates/printer/src/standard.rs	StandardSink	crates/printer/src/standard.rs	Standard
crates/printer/src/standard.rs	StandardSink	crates/printer/src/stats.rs	Stats
crates/printer/src/standard.rs	StandardSink	crates/printer/src/util.rs	PrinterPath
crates/printer/src/standard.rs	StandardSink	crates/printer/src/util.rs	Replacer
crates/printer/src/standard.rs	StandardSink	crates/searcher/src/sink.rs	Sink
crates/printer/src/stats.rs	Stats	crates/printer/src/util.rs	NiceDuration
crates/printer/src/summary.rs	Config	crates/printer/src/color.rs	ColorSpecs
crates/printer/src/summary.rs	Config	crates/printer/src/hyperlink/mod.rs	HyperlinkConfig
crates/printer/src/summary.rs	Config	crates/printer/src/summary.rs	SummaryKind
crates/printer/src/summary.rs	Summary	crates/printer/src/counter.rs	CounterWriter
crates/printer/src/summary.rs	Summary	crates/printer/src/summary.rs	Config
crates/printer/src/summary.rs	SummaryBuilder	crates/printer/src/summary.rs	Config
crates/printer/src/summary.rs	SummarySink	crates/matcher/src/lib.rs	Matcher
crates/printer/src/summary.rs	SummarySink	crates/printer/src/stats.rs	Stats
crates/printer/src/summary.rs	SummarySink	crates/printer/src/summary.rs	Summary
crates/printer/src/summary.rs	SummarySink	crates/printer/src/util.rs	PrinterPath
crates/printer/src/summary.rs	SummarySink	crates/searcher/src/sink.rs	Sink
crates/printer/src/util.rs	PrinterPath	crates/printer/src/hyperlink/mod.rs	HyperlinkPath
crates/printer/src/util.rs	Replacer	crates/matcher/src/lib.rs	Matcher
crates/printer/src/util.rs	Replacer	crates/printer/src/util.rs	Space
crates/printer/src/util.rs	Space	crates/matcher/src/lib.rs	Match
crates/printer/src/util.rs	Space	crates/matcher/src/lib.rs	Matcher
crates/printer/src/util.rs	Sunk	crates/matcher/src/lib.rs	Match
crates/printer/src/util.rs	Sunk	crates/searcher/src/sink.rs	SinkContextKind
crates/regex/src/config.rs	Config	crates/matcher/src/lib.rs	LineTerminator
crates/regex/src/config.rs	ConfiguredHIR	crates/regex/src/config.rs	Config
crates/regex/src/error.rs	Error	crates/regex/src/error.rs	ErrorKind
crates/regex/src/matcher.rs	RegexCaptures	crates/matcher/src/lib.rs	Captures
crates/regex/src/matcher.rs	RegexMatcher	crates/matcher/src/lib.rs	ByteSet
crates/regex/src/matcher.rs	RegexMatcher	crates/matcher/src/lib.rs	Matcher
crates/regex/src/matcher.rs	RegexMatcher	crates/regex/src/config.rs	Config
crates/regex/src/matcher.rs	RegexMatcherBuilder	crates/regex/src/config.rs	Config
crates/searcher/src/line_buffer.rs	Config	crates/searcher/src/line_buffer.rs	BinaryDetection
crates/searcher/src/line_buffer.rs	Config	crates/searcher/src/line_buffer.rs	BufferAllocation
crates/searcher/src/line_buffer.rs	LineBuffer	crates/searcher/src/line_buffer.rs	Config
crates/searcher/src/line_buffer.rs	LineBufferBuilder	crates/searcher/src/line_buffer.rs	Config
crates/searcher/src/line_buffer.rs	LineBufferReader	crates/searcher/src/line_buffer.rs	LineBuffer
crates/searcher/src/lines.rs	LineIter	crates/searcher/src/lines.rs	LineStep
crates/searcher/src/searcher/core.rs	Core	crates/matcher/src/lib.rs	Matcher
crates/searcher/src/searcher/core.rs	Core	crates/searcher/src/searcher/mod.rs	Config
crates/searcher/src/searcher/core.rs	Core	crates/searcher/src/searcher/mod.rs	Searcher
crates/searcher/src/searcher/core.rs	Core	crates/searcher/src/sink.rs	Sink
crates/searcher/src/searcher/glue.rs	MultiLine	crates/matcher/src/lib.rs	Matcher
crates/searcher/src/searcher/glue.rs	MultiLine	crates/searcher/src/searcher/core.rs	Core
crates/searcher/src/searcher/glue.rs	MultiLine	crates/searcher/src/searcher/mod.rs	Config
crates/searcher/src/searcher/glue.rs	MultiLine	crates/searcher/src/sink.rs	Sink
crates/searcher/src/searcher/glue.rs	ReadByLine	crates/matcher/src/lib.rs	Matcher
crates/searcher/src/searcher/glue.rs	ReadByLine	crates/searcher/src/line_buffer.rs	LineBufferReader
crates/searcher/src/searcher/glue.rs	ReadByLine	crates/searcher/src/searcher/core.rs	Core
crates/searcher/src/searcher/glue.rs	ReadByLine	crates/searcher/src/searcher/mod.rs	Config
crates/searcher/src/searcher/glue.rs	ReadByLine	crates/searcher/src/sink.rs	Sink
crates/searcher/src/searcher/glue.rs	SliceByLine	crates/matcher/src/lib.rs	Matcher
crates/searcher/src/searcher/glue.rs	SliceByLine	crates/searcher/src/searcher/core.rs	Core
crates/searcher/src/searcher/glue.rs	SliceByLine	crates/searcher/src/sink.rs	Sink
crates/searcher/src/searcher/mmap.rs	MmapChoice	crates/searcher/src/searcher/mmap.rs	MmapChoiceImpl
crates/searcher/src/searcher/mod.rs	Config	crates/matcher/src/lib.rs	LineTerminator
crates/searcher/src/searcher/mod.rs	Config	crates/searcher/src/line_buffer.rs	BinaryDetection
crates/searcher/src/searcher/mod.rs	Config	crates/searcher/src/searcher/mmap.rs	MmapChoice
crates/searcher/src/searcher/mod.rs	Config	crates/searcher/src/searcher/mod.rs	Encoding
crates/searcher/src/searcher/mod.rs	Searcher	crates/searcher/src/line_buffer.rs	LineBuffer
crates/searcher/src/searcher/mod.rs	Searcher	crates/searcher/src/searcher/mod.rs	Config
crates/searcher/src/searcher/mod.rs	SearcherBuilder	crates/searcher/src/searcher/mod.rs	Config
crates/searcher/src/sink.rs	Bytes	crates/searcher/src/sink.rs	Sink
crates/searcher/src/sink.rs	Lossy	crates/searcher/src/sink.rs	Sink
crates/searcher/src/sink.rs	SinkContext	crates/matcher/src/lib.rs	LineTerminator
crates/searcher/src/sink.rs	SinkContext	crates/searcher/src/sink.rs	SinkContextKind
crates/searcher/src/sink.rs	SinkMatch	crates/matcher/src/lib.rs	LineTerminator
crates/searcher/src/sink.rs	UTF8	crates/searcher/src/sink.rs	Sink
crates/searcher/src/testutil.rs	KitchenSink	crates/searcher/src/sink.rs	Sink
crates/searcher/src/testutil.rs	RegexMatcher	crates/matcher/src/lib.rs	LineTerminator
crates/searcher/src/testutil.rs	RegexMatcher	crates/matcher/src/lib.rs	Matcher
crates/searcher/src/testutil.rs	SearcherTester	crates/searcher/src/searcher/mod.rs	BinaryDetection
crates/searcher/src/testutil.rs	TesterConfig	crates/searcher/src/searcher/mod.rs	SearcherBuilder
crates/searcher/src/testutil.rs	TesterConfig	crates/searcher/src/testutil.rs	RegexMatcher
