clap_bench/benches/complex.rs	Args	clap_bench/benches/complex.rs	Args
clap_builder/src/builder/action.rs	ArgAction	clap_builder/src/builder/action.rs	ArgAction
clap_builder/src/builder/action.rs	ArgAction	clap_builder/src/builder/resettable.rs	IntoResettable
clap_builder/src/builder/app_settings.rs	AppFlags	clap_builder/src/builder/app_settings.rs	AppFlags
clap_builder/src/builder/app_settings.rs	AppSettings	clap_builder/src/builder/app_settings.rs	AppSettings
clap_builder/src/builder/arg.rs	Arg	clap_builder/src/builder/action.rs	ArgAction
clap_builder/src/builder/arg.rs	Arg	clap_builder/src/builder/arg.rs	Arg
clap_builder/src/builder/arg.rs	Arg	clap_builder/src/builder/arg_predicate.rs	ArgPredicate
clap_builder/src/builder/arg.rs	Arg	clap_builder/src/builder/arg_settings.rs	ArgFlags
clap_builder/src/builder/arg.rs	Arg	clap_builder/src/builder/ext.rs	Extensions
clap_builder/src/builder/arg.rs	Arg	clap_builder/src/builder/os_str.rs	OsStr
clap_builder/src/builder/arg.rs	Arg	clap_builder/src/builder/range.rs	ValueRange
clap_builder/src/builder/arg.rs	Arg	clap_builder/src/builder/str.rs	Str
clap_builder/src/builder/arg.rs	Arg	clap_builder/src/builder/styled_str.rs	StyledStr
clap_builder/src/builder/arg.rs	Arg	clap_builder/src/builder/value_parser.rs	ValueParser
clap_builder/src/builder/arg.rs	Arg	clap_builder/src/util/id.rs	Id
clap_builder/src/builder/arg_group.rs	ArgGroup	clap_builder/src/builder/arg_group.rs	ArgGroup
clap_builder/src/builder/arg_group.rs	ArgGroup	clap_builder/src/util/id.rs	Id
clap_builder/src/builder/arg_predicate.rs	ArgPredicate	clap_builder/src/builder/arg_predicate.rs	ArgPredicate
clap_builder/src/builder/arg_predicate.rs	ArgPredicate	clap_builder/src/builder/os_str.rs	OsStr
clap_builder/src/builder/arg_settings.rs	ArgFlags	clap_builder/src/builder/arg_settings.rs	ArgFlags
clap_builder/src/builder/arg_settings.rs	ArgSettings	clap_builder/src/builder/arg_settings.rs	ArgSettings
clap_builder/src/builder/command.rs	AppExt	clap_builder/src/builder/ext.rs	Extension
clap_builder/src/builder/command.rs	Command	clap_builder/src/builder/app_settings.rs	AppFlags
clap_builder/src/builder/command.rs	Command	clap_builder/src/builder/arg_group.rs	ArgGroup
clap_builder/src/builder/command.rs	Command	clap_builder/src/builder/command.rs	Command
clap_builder/src/builder/command.rs	Command	clap_builder/src/builder/ext.rs	Extensions
clap_builder/src/builder/command.rs	Command	clap_builder/src/builder/str.rs	Str
clap_builder/src/builder/command.rs	Command	clap_builder/src/builder/styled_str.rs	StyledStr
clap_builder/src/builder/command.rs	Command	clap_builder/src/builder/value_parser.rs	ValueParser
clap_builder/src/builder/command.rs	Command	clap_builder/src/mkeymap.rs	MKeyMap
clap_builder/src/builder/command.rs	Command	clap_builder/src/util/id.rs	Id
clap_builder/src/builder/command.rs	CommandExt	clap_builder/src/builder/ext.rs	Extension
clap_builder/src/builder/command.rs	MaxTermWidth	clap_builder/src/builder/command.rs	AppExt
clap_builder/src/builder/command.rs	MaxTermWidth	clap_builder/src/builder/command.rs	MaxTermWidth
clap_builder/src/builder/command.rs	Output	clap_builder/src/builder/arg.rs	Arg
clap_builder/src/builder/command.rs	T	clap_builder/src/builder/command.rs	Captures
clap_builder/src/builder/command.rs	TermWidth	clap_builder/src/builder/command.rs	AppExt
clap_builder/src/builder/command.rs	TermWidth	clap_builder/src/builder/command.rs	TermWidth
clap_builder/src/builder/ext.rs	Extensions	clap_builder/src/builder/ext.rs	Extensions
clap_builder/src/builder/ext.rs	Extensions	clap_builder/src/util/any_value.rs	AnyValue
clap_builder/src/builder/ext.rs	Extensions	clap_builder/src/util/any_value.rs	AnyValueId
clap_builder/src/builder/ext.rs	Extensions	clap_builder/src/util/flat_map.rs	FlatMap
clap_builder/src/builder/ext.rs	T	clap_builder/src/builder/ext.rs	Extension
clap_builder/src/builder/os_str.rs	Inner	clap_builder/src/builder/os_str.rs	Inner
clap_builder/src/builder/os_str.rs	OsStr	clap_builder/src/builder/os_str.rs	Inner
clap_builder/src/builder/os_str.rs	OsStr	clap_builder/src/builder/os_str.rs	OsStr
clap_builder/src/builder/os_str.rs	OsStr	clap_builder/src/builder/str.rs	Str
clap_builder/src/builder/os_str.rs	String	clap_builder/src/builder/os_str.rs	OsStr
clap_builder/src/builder/os_str.rs	std	clap_builder/src/builder/os_str.rs	OsStr
clap_builder/src/builder/os_str.rs	str	clap_builder/src/builder/os_str.rs	OsStr
clap_builder/src/builder/possible_value.rs	PossibleValue	clap_builder/src/builder/possible_value.rs	PossibleValue
clap_builder/src/builder/possible_value.rs	PossibleValue	clap_builder/src/builder/str.rs	Str
clap_builder/src/builder/possible_value.rs	PossibleValue	clap_builder/src/builder/styled_str.rs	StyledStr
clap_builder/src/builder/range.rs	ValueRange	clap_builder/src/builder/range.rs	ValueRange
clap_builder/src/builder/resettable.rs	ArgAction	clap_builder/src/builder/action.rs	ArgAction
clap_builder/src/builder/resettable.rs	ArgAction	clap_builder/src/builder/resettable.rs	IntoResettable
clap_builder/src/builder/resettable.rs	I	clap_builder/src/builder/os_str.rs	OsStr
clap_builder/src/builder/resettable.rs	I	clap_builder/src/builder/range.rs	ValueRange
clap_builder/src/builder/resettable.rs	I	clap_builder/src/builder/resettable.rs	IntoResettable
clap_builder/src/builder/resettable.rs	I	clap_builder/src/builder/str.rs	Str
clap_builder/src/builder/resettable.rs	I	clap_builder/src/builder/styled_str.rs	StyledStr
clap_builder/src/builder/resettable.rs	I	clap_builder/src/builder/value_parser.rs	ValueParser
clap_builder/src/builder/resettable.rs	I	clap_builder/src/util/id.rs	Id
clap_builder/src/builder/resettable.rs	Option	clap_builder/src/builder/action.rs	ArgAction
clap_builder/src/builder/resettable.rs	Option	clap_builder/src/builder/os_str.rs	OsStr
clap_builder/src/builder/resettable.rs	Option	clap_builder/src/builder/resettable.rs	IntoResettable
clap_builder/src/builder/resettable.rs	Option	clap_builder/src/builder/str.rs	Str
clap_builder/src/builder/resettable.rs	Option	clap_builder/src/builder/styled_str.rs	StyledStr
clap_builder/src/builder/resettable.rs	Option	clap_builder/src/builder/value_hint.rs	ValueHint
clap_builder/src/builder/resettable.rs	Option	clap_builder/src/builder/value_parser.rs	ValueParser
clap_builder/src/builder/resettable.rs	Resettable	clap_builder/src/builder/resettable.rs	IntoResettable
clap_builder/src/builder/resettable.rs	Resettable	clap_builder/src/builder/resettable.rs	Resettable
clap_builder/src/builder/resettable.rs	ValueHint	clap_builder/src/builder/resettable.rs	IntoResettable
clap_builder/src/builder/resettable.rs	ValueHint	clap_builder/src/builder/value_hint.rs	ValueHint
clap_builder/src/builder/resettable.rs	char	clap_builder/src/builder/resettable.rs	IntoResettable
clap_builder/src/builder/resettable.rs	usize	clap_builder/src/builder/resettable.rs	IntoResettable
clap_builder/src/builder/str.rs	Inner	clap_builder/src/builder/str.rs	Inner
clap_builder/src/builder/str.rs	Str	clap_builder/src/builder/str.rs	Inner
clap_builder/src/builder/str.rs	Str	clap_builder/src/builder/str.rs	Str
clap_builder/src/builder/str.rs	String	clap_builder/src/builder/str.rs	Str
clap_builder/src/builder/str.rs	Vec	clap_builder/src/builder/str.rs	Str
clap_builder/src/builder/str.rs	std	clap_builder/src/builder/str.rs	Str
clap_builder/src/builder/str.rs	str	clap_builder/src/builder/str.rs	Str
clap_builder/src/builder/styled_str.rs	StyledStr	clap_builder/src/builder/styled_str.rs	StyledStr
clap_builder/src/builder/styling.rs	Styles	clap_builder/src/builder/command.rs	AppExt
clap_builder/src/builder/styling.rs	Styles	clap_builder/src/builder/styling.rs	Styles
clap_builder/src/builder/value_hint.rs	ValueHint	clap_builder/src/builder/resettable.rs	IntoResettable
clap_builder/src/builder/value_hint.rs	ValueHint	clap_builder/src/builder/value_hint.rs	ValueHint
clap_builder/src/builder/value_parser.rs	BoolValueParser	clap_builder/src/builder/value_parser.rs	BoolValueParser
clap_builder/src/builder/value_parser.rs	BoolValueParser	clap_builder/src/builder/value_parser.rs	TypedValueParser
clap_builder/src/builder/value_parser.rs	BoolishValueParser	clap_builder/src/builder/value_parser.rs	BoolishValueParser
clap_builder/src/builder/value_parser.rs	BoolishValueParser	clap_builder/src/builder/value_parser.rs	TypedValueParser
clap_builder/src/builder/value_parser.rs	Box	clap_builder/src/builder/value_parser.rs	Parser
clap_builder/src/builder/value_parser.rs	Box	clap_builder/src/builder/value_parser.rs	TypedValueParser
clap_builder/src/builder/value_parser.rs	Box	clap_builder/src/builder/value_parser.rs	ValueParserFactory
clap_builder/src/builder/value_parser.rs	EnumValueParser	clap_builder/src/builder/value_parser.rs	EnumValueParser
clap_builder/src/builder/value_parser.rs	EnumValueParser	clap_builder/src/builder/value_parser.rs	TypedValueParser
clap_builder/src/builder/value_parser.rs	EnumValueParser	clap_builder/src/derive.rs	ValueEnum
clap_builder/src/builder/value_parser.rs	F	clap_builder/src/builder/value_parser.rs	TypedValueParser
clap_builder/src/builder/value_parser.rs	FalseyValueParser	clap_builder/src/builder/value_parser.rs	FalseyValueParser
clap_builder/src/builder/value_parser.rs	FalseyValueParser	clap_builder/src/builder/value_parser.rs	TypedValueParser
clap_builder/src/builder/value_parser.rs	MapValueParser	clap_builder/src/builder/value_parser.rs	MapValueParser
clap_builder/src/builder/value_parser.rs	MapValueParser	clap_builder/src/builder/value_parser.rs	TypedValueParser
clap_builder/src/builder/value_parser.rs	MapValueParser	clap_builder/src/builder/value_parser.rs	Value
clap_builder/src/builder/value_parser.rs	NonEmptyStringValueParser	clap_builder/src/builder/value_parser.rs	NonEmptyStringValueParser
clap_builder/src/builder/value_parser.rs	NonEmptyStringValueParser	clap_builder/src/builder/value_parser.rs	TypedValueParser
clap_builder/src/builder/value_parser.rs	OsStringValueParser	clap_builder/src/builder/value_parser.rs	OsStringValueParser
clap_builder/src/builder/value_parser.rs	OsStringValueParser	clap_builder/src/builder/value_parser.rs	TypedValueParser
clap_builder/src/builder/value_parser.rs	Output	clap_builder/src/builder/value_parser.rs	EnumValueParser
clap_builder/src/builder/value_parser.rs	P	clap_builder/src/builder/value_parser.rs	AnyValueParser
clap_builder/src/builder/value_parser.rs	P	clap_builder/src/builder/value_parser.rs	TypedValueParser
clap_builder/src/builder/value_parser.rs	Parser	clap_builder/src/builder/value_parser.rs	MapValueParser
clap_builder/src/builder/value_parser.rs	Parser	clap_builder/src/builder/value_parser.rs	OsStringValueParser
clap_builder/src/builder/value_parser.rs	Parser	clap_builder/src/builder/value_parser.rs	Parser
clap_builder/src/builder/value_parser.rs	Parser	clap_builder/src/builder/value_parser.rs	PathBufValueParser
clap_builder/src/builder/value_parser.rs	Parser	clap_builder/src/builder/value_parser.rs	RangedI64ValueParser
clap_builder/src/builder/value_parser.rs	Parser	clap_builder/src/builder/value_parser.rs	RangedU64ValueParser
clap_builder/src/builder/value_parser.rs	Parser	clap_builder/src/builder/value_parser.rs	StringValueParser
clap_builder/src/builder/value_parser.rs	Parser	clap_builder/src/builder/value_parser.rs	ValueParser
clap_builder/src/builder/value_parser.rs	Parser	clap_builder/src/builder/value_parser.rs	ValueParserFactory
clap_builder/src/builder/value_parser.rs	PathBufValueParser	clap_builder/src/builder/value_parser.rs	PathBufValueParser
clap_builder/src/builder/value_parser.rs	PathBufValueParser	clap_builder/src/builder/value_parser.rs	TypedValueParser
clap_builder/src/builder/value_parser.rs	PossibleValuesParser	clap_builder/src/builder/possible_value.rs	PossibleValue
clap_builder/src/builder/value_parser.rs	PossibleValuesParser	clap_builder/src/builder/value_parser.rs	PossibleValuesParser
clap_builder/src/builder/value_parser.rs	PossibleValuesParser	clap_builder/src/builder/value_parser.rs	TypedValueParser
clap_builder/src/builder/value_parser.rs	RangedI64ValueParser	clap_builder/src/builder/value_parser.rs	RangedI64ValueParser
clap_builder/src/builder/value_parser.rs	RangedI64ValueParser	clap_builder/src/builder/value_parser.rs	TypedValueParser
clap_builder/src/builder/value_parser.rs	RangedU64ValueParser	clap_builder/src/builder/value_parser.rs	RangedU64ValueParser
clap_builder/src/builder/value_parser.rs	RangedU64ValueParser	clap_builder/src/builder/value_parser.rs	TypedValueParser
clap_builder/src/builder/value_parser.rs	String	clap_builder/src/builder/value_parser.rs	ValueParserFactory
clap_builder/src/builder/value_parser.rs	StringValueParser	clap_builder/src/builder/value_parser.rs	StringValueParser
clap_builder/src/builder/value_parser.rs	StringValueParser	clap_builder/src/builder/value_parser.rs	TypedValueParser
clap_builder/src/builder/value_parser.rs	TryMapValueParser	clap_builder/src/builder/value_parser.rs	TryMapValueParser
clap_builder/src/builder/value_parser.rs	TryMapValueParser	clap_builder/src/builder/value_parser.rs	TypedValueParser
clap_builder/src/builder/value_parser.rs	TryMapValueParser	clap_builder/src/builder/value_parser.rs	Value
clap_builder/src/builder/value_parser.rs	UnknownArgumentValueParser	clap_builder/src/builder/str.rs	Str
clap_builder/src/builder/value_parser.rs	UnknownArgumentValueParser	clap_builder/src/builder/styled_str.rs	StyledStr
clap_builder/src/builder/value_parser.rs	UnknownArgumentValueParser	clap_builder/src/builder/value_parser.rs	TypedValueParser
clap_builder/src/builder/value_parser.rs	UnknownArgumentValueParser	clap_builder/src/builder/value_parser.rs	UnknownArgumentValueParser
clap_builder/src/builder/value_parser.rs	ValueParser	clap_builder/src/builder/possible_value.rs	PossibleValue
clap_builder/src/builder/value_parser.rs	ValueParser	clap_builder/src/builder/value_parser.rs	TypedValueParser
clap_builder/src/builder/value_parser.rs	ValueParser	clap_builder/src/builder/value_parser.rs	ValueParser
clap_builder/src/builder/value_parser.rs	ValueParser	clap_builder/src/builder/value_parser.rs	ValueParserInner
clap_builder/src/builder/value_parser.rs	ValueParser	clap_builder/src/builder/value_parser.rs	_AnonymousValueParser
clap_builder/src/builder/value_parser.rs	ValueParserInner	clap_builder/src/builder/value_parser.rs	AnyValueParser
clap_builder/src/builder/value_parser.rs	_AnonymousValueParser	clap_builder/src/builder/value_parser.rs	ValueParser
clap_builder/src/builder/value_parser.rs	_impls_FromStr	clap_builder/src/builder/value_parser.rs	_impls_FromStrSealed
clap_builder/src/builder/value_parser.rs	_impls_From_OsStr	clap_builder/src/builder/value_parser.rs	_impls_From_OsStrSealed
clap_builder/src/builder/value_parser.rs	_impls_From_OsString	clap_builder/src/builder/value_parser.rs	_impls_From_OsStringSealed
clap_builder/src/builder/value_parser.rs	_impls_From_String	clap_builder/src/builder/value_parser.rs	_impls_From_StringSealed
clap_builder/src/builder/value_parser.rs	_impls_From_str	clap_builder/src/builder/value_parser.rs	_impls_From_strSealed
clap_builder/src/builder/value_parser.rs	_impls_ValueEnum	clap_builder/src/builder/value_parser.rs	_impls_ValueEnumSealed
clap_builder/src/builder/value_parser.rs	_impls_ValueParserFactory	clap_builder/src/builder/value_parser.rs	_impls_ValueParserFactorySealed
clap_builder/src/builder/value_parser.rs	_infer_ValueParser_for	clap_builder/src/builder/value_parser.rs	ValueParserFactory
clap_builder/src/builder/value_parser.rs	_infer_ValueParser_for	clap_builder/src/builder/value_parser.rs	_impls_FromStr
clap_builder/src/builder/value_parser.rs	_infer_ValueParser_for	clap_builder/src/builder/value_parser.rs	_impls_FromStrSealed
clap_builder/src/builder/value_parser.rs	_infer_ValueParser_for	clap_builder/src/builder/value_parser.rs	_impls_From_OsStr
clap_builder/src/builder/value_parser.rs	_infer_ValueParser_for	clap_builder/src/builder/value_parser.rs	_impls_From_OsStrSealed
clap_builder/src/builder/value_parser.rs	_infer_ValueParser_for	clap_builder/src/builder/value_parser.rs	_impls_From_OsString
clap_builder/src/builder/value_parser.rs	_infer_ValueParser_for	clap_builder/src/builder/value_parser.rs	_impls_From_OsStringSealed
clap_builder/src/builder/value_parser.rs	_infer_ValueParser_for	clap_builder/src/builder/value_parser.rs	_impls_From_String
clap_builder/src/builder/value_parser.rs	_infer_ValueParser_for	clap_builder/src/builder/value_parser.rs	_impls_From_StringSealed
clap_builder/src/builder/value_parser.rs	_infer_ValueParser_for	clap_builder/src/builder/value_parser.rs	_impls_From_str
clap_builder/src/builder/value_parser.rs	_infer_ValueParser_for	clap_builder/src/builder/value_parser.rs	_impls_From_strSealed
clap_builder/src/builder/value_parser.rs	_infer_ValueParser_for	clap_builder/src/builder/value_parser.rs	_impls_ValueEnum
clap_builder/src/builder/value_parser.rs	_infer_ValueParser_for	clap_builder/src/builder/value_parser.rs	_impls_ValueEnumSealed
clap_builder/src/builder/value_parser.rs	_infer_ValueParser_for	clap_builder/src/builder/value_parser.rs	_impls_ValueParserFactory
clap_builder/src/builder/value_parser.rs	_infer_ValueParser_for	clap_builder/src/builder/value_parser.rs	_impls_ValueParserFactorySealed
clap_builder/src/builder/value_parser.rs	_infer_ValueParser_for	clap_builder/src/builder/value_parser.rs	_infer_ValueParser_for
clap_builder/src/builder/value_parser.rs	_infer_ValueParser_for	clap_builder/src/derive.rs	ValueEnum
clap_builder/src/builder/value_parser.rs	bool	clap_builder/src/builder/value_parser.rs	ValueParserFactory
clap_builder/src/builder/value_parser.rs	i16	clap_builder/src/builder/value_parser.rs	ValueParserFactory
clap_builder/src/builder/value_parser.rs	i32	clap_builder/src/builder/value_parser.rs	ValueParserFactory
clap_builder/src/builder/value_parser.rs	i64	clap_builder/src/builder/value_parser.rs	ValueParserFactory
clap_builder/src/builder/value_parser.rs	i8	clap_builder/src/builder/value_parser.rs	ValueParserFactory
clap_builder/src/builder/value_parser.rs	std	clap_builder/src/builder/value_parser.rs	Parser
clap_builder/src/builder/value_parser.rs	std	clap_builder/src/builder/value_parser.rs	TypedValueParser
clap_builder/src/builder/value_parser.rs	std	clap_builder/src/builder/value_parser.rs	ValueParserFactory
clap_builder/src/builder/value_parser.rs	u16	clap_builder/src/builder/value_parser.rs	ValueParserFactory
clap_builder/src/builder/value_parser.rs	u32	clap_builder/src/builder/value_parser.rs	ValueParserFactory
clap_builder/src/builder/value_parser.rs	u64	clap_builder/src/builder/value_parser.rs	ValueParserFactory
clap_builder/src/builder/value_parser.rs	u8	clap_builder/src/builder/value_parser.rs	ValueParserFactory
clap_builder/src/derive.rs	Args	clap_builder/src/derive.rs	FromArgMatches
clap_builder/src/derive.rs	Box	clap_builder/src/derive.rs	Args
clap_builder/src/derive.rs	Box	clap_builder/src/derive.rs	CommandFactory
clap_builder/src/derive.rs	Box	clap_builder/src/derive.rs	FromArgMatches
clap_builder/src/derive.rs	Box	clap_builder/src/derive.rs	Parser
clap_builder/src/derive.rs	Box	clap_builder/src/derive.rs	Subcommand
clap_builder/src/derive.rs	Infallible	clap_builder/src/derive.rs	FromArgMatches
clap_builder/src/derive.rs	Infallible	clap_builder/src/derive.rs	Subcommand
clap_builder/src/derive.rs	Parser	clap_builder/src/derive.rs	CommandFactory
clap_builder/src/derive.rs	Parser	clap_builder/src/derive.rs	FromArgMatches
clap_builder/src/derive.rs	Subcommand	clap_builder/src/derive.rs	FromArgMatches
clap_builder/src/error/context.rs	ContextKind	clap_builder/src/error/context.rs	ContextKind
clap_builder/src/error/context.rs	ContextValue	clap_builder/src/builder/styled_str.rs	StyledStr
clap_builder/src/error/context.rs	ContextValue	clap_builder/src/error/context.rs	ContextValue
clap_builder/src/error/format.rs	KindFormatter	clap_builder/src/error/format.rs	ErrorFormatter
clap_builder/src/error/format.rs	KindFormatter	clap_builder/src/error/format.rs	KindFormatter
clap_builder/src/error/format.rs	RichFormatter	clap_builder/src/error/format.rs	ErrorFormatter
clap_builder/src/error/format.rs	RichFormatter	clap_builder/src/error/format.rs	RichFormatter
clap_builder/src/error/kind.rs	ErrorKind	clap_builder/src/error/kind.rs	ErrorKind
clap_builder/src/error/mod.rs	Backtrace	clap_builder/src/error/mod.rs	Backtrace
clap_builder/src/error/mod.rs	Error	clap_builder/src/error/format.rs	ErrorFormatter
clap_builder/src/error/mod.rs	Error	clap_builder/src/error/format.rs	RichFormatter
clap_builder/src/error/mod.rs	Error	clap_builder/src/error/mod.rs	Error
clap_builder/src/error/mod.rs	Error	clap_builder/src/error/mod.rs	ErrorInner
clap_builder/src/error/mod.rs	ErrorInner	clap_builder/src/builder/styling.rs	Styles
clap_builder/src/error/mod.rs	ErrorInner	clap_builder/src/error/context.rs	ContextKind
clap_builder/src/error/mod.rs	ErrorInner	clap_builder/src/error/context.rs	ContextValue
clap_builder/src/error/mod.rs	ErrorInner	clap_builder/src/error/kind.rs	ErrorKind
clap_builder/src/error/mod.rs	ErrorInner	clap_builder/src/error/mod.rs	Backtrace
clap_builder/src/error/mod.rs	ErrorInner	clap_builder/src/error/mod.rs	Message
clap_builder/src/error/mod.rs	ErrorInner	clap_builder/src/util/color.rs	ColorChoice
clap_builder/src/error/mod.rs	ErrorInner	clap_builder/src/util/flat_map.rs	FlatMap
clap_builder/src/error/mod.rs	Message	clap_builder/src/builder/styled_str.rs	StyledStr
clap_builder/src/error/mod.rs	Message	clap_builder/src/error/mod.rs	Message
clap_builder/src/error/mod.rs	Result	clap_builder/src/error/mod.rs	Error
clap_builder/src/lib.rs	Error	clap_builder/src/error/format.rs	RichFormatter
clap_builder/src/lib.rs	Error	clap_builder/src/error/mod.rs	Error
clap_builder/src/mkeymap.rs	Key	clap_builder/src/mkeymap.rs	KeyType
clap_builder/src/mkeymap.rs	KeyType	clap_builder/src/builder/os_str.rs	OsStr
clap_builder/src/mkeymap.rs	KeyType	clap_builder/src/mkeymap.rs	KeyType
clap_builder/src/mkeymap.rs	MKeyMap	clap_builder/src/builder/arg.rs	Arg
clap_builder/src/mkeymap.rs	MKeyMap	clap_builder/src/mkeymap.rs	Key
clap_builder/src/mkeymap.rs	MKeyMap	clap_builder/src/mkeymap.rs	KeyType
clap_builder/src/mkeymap.rs	MKeyMap	clap_builder/src/mkeymap.rs	MKeyMap
clap_builder/src/mkeymap.rs	Output	clap_builder/src/builder/arg.rs	Arg
clap_builder/src/output/fmt.rs	Colorizer	clap_builder/src/builder/styled_str.rs	StyledStr
clap_builder/src/output/fmt.rs	Colorizer	clap_builder/src/output/fmt.rs	Colorizer
clap_builder/src/output/fmt.rs	Colorizer	clap_builder/src/output/fmt.rs	Stream
clap_builder/src/output/fmt.rs	Colorizer	clap_builder/src/util/color.rs	ColorChoice
clap_builder/src/output/help_template.rs	ArgSortKey	clap_builder/src/builder/arg.rs	Arg
clap_builder/src/output/help_template.rs	AutoHelp	clap_builder/src/output/help_template.rs	AutoHelp
clap_builder/src/output/help_template.rs	AutoHelp	clap_builder/src/output/help_template.rs	HelpTemplate
clap_builder/src/output/help_template.rs	HelpTemplate	clap_builder/src/builder/command.rs	Command
clap_builder/src/output/help_template.rs	HelpTemplate	clap_builder/src/builder/styled_str.rs	StyledStr
clap_builder/src/output/help_template.rs	HelpTemplate	clap_builder/src/builder/styling.rs	Styles
clap_builder/src/output/help_template.rs	HelpTemplate	clap_builder/src/output/help_template.rs	HelpTemplate
clap_builder/src/output/help_template.rs	HelpTemplate	clap_builder/src/output/usage.rs	Usage
clap_builder/src/output/usage.rs	Usage	clap_builder/src/builder/command.rs	Command
clap_builder/src/output/usage.rs	Usage	clap_builder/src/builder/styling.rs	Styles
clap_builder/src/output/usage.rs	Usage	clap_builder/src/output/usage.rs	Usage
clap_builder/src/output/usage.rs	Usage	clap_builder/src/util/graph.rs	ChildGraph
clap_builder/src/output/usage.rs	Usage	clap_builder/src/util/id.rs	Id
clap_builder/src/parser/arg_matcher.rs	ArgMatcher	clap_builder/src/parser/arg_matcher.rs	ArgMatcher
clap_builder/src/parser/arg_matcher.rs	ArgMatcher	clap_builder/src/parser/matches/arg_matches.rs	ArgMatches
clap_builder/src/parser/arg_matcher.rs	ArgMatcher	clap_builder/src/parser/parser.rs	PendingArg
clap_builder/src/parser/arg_matcher.rs	Target	clap_builder/src/parser/matches/arg_matches.rs	ArgMatches
clap_builder/src/parser/error.rs	MatchesError	clap_builder/src/parser/error.rs	MatchesError
clap_builder/src/parser/error.rs	MatchesError	clap_builder/src/util/any_value.rs	AnyValueId
clap_builder/src/parser/matches/arg_matches.rs	ArgMatches	clap_builder/src/parser/matches/arg_matches.rs	ArgMatches
clap_builder/src/parser/matches/arg_matches.rs	ArgMatches	clap_builder/src/parser/matches/arg_matches.rs	SubCommand
clap_builder/src/parser/matches/arg_matches.rs	ArgMatches	clap_builder/src/parser/matches/matched_arg.rs	MatchedArg
clap_builder/src/parser/matches/arg_matches.rs	ArgMatches	clap_builder/src/util/flat_map.rs	FlatMap
clap_builder/src/parser/matches/arg_matches.rs	ArgMatches	clap_builder/src/util/id.rs	Id
clap_builder/src/parser/matches/arg_matches.rs	IdsRef	clap_builder/src/parser/matches/arg_matches.rs	IdsRef
clap_builder/src/parser/matches/arg_matches.rs	IdsRef	clap_builder/src/util/id.rs	Id
clap_builder/src/parser/matches/arg_matches.rs	Indices	clap_builder/src/parser/matches/arg_matches.rs	Indices
clap_builder/src/parser/matches/arg_matches.rs	Item	clap_builder/src/parser/matches/arg_matches.rs	OccurrenceValues
clap_builder/src/parser/matches/arg_matches.rs	Item	clap_builder/src/parser/matches/arg_matches.rs	OccurrenceValuesRef
clap_builder/src/parser/matches/arg_matches.rs	Item	clap_builder/src/parser/matches/arg_matches.rs	RawOccurrenceValues
clap_builder/src/parser/matches/arg_matches.rs	Item	clap_builder/src/util/id.rs	Id
clap_builder/src/parser/matches/arg_matches.rs	OccurrenceValues	clap_builder/src/parser/matches/arg_matches.rs	OccurrenceValues
clap_builder/src/parser/matches/arg_matches.rs	OccurrenceValues	clap_builder/src/util/any_value.rs	AnyValue
clap_builder/src/parser/matches/arg_matches.rs	OccurrenceValuesRef	clap_builder/src/parser/matches/arg_matches.rs	OccurrenceValuesRef
clap_builder/src/parser/matches/arg_matches.rs	OccurrenceValuesRef	clap_builder/src/util/any_value.rs	AnyValue
clap_builder/src/parser/matches/arg_matches.rs	Occurrences	clap_builder/src/parser/matches/arg_matches.rs	OccurrenceValues
clap_builder/src/parser/matches/arg_matches.rs	Occurrences	clap_builder/src/parser/matches/arg_matches.rs	Occurrences
clap_builder/src/parser/matches/arg_matches.rs	Occurrences	clap_builder/src/util/any_value.rs	AnyValue
clap_builder/src/parser/matches/arg_matches.rs	OccurrencesRef	clap_builder/src/parser/matches/arg_matches.rs	OccurrenceValuesRef
clap_builder/src/parser/matches/arg_matches.rs	OccurrencesRef	clap_builder/src/parser/matches/arg_matches.rs	OccurrencesRef
clap_builder/src/parser/matches/arg_matches.rs	OccurrencesRef	clap_builder/src/util/any_value.rs	AnyValue
clap_builder/src/parser/matches/arg_matches.rs	RawOccurrenceValues	clap_builder/src/parser/matches/arg_matches.rs	RawOccurrenceValues
clap_builder/src/parser/matches/arg_matches.rs	RawOccurrences	clap_builder/src/parser/matches/arg_matches.rs	RawOccurrenceValues
clap_builder/src/parser/matches/arg_matches.rs	RawOccurrences	clap_builder/src/parser/matches/arg_matches.rs	RawOccurrences
clap_builder/src/parser/matches/arg_matches.rs	RawValues	clap_builder/src/parser/matches/arg_matches.rs	RawValues
clap_builder/src/parser/matches/arg_matches.rs	SubCommand	clap_builder/src/parser/matches/arg_matches.rs	ArgMatches
clap_builder/src/parser/matches/arg_matches.rs	Values	clap_builder/src/parser/matches/arg_matches.rs	Values
clap_builder/src/parser/matches/arg_matches.rs	Values	clap_builder/src/util/any_value.rs	AnyValue
clap_builder/src/parser/matches/arg_matches.rs	ValuesRef	clap_builder/src/parser/matches/arg_matches.rs	ValuesRef
clap_builder/src/parser/matches/arg_matches.rs	ValuesRef	clap_builder/src/util/any_value.rs	AnyValue
clap_builder/src/parser/matches/matched_arg.rs	MatchedArg	clap_builder/src/parser/matches/matched_arg.rs	MatchedArg
clap_builder/src/parser/matches/matched_arg.rs	MatchedArg	clap_builder/src/parser/matches/value_source.rs	ValueSource
clap_builder/src/parser/matches/matched_arg.rs	MatchedArg	clap_builder/src/util/any_value.rs	AnyValue
clap_builder/src/parser/matches/matched_arg.rs	MatchedArg	clap_builder/src/util/any_value.rs	AnyValueId
clap_builder/src/parser/matches/value_source.rs	ValueSource	clap_builder/src/parser/matches/value_source.rs	ValueSource
clap_builder/src/parser/parser.rs	ParseResult	clap_builder/src/util/id.rs	Id
clap_builder/src/parser/parser.rs	ParseState	clap_builder/src/util/id.rs	Id
clap_builder/src/parser/parser.rs	Parser	clap_builder/src/builder/command.rs	Command
clap_builder/src/parser/parser.rs	Parser	clap_builder/src/parser/parser.rs	Parser
clap_builder/src/parser/parser.rs	PendingArg	clap_builder/src/parser/parser.rs	Identifier
clap_builder/src/parser/parser.rs	PendingArg	clap_builder/src/util/id.rs	Id
clap_builder/src/parser/validator.rs	Conflicts	clap_builder/src/parser/validator.rs	Conflicts
clap_builder/src/parser/validator.rs	Conflicts	clap_builder/src/util/flat_map.rs	FlatMap
clap_builder/src/parser/validator.rs	Conflicts	clap_builder/src/util/id.rs	Id
clap_builder/src/parser/validator.rs	Validator	clap_builder/src/builder/command.rs	Command
clap_builder/src/parser/validator.rs	Validator	clap_builder/src/parser/validator.rs	Validator
clap_builder/src/parser/validator.rs	Validator	clap_builder/src/util/graph.rs	ChildGraph
clap_builder/src/parser/validator.rs	Validator	clap_builder/src/util/id.rs	Id
clap_builder/src/util/any_value.rs	AnyValue	clap_builder/src/util/any_value.rs	AnyValue
clap_builder/src/util/any_value.rs	AnyValue	clap_builder/src/util/any_value.rs	AnyValueId
clap_builder/src/util/any_value.rs	AnyValueId	clap_builder/src/util/any_value.rs	AnyValueId
clap_builder/src/util/color.rs	ColorChoice	clap_builder/src/derive.rs	ValueEnum
clap_builder/src/util/color.rs	ColorChoice	clap_builder/src/util/color.rs	ColorChoice
clap_builder/src/util/escape.rs	Escape	clap_builder/src/util/escape.rs	Escape
clap_builder/src/util/flat_map.rs	Entry	clap_builder/src/util/flat_map.rs	Entry
clap_builder/src/util/flat_map.rs	Entry	clap_builder/src/util/flat_map.rs	OccupiedEntry
clap_builder/src/util/flat_map.rs	Entry	clap_builder/src/util/flat_map.rs	VacantEntry
clap_builder/src/util/flat_map.rs	FlatMap	clap_builder/src/util/flat_map.rs	FlatMap
clap_builder/src/util/flat_map.rs	Iter	clap_builder/src/util/flat_map.rs	Iter
clap_builder/src/util/flat_map.rs	IterMut	clap_builder/src/util/flat_map.rs	IterMut
clap_builder/src/util/flat_map.rs	OccupiedEntry	clap_builder/src/util/flat_map.rs	FlatMap
clap_builder/src/util/flat_map.rs	VacantEntry	clap_builder/src/util/flat_map.rs	FlatMap
clap_builder/src/util/flat_set.rs	FlatSet	clap_builder/src/util/flat_set.rs	FlatSet
clap_builder/src/util/graph.rs	Child	clap_builder/src/util/graph.rs	Child
clap_builder/src/util/graph.rs	ChildGraph	clap_builder/src/util/graph.rs	Child
clap_builder/src/util/graph.rs	ChildGraph	clap_builder/src/util/graph.rs	ChildGraph
clap_builder/src/util/id.rs	Id	clap_builder/src/builder/str.rs	Str
clap_builder/src/util/id.rs	Id	clap_builder/src/util/id.rs	Id
clap_builder/src/util/id.rs	Str	clap_builder/src/builder/str.rs	Str
clap_builder/src/util/id.rs	Str	clap_builder/src/util/id.rs	Id
clap_builder/src/util/id.rs	String	clap_builder/src/util/id.rs	Id
clap_builder/src/util/id.rs	str	clap_builder/src/util/id.rs	Id
clap_complete/examples/completion-derive.rs	Commands	clap_complete/examples/completion-derive.rs	ValueHintOpt
clap_complete/examples/completion-derive.rs	Opt	clap_complete/examples/completion-derive.rs	Commands
clap_complete/examples/completion-derive.rs	Opt	clap_complete/src/aot/shells/shell.rs	Shell
clap_complete/src/aot/shells/bash.rs	Bash	clap_complete/src/aot/generator/mod.rs	Generator
clap_complete/src/aot/shells/bash.rs	Bash	clap_complete/src/aot/shells/bash.rs	Bash
clap_complete/src/aot/shells/elvish.rs	Elvish	clap_complete/src/aot/generator/mod.rs	Generator
clap_complete/src/aot/shells/elvish.rs	Elvish	clap_complete/src/aot/shells/elvish.rs	Elvish
clap_complete/src/aot/shells/fish.rs	Fish	clap_complete/src/aot/generator/mod.rs	Generator
clap_complete/src/aot/shells/fish.rs	Fish	clap_complete/src/aot/shells/fish.rs	Fish
clap_complete/src/aot/shells/powershell.rs	PowerShell	clap_complete/src/aot/generator/mod.rs	Generator
clap_complete/src/aot/shells/powershell.rs	PowerShell	clap_complete/src/aot/shells/powershell.rs	PowerShell
clap_complete/src/aot/shells/shell.rs	Shell	clap_builder/src/derive.rs	ValueEnum
clap_complete/src/aot/shells/shell.rs	Shell	clap_complete/src/aot/generator/mod.rs	Generator
clap_complete/src/aot/shells/shell.rs	Shell	clap_complete/src/aot/shells/shell.rs	Shell
clap_complete/src/aot/shells/zsh.rs	Zsh	clap_complete/src/aot/generator/mod.rs	Generator
clap_complete/src/aot/shells/zsh.rs	Zsh	clap_complete/src/aot/shells/zsh.rs	Zsh
clap_complete_nushell/src/lib.rs	Nushell	clap_complete/src/aot/generator/mod.rs	Generator
clap_complete_nushell/src/lib.rs	Nushell	clap_complete_nushell/src/lib.rs	Nushell
clap_derive/src/attr.rs	AttrKind	clap_derive/src/attr.rs	AttrKind
clap_derive/src/attr.rs	AttrValue	clap_derive/src/attr.rs	AttrValue
clap_derive/src/attr.rs	ClapAttr	clap_derive/src/attr.rs	AttrKind
clap_derive/src/attr.rs	ClapAttr	clap_derive/src/attr.rs	AttrValue
clap_derive/src/attr.rs	ClapAttr	clap_derive/src/attr.rs	ClapAttr
clap_derive/src/attr.rs	ClapAttr	clap_derive/src/attr.rs	MagicAttrName
clap_derive/src/attr.rs	ClapAttr	clap_derive/src/utils/spanned.rs	Sp
clap_derive/src/item.rs	Action	clap_derive/src/item.rs	Action
clap_derive/src/item.rs	Action	clap_derive/src/item.rs	Method
clap_derive/src/item.rs	CasingStyle	clap_derive/src/item.rs	CasingStyle
clap_derive/src/item.rs	Deprecation	clap_derive/src/item.rs	Deprecation
clap_derive/src/item.rs	Item	clap_derive/src/item.rs	Action
clap_derive/src/item.rs	Item	clap_derive/src/item.rs	CasingStyle
clap_derive/src/item.rs	Item	clap_derive/src/item.rs	Deprecation
clap_derive/src/item.rs	Item	clap_derive/src/item.rs	Item
clap_derive/src/item.rs	Item	clap_derive/src/item.rs	Kind
clap_derive/src/item.rs	Item	clap_derive/src/item.rs	Method
clap_derive/src/item.rs	Item	clap_derive/src/item.rs	Name
clap_derive/src/item.rs	Item	clap_derive/src/item.rs	ValueParser
clap_derive/src/item.rs	Item	clap_derive/src/utils/spanned.rs	Sp
clap_derive/src/item.rs	Kind	clap_derive/src/attr.rs	AttrKind
clap_derive/src/item.rs	Kind	clap_derive/src/attr.rs	AttrValue
clap_derive/src/item.rs	Kind	clap_derive/src/item.rs	Kind
clap_derive/src/item.rs	Kind	clap_derive/src/utils/spanned.rs	Sp
clap_derive/src/item.rs	Kind	clap_derive/src/utils/ty.rs	Ty
clap_derive/src/item.rs	Method	clap_derive/src/item.rs	Method
clap_derive/src/item.rs	Name	clap_derive/src/item.rs	Name
clap_derive/src/item.rs	ValueParser	clap_derive/src/item.rs	Method
clap_derive/src/item.rs	ValueParser	clap_derive/src/item.rs	ValueParser
clap_derive/src/utils/error.rs	T	clap_derive/src/utils/error.rs	ToTokensError
clap_derive/src/utils/error.rs	proc_macro2	clap_derive/src/utils/error.rs	SpanError
clap_derive/src/utils/spanned.rs	Sp	clap_derive/src/utils/spanned.rs	Sp
clap_derive/src/utils/ty.rs	Ty	clap_derive/src/utils/ty.rs	Ty
clap_lex/src/ext.rs	OsStr	clap_lex/src/ext.rs	OsStrExt
clap_lex/src/ext.rs	OsStrExt	clap_lex/src/ext.rs	Sealed
clap_lex/src/ext.rs	Split	clap_lex/src/ext.rs	Split
clap_lex/src/ext.rs	std	clap_lex/src/ext.rs	Sealed
clap_lex/src/lib.rs	ArgCursor	clap_lex/src/lib.rs	ArgCursor
clap_lex/src/lib.rs	ParsedArg	clap_lex/src/lib.rs	ParsedArg
clap_lex/src/lib.rs	RawArgs	clap_lex/src/lib.rs	RawArgs
clap_lex/src/lib.rs	ShortFlags	clap_lex/src/lib.rs	ShortFlags
clap_mangen/src/lib.rs	Man	clap_builder/src/builder/command.rs	Command
clap_mangen/src/lib.rs	Man	clap_mangen/src/lib.rs	Man
examples/cargo-example-derive.rs	CargoCli	examples/cargo-example-derive.rs	ExampleDeriveArgs
examples/derive_ref/flatten_hand_args.rs	Cli	examples/derive_ref/flatten_hand_args.rs	CliArgs
examples/derive_ref/flatten_hand_args.rs	CliArgs	clap_builder/src/derive.rs	Args
examples/derive_ref/flatten_hand_args.rs	CliArgs	clap_builder/src/derive.rs	FromArgMatches
examples/derive_ref/flatten_hand_args.rs	CliArgs	examples/derive_ref/flatten_hand_args.rs	CliArgs
examples/derive_ref/hand_subcommand.rs	Cli	examples/derive_ref/hand_subcommand.rs	CliSub
examples/derive_ref/hand_subcommand.rs	CliSub	clap_builder/src/derive.rs	FromArgMatches
examples/derive_ref/hand_subcommand.rs	CliSub	clap_builder/src/derive.rs	Subcommand
examples/derive_ref/hand_subcommand.rs	CliSub	examples/derive_ref/hand_subcommand.rs	AddArgs
examples/derive_ref/hand_subcommand.rs	CliSub	examples/derive_ref/hand_subcommand.rs	CliSub
examples/derive_ref/hand_subcommand.rs	CliSub	examples/derive_ref/hand_subcommand.rs	RemoveArgs
examples/find.rs	Value	examples/find.rs	Value
examples/git-derive.rs	Cli	examples/git-derive.rs	Commands
examples/git-derive.rs	ColorWhen	examples/git-derive.rs	ColorWhen
examples/git-derive.rs	Commands	examples/git-derive.rs	ColorWhen
examples/git-derive.rs	Commands	examples/git-derive.rs	StashArgs
examples/git-derive.rs	StashArgs	examples/git-derive.rs	StashCommands
examples/git-derive.rs	StashArgs	examples/git-derive.rs	StashPushArgs
examples/git-derive.rs	StashCommands	examples/git-derive.rs	StashPushArgs
examples/repl-derive.rs	Cli	examples/repl-derive.rs	Commands
examples/tutorial_builder/04_01_enum.rs	Mode	clap_builder/src/derive.rs	ValueEnum
examples/tutorial_builder/04_01_enum.rs	Mode	examples/tutorial_builder/04_01_enum.rs	Mode
examples/tutorial_derive/01_quick.rs	Cli	examples/tutorial_derive/01_quick.rs	Commands
examples/tutorial_derive/03_04_subcommands.rs	Cli	examples/tutorial_derive/03_04_subcommands.rs	Commands
examples/tutorial_derive/03_04_subcommands_alt.rs	Cli	examples/tutorial_derive/03_04_subcommands_alt.rs	Commands
examples/tutorial_derive/03_04_subcommands_alt.rs	Commands	examples/tutorial_derive/03_04_subcommands_alt.rs	AddArgs
examples/tutorial_derive/04_01_enum.rs	Cli	examples/tutorial_derive/04_01_enum.rs	Mode
examples/tutorial_derive/04_03_relations.rs	Cli	examples/tutorial_derive/04_03_relations.rs	Vers
examples/typed-derive/builtin.rs	BuiltInParsers	examples/typed-derive/foreign_crate.rs	LogLevel
examples/typed-derive/custom.rs	CustomParser	examples/typed-derive/custom.rs	TargetVersion
examples/typed-derive/custom.rs	Parser	examples/typed-derive/custom.rs	TargetVersionParser
examples/typed-derive/custom.rs	TargetVersion	clap_builder/src/builder/value_parser.rs	ValueParserFactory
examples/typed-derive/custom.rs	TargetVersion	examples/typed-derive/custom.rs	TargetVersion
examples/typed-derive/custom.rs	TargetVersion	examples/typed-derive/implicit.rs	BumpLevel
examples/typed-derive/custom.rs	TargetVersionParser	clap_builder/src/builder/value_parser.rs	TypedValueParser
examples/typed-derive/custom.rs	TargetVersionParser	examples/typed-derive/custom.rs	TargetVersionParser
examples/typed-derive/custom.rs	Value	examples/typed-derive/custom.rs	TargetVersion
examples/typed-derive/foreign_crate.rs	LogLevel	examples/typed-derive/foreign_crate.rs	LogLevel
examples/typed-derive/implicit.rs	BumpLevel	examples/typed-derive/implicit.rs	BumpLevel
examples/typed-derive/implicit.rs	ImplicitParsers	examples/typed-derive/implicit.rs	BumpLevel
examples/typed-derive/main.rs	Cli	examples/typed-derive/builtin.rs	BuiltInParsers
examples/typed-derive/main.rs	Cli	examples/typed-derive/custom.rs	CustomParser
examples/typed-derive/main.rs	Cli	examples/typed-derive/fn_parser.rs	FnParser
examples/typed-derive/main.rs	Cli	examples/typed-derive/implicit.rs	ImplicitParsers
